2026-09-10T21:07:10: PM2 log: App [alkarrar-app:0] starting in -fork mode-
2026-09-10T21:07:10: PM2 log: App [alkarrar-app:0] online
2026-09-12T08:50:39: PM2 log: Stopping app:alkarrar-app id:0
2026-09-12T08:50:39: PM2 log: pid=70487 msg=failed to kill - retrying in 100ms
2026-09-12T08:50:39: PM2 log: pid=70487 msg=failed to kill - retrying in 100ms
2026-09-12T08:50:39: PM2 log: App [alkarrar-app:0] exited with code [0] via signal [SIGINT]
2026-09-12T08:50:39: PM2 log: pid=70487 msg=process tree killed (4 pids)
2026-09-12T08:50:39: PM2 log: App [alkarrar-app:0] starting in -fork mode-
2026-09-12T08:50:39: PM2 log: App [alkarrar-app:0] online
2026-09-12T09:51:06: PM2 log: Stopping app:alkarrar-app id:0
2026-09-12T09:51:06: PM2 log: App [alkarrar-app:0] exited with code [0] via signal [SIGINT]
2026-09-12T09:51:06: PM2 log: pid=88731 msg=process tree killed (4 pids)
2026-09-12T09:51:20: PM2 log: App [alkarrar-app:0] starting in -fork mode-
2026-09-12T09:51:20: PM2 log: App [alkarrar-app:0] online
2026-09-12T09:51:20: PM2 log: App [alkarrar-app:0] exited with code [1] via signal [SIGINT]
2026-09-12T09:51:20: PM2 log: App [alkarrar-app:0] starting in -fork mode-
2026-09-12T09:51:20: PM2 log: App [alkarrar-app:0] online
2026-09-12T09:51:20: PM2 log: App [alkarrar-app:0] exited with code [1] via signal [SIGINT]
2026-09-12T09:51:20: PM2 log: App [alkarrar-app:0] starting in -fork mode-
2026-09-12T09:51:20: PM2 log: App [alkarrar-app:0] online
2026-09-12T09:51:20: PM2 log: App [alkarrar-app:0] exited with code [1] via signal [SIGINT]
2026-09-12T09:51:20: PM2 log: App [alkarrar-app:0] starting in -fork mode-
2026-09-12T09:51:20: PM2 log: App [alkarrar-app:0] online
2026-09-12T09:51:20: PM2 log: App [alkarrar-app:0] exited with code [1] via signal [SIGINT]
2026-09-12T09:51:20: PM2 log: App [alkarrar-app:0] starting in -fork mode-
2026-09-12T09:51:20: PM2 log: App [alkarrar-app:0] online
2026-09-12T09:51:20: PM2 log: App [alkarrar-app:0] exited with code [1] via signal [SIGINT]
2026-09-12T09:51:20: PM2 log: App [alkarrar-app:0] starting in -fork mode-
2026-09-12T09:51:20: PM2 log: App [alkarrar-app:0] online
2026-09-12T09:51:21: PM2 log: App [alkarrar-app:0] exited with code [1] via signal [SIGINT]
2026-09-12T09:51:21: PM2 log: App [alkarrar-app:0] starting in -fork mode-
2026-09-12T09:51:21: PM2 log: App [alkarrar-app:0] online
2026-09-12T09:51:21: PM2 log: App [alkarrar-app:0] exited with code [1] via signal [SIGINT]
2026-09-12T09:51:21: PM2 log: App [alkarrar-app:0] starting in -fork mode-
2026-09-12T09:51:21: PM2 log: App [alkarrar-app:0] online
2026-09-12T09:51:21: PM2 log: App [alkarrar-app:0] exited with code [1] via signal [SIGINT]
2026-09-12T09:51:21: PM2 log: App [alkarrar-app:0] starting in -fork mode-
2026-09-12T09:51:21: PM2 log: App [alkarrar-app:0] online
2026-09-12T09:51:21: PM2 log: App [alkarrar-app:0] exited with code [1] via signal [SIGINT]
2026-09-12T09:51:21: PM2 log: App [alkarrar-app:0] starting in -fork mode-
2026-09-12T09:51:21: PM2 log: App [alkarrar-app:0] online
2026-09-12T09:51:21: PM2 log: App [alkarrar-app:0] exited with code [1] via signal [SIGINT]
2026-09-12T09:51:21: PM2 log: App [alkarrar-app:0] starting in -fork mode-
2026-09-12T09:51:21: PM2 log: App [alkarrar-app:0] online
2026-09-12T09:51:21: PM2 log: App [alkarrar-app:0] exited with code [1] via signal [SIGINT]
2026-09-12T09:51:21: PM2 log: App [alkarrar-app:0] starting in -fork mode-
2026-09-12T09:51:21: PM2 log: App [alkarrar-app:0] online
2026-09-12T09:51:21: PM2 log: App [alkarrar-app:0] exited with code [1] via signal [SIGINT]
2026-09-12T09:51:21: PM2 log: App [alkarrar-app:0] starting in -fork mode-
2026-09-12T09:51:21: PM2 log: App [alkarrar-app:0] online
2026-09-12T09:51:21: PM2 log: App [alkarrar-app:0] exited with code [1] via signal [SIGINT]
2026-09-12T09:51:21: PM2 log: App [alkarrar-app:0] starting in -fork mode-
2026-09-12T09:51:21: PM2 log: App [alkarrar-app:0] online
2026-09-12T09:51:21: PM2 log: App [alkarrar-app:0] exited with code [1] via signal [SIGINT]
2026-09-12T09:51:21: PM2 log: App [alkarrar-app:0] starting in -fork mode-
2026-09-12T09:51:21: PM2 log: App [alkarrar-app:0] online
2026-09-12T09:51:21: PM2 log: App [alkarrar-app:0] exited with code [1] via signal [SIGINT]
2026-09-12T09:51:21: PM2 log: App [alkarrar-app:0] starting in -fork mode-
2026-09-12T09:51:21: PM2 log: App [alkarrar-app:0] online
2026-09-12T09:51:21: PM2 log: App [alkarrar-app:0] exited with code [1] via signal [SIGINT]
2026-09-12T09:51:21: PM2 log: Script /root/server.js had too many unstable restarts (16). Stopped. "errored"
2026-09-12T10:01:47: PM2 log: App [alkarrar-app:0] starting in -fork mode-
2026-09-12T10:01:47: PM2 log: App [alkarrar-app:0] online
2026-09-12T10:01:47: PM2 log: App [alkarrar-app:0] exited with code [1] via signal [SIGINT]
2026-09-12T10:01:47: PM2 log: App [alkarrar-app:0] starting in -fork mode-
2026-09-12T10:01:47: PM2 log: App [alkarrar-app:0] online
2026-09-12T10:01:47: PM2 log: App [alkarrar-app:0] exited with code [1] via signal [SIGINT]
2026-09-12T10:01:47: PM2 log: App [alkarrar-app:0] starting in -fork mode-
2026-09-12T10:01:47: PM2 log: App [alkarrar-app:0] online
2026-09-12T10:01:47: PM2 log: App [alkarrar-app:0] exited with code [1] via signal [SIGINT]
2026-09-12T10:01:47: PM2 log: App [alkarrar-app:0] starting in -fork mode-
2026-09-12T10:01:47: PM2 log: App [alkarrar-app:0] online
2026-09-12T10:01:47: PM2 log: App [alkarrar-app:0] exited with code [1] via signal [SIGINT]
2026-09-12T10:01:47: PM2 log: App [alkarrar-app:0] starting in -fork mode-
2026-09-12T10:01:47: PM2 log: App [alkarrar-app:0] online
2026-09-12T10:01:47: PM2 log: App [alkarrar-app:0] exited with code [1] via signal [SIGINT]
2026-09-12T10:01:47: PM2 log: App [alkarrar-app:0] starting in -fork mode-
2026-09-12T10:01:47: PM2 log: App [alkarrar-app:0] online
2026-09-12T10:01:47: PM2 log: App [alkarrar-app:0] exited with code [1] via signal [SIGINT]
2026-09-12T10:01:47: PM2 log: App [alkarrar-app:0] starting in -fork mode-
2026-09-12T10:01:47: PM2 log: App [alkarrar-app:0] online
2026-09-12T10:01:47: PM2 log: App [alkarrar-app:0] exited with code [1] via signal [SIGINT]
2026-09-12T10:01:47: PM2 log: App [alkarrar-app:0] starting in -fork mode-
2026-09-12T10:01:47: PM2 log: App [alkarrar-app:0] online
2026-09-12T10:01:48: PM2 log: App [alkarrar-app:0] exited with code [1] via signal [SIGINT]
2026-09-12T10:01:48: PM2 log: App [alkarrar-app:0] starting in -fork mode-
2026-09-12T10:01:48: PM2 log: App [alkarrar-app:0] online
2026-09-12T10:01:48: PM2 log: App [alkarrar-app:0] exited with code [1] via signal [SIGINT]
2026-09-12T10:01:48: PM2 log: App [alkarrar-app:0] starting in -fork mode-
2026-09-12T10:01:48: PM2 log: App [alkarrar-app:0] online
2026-09-12T10:01:48: PM2 log: App [alkarrar-app:0] exited with code [1] via signal [SIGINT]
2026-09-12T10:01:48: PM2 log: App [alkarrar-app:0] starting in -fork mode-
2026-09-12T10:01:48: PM2 log: App [alkarrar-app:0] online
2026-09-12T10:01:48: PM2 log: App [alkarrar-app:0] exited with code [1] via signal [SIGINT]
2026-09-12T10:01:48: PM2 log: App [alkarrar-app:0] starting in -fork mode-
2026-09-12T10:01:48: PM2 log: App [alkarrar-app:0] online
2026-09-12T10:01:48: PM2 log: App [alkarrar-app:0] exited with code [1] via signal [SIGINT]
2026-09-12T10:01:48: PM2 log: App [alkarrar-app:0] starting in -fork mode-
2026-09-12T10:01:48: PM2 log: App [alkarrar-app:0] online
2026-09-12T10:01:48: PM2 log: App [alkarrar-app:0] exited with code [1] via signal [SIGINT]
2026-09-12T10:01:48: PM2 log: App [alkarrar-app:0] starting in -fork mode-
2026-09-12T10:01:48: PM2 log: App [alkarrar-app:0] online
2026-09-12T10:01:48: PM2 log: App [alkarrar-app:0] exited with code [1] via signal [SIGINT]
2026-09-12T10:01:48: PM2 log: App [alkarrar-app:0] starting in -fork mode-
2026-09-12T10:01:48: PM2 log: App [alkarrar-app:0] online
2026-09-12T10:01:48: PM2 log: App [alkarrar-app:0] exited with code [1] via signal [SIGINT]
2026-09-12T10:01:48: PM2 log: App [alkarrar-app:0] starting in -fork mode-
2026-09-12T10:01:48: PM2 log: App [alkarrar-app:0] online
2026-09-12T10:01:48: PM2 log: App [alkarrar-app:0] exited with code [1] via signal [SIGINT]
2026-09-12T10:01:48: PM2 log: Script /root/server.js had too many unstable restarts (16). Stopped. "errored"
2026-09-12T10:12:35: PM2 log: App [api-server:1] starting in -fork mode-
2026-09-12T10:12:35: PM2 log: App [api-server:1] online
2026-09-12T10:12:35: PM2 log: App [api-server:1] exited with code [1] via signal [SIGINT]
2026-09-12T10:12:35: PM2 log: App [api-server:1] starting in -fork mode-
2026-09-12T10:12:35: PM2 log: App [api-server:1] online
2026-09-12T10:12:35: PM2 log: App [api-server:1] exited with code [1] via signal [SIGINT]
2026-09-12T10:12:35: PM2 log: App [api-server:1] starting in -fork mode-
2026-09-12T10:12:35: PM2 log: App [api-server:1] online
2026-09-12T10:12:35: PM2 log: App [api-server:1] exited with code [1] via signal [SIGINT]
2026-09-12T10:12:35: PM2 log: App [api-server:1] starting in -fork mode-
2026-09-12T10:12:35: PM2 log: App [api-server:1] online
2026-09-12T10:12:35: PM2 log: App [api-server:1] exited with code [1] via signal [SIGINT]
2026-09-12T10:12:35: PM2 log: App [api-server:1] starting in -fork mode-
2026-09-12T10:12:35: PM2 log: App [api-server:1] online
2026-09-12T10:12:35: PM2 log: App [api-server:1] exited with code [1] via signal [SIGINT]
2026-09-12T10:12:35: PM2 log: App [api-server:1] starting in -fork mode-
2026-09-12T10:12:35: PM2 log: App [api-server:1] online
2026-09-12T10:12:35: PM2 log: App [api-server:1] exited with code [1] via signal [SIGINT]
2026-09-12T10:12:35: PM2 log: App [api-server:1] starting in -fork mode-
2026-09-12T10:12:35: PM2 log: App [api-server:1] online
2026-09-12T10:12:35: PM2 log: App [api-server:1] exited with code [1] via signal [SIGINT]
2026-09-12T10:12:35: PM2 log: App [api-server:1] starting in -fork mode-
2026-09-12T10:12:35: PM2 log: App [api-server:1] online
2026-09-12T10:12:35: PM2 log: App [api-server:1] exited with code [1] via signal [SIGINT]
2026-09-12T10:12:35: PM2 log: App [api-server:1] starting in -fork mode-
2026-09-12T10:12:35: PM2 log: App [api-server:1] online
2026-09-12T10:12:35: PM2 log: App [api-server:1] exited with code [1] via signal [SIGINT]
2026-09-12T10:12:35: PM2 log: App [api-server:1] starting in -fork mode-
2026-09-12T10:12:35: PM2 log: App [api-server:1] online
2026-09-12T10:12:35: PM2 log: App [api-server:1] exited with code [1] via signal [SIGINT]
2026-09-12T10:12:35: PM2 log: App [api-server:1] starting in -fork mode-
2026-09-12T10:12:35: PM2 log: App [api-server:1] online
2026-09-12T10:12:35: PM2 log: App [api-server:1] exited with code [1] via signal [SIGINT]
2026-09-12T10:12:35: PM2 log: App [api-server:1] starting in -fork mode-
2026-09-12T10:12:35: PM2 log: App [api-server:1] online
2026-09-12T10:12:36: PM2 log: App [api-server:1] exited with code [1] via signal [SIGINT]
2026-09-12T10:12:36: PM2 log: App [api-server:1] starting in -fork mode-
2026-09-12T10:12:36: PM2 log: App [api-server:1] online
2026-09-12T10:12:36: PM2 log: App [api-server:1] exited with code [1] via signal [SIGINT]
2026-09-12T10:12:36: PM2 log: App [api-server:1] starting in -fork mode-
2026-09-12T10:12:36: PM2 log: App [api-server:1] online
2026-09-12T10:12:36: PM2 log: App [api-server:1] exited with code [1] via signal [SIGINT]
2026-09-12T10:12:36: PM2 log: App [api-server:1] starting in -fork mode-
2026-09-12T10:12:36: PM2 log: App [api-server:1] online
2026-09-12T10:12:36: PM2 log: App [api-server:1] exited with code [1] via signal [SIGINT]
2026-09-12T10:12:36: PM2 log: App [api-server:1] starting in -fork mode-
2026-09-12T10:12:36: PM2 log: App [api-server:1] online
2026-09-12T10:12:36: PM2 log: App [api-server:1] exited with code [1] via signal [SIGINT]
2026-09-12T10:12:36: PM2 log: Script /root/server.js had too many unstable restarts (16). Stopped. "errored"
2026-09-12T10:16:59: PM2 log: Stopping app:alkarrar-app id:0
2026-09-12T10:16:59: PM2 error: app=alkarrar-app id=0 does not have a pid
2026-09-12T10:16:59: PM2 log: Stopping app:api-server id:1
2026-09-12T10:16:59: PM2 error: app=api-server id=1 does not have a pid
2026-09-12T10:16:59: PM2 log: App [api-server:0] starting in -fork mode-
2026-09-12T10:16:59: PM2 log: App [api-server:0] online
2026-09-12T10:28:52: PM2 log: App [alkarrar-app:1] starting in -fork mode-
2026-09-12T10:28:52: PM2 log: App [alkarrar-app:1] online
2026-09-12T10:34:39: PM2 log: Stopping app:alkarrar-app id:1
2026-09-12T10:34:39: PM2 log: App [alkarrar-app:1] exited with code [0] via signal [SIGINT]
2026-09-12T10:34:39: PM2 log: pid=91230 msg=process tree killed (1 pids)
2026-09-12T10:34:58: PM2 log: App [alkarrar-app:2] starting in -fork mode-
2026-09-12T10:34:58: PM2 log: App [alkarrar-app:2] online
2026-09-12T10:50:07: PM2 log: Stopping app:api-server id:0
2026-09-12T10:50:07: PM2 log: Stopping app:alkarrar-app id:2
2026-09-12T10:50:07: PM2 log: App [api-server:0] exited with code [0] via signal [SIGINT]
2026-09-12T10:50:07: PM2 log: App [alkarrar-app:2] exited with code [0] via signal [SIGINT]
2026-09-12T10:50:07: PM2 log: pid=90911 msg=process tree killed (1 pids)
2026-09-12T10:50:07: PM2 log: pid=91461 msg=process tree killed (1 pids)
2026-09-12T10:50:19: PM2 log: App [alkarrar-app:0] starting in -fork mode-
2026-09-12T10:50:19: PM2 log: App [alkarrar-app:0] online
2026-09-12T10:56:18: PM2 log: Stopping app:alkarrar-app id:0
2026-09-12T10:56:18: PM2 log: App [alkarrar-app:0] exited with code [0] via signal [SIGINT]
2026-09-12T10:56:18: PM2 log: pid=91811 msg=process tree killed (1 pids)
2026-09-12T10:56:19: PM2 log: App [alkarrar-app:0] starting in -fork mode-
2026-09-12T10:56:19: PM2 log: App [alkarrar-app:0] online
2026-09-12T10:58:48: PM2 log: Stopping app:alkarrar-app id:0
2026-09-12T10:58:48: PM2 log: App [alkarrar-app:0] exited with code [0] via signal [SIGINT]
2026-09-12T10:58:48: PM2 log: pid=91977 msg=process tree killed (1 pids)
2026-09-12T10:58:49: PM2 log: App [alkarrar-app:0] starting in -fork mode-
2026-09-12T10:58:49: PM2 log: App [alkarrar-app:0] online
2026-09-12T11:17:54: PM2 log: Stopping app:alkarrar-app id:0
2026-09-12T11:17:54: PM2 log: App [alkarrar-app:0] exited with code [0] via signal [SIGINT]
2026-09-12T11:17:54: PM2 log: pid=92048 msg=process tree killed (1 pids)
2026-09-12T11:17:54: PM2 log: App [alkarrar-app:0] starting in -fork mode-
2026-09-12T11:17:54: PM2 log: App [alkarrar-app:0] online
2026-09-12T11:51:49: PM2 log: Stopping app:alkarrar-app id:0
2026-09-12T11:51:49: PM2 log: App [alkarrar-app:0] exited with code [0] via signal [SIGINT]
2026-09-12T11:51:49: PM2 log: pid=92509 msg=process tree killed (1 pids)
2026-09-12T11:51:49: PM2 log: App [alkarrar-app:0] starting in -fork mode-
2026-09-12T11:51:49: PM2 log: App [alkarrar-app:0] online
2026-09-12T12:02:47: PM2 log: Stopping app:alkarrar-app id:0
2026-09-12T12:02:47: PM2 log: App [alkarrar-app:0] exited with code [0] via signal [SIGINT]
2026-09-12T12:02:47: PM2 log: pid=93129 msg=process tree killed (1 pids)
2026-09-12T12:02:47: PM2 log: App [alkarrar-app:0] starting in -fork mode-
2026-09-12T12:02:47: PM2 log: App [alkarrar-app:0] online
2026-09-12T12:15:13: PM2 log: Stopping app:alkarrar-app id:0
2026-09-12T12:15:13: PM2 log: App [alkarrar-app:0] exited with code [0] via signal [SIGINT]
2026-09-12T12:15:14: PM2 log: pid=93291 msg=process tree killed (1 pids)
2026-09-12T12:15:14: PM2 log: App [alkarrar-app:0] starting in -fork mode-
2026-09-12T12:15:14: PM2 log: App [alkarrar-app:0] online
2026-09-12T12:18:42: PM2 log: Stopping app:alkarrar-app id:0
2026-09-12T12:18:42: PM2 log: App [alkarrar-app:0] exited with code [0] via signal [SIGINT]
2026-09-12T12:18:42: PM2 log: pid=93561 msg=process tree killed (1 pids)
2026-09-12T12:18:42: PM2 log: App [alkarrar-app:0] starting in -fork mode-
2026-09-12T12:18:42: PM2 log: App [alkarrar-app:0] online
2026-09-12T12:26:04: PM2 log: Stopping app:alkarrar-app id:0
2026-09-12T12:26:04: PM2 log: App [alkarrar-app:0] exited with code [0] via signal [SIGINT]
2026-09-12T12:26:04: PM2 log: pid=93701 msg=process tree killed (1 pids)
2026-09-12T12:30:26: PM2 log: App [alkarrar-app:0] starting in -fork mode-
2026-09-12T12:30:26: PM2 log: App [alkarrar-app:0] online
2026-09-12T13:14:52: PM2 log: Stopping app:alkarrar-app id:0
2026-09-12T13:14:52: PM2 log: App [alkarrar-app:0] exited with code [0] via signal [SIGINT]
2026-09-12T13:14:52: PM2 log: pid=94018 msg=process tree killed (4 pids)
2026-09-12T13:14:52: PM2 log: App [alkarrar-app:0] starting in -fork mode-
2026-09-12T13:14:52: PM2 log: App [alkarrar-app:0] online
2026-09-12T13:17:02: PM2 log: Stopping app:alkarrar-app id:0
2026-09-12T13:17:02: PM2 log: App [alkarrar-app:0] exited with code [0] via signal [SIGINT]
2026-09-12T13:17:02: PM2 log: pid=94801 msg=process tree killed (3 pids)
2026-09-12T13:17:02: PM2 log: App [alkarrar-app:0] starting in -fork mode-
2026-09-12T13:17:02: PM2 log: App [alkarrar-app:0] online
2026-09-12T13:18:34: PM2 log: Stopping app:alkarrar-app id:0
2026-09-12T13:18:34: PM2 log: App [alkarrar-app:0] exited with code [0] via signal [SIGINT]
2026-09-12T13:18:34: PM2 log: pid=94859 msg=process tree killed (3 pids)
2026-09-12T13:18:34: PM2 log: App [alkarrar-app:0] starting in -fork mode-
2026-09-12T13:18:34: PM2 log: App [alkarrar-app:0] online
2026-09-13T08:55:16: PM2 log: Stopping app:alkarrar-app id:0
2026-09-13T08:55:16: PM2 log: pid=94927 msg=failed to kill - retrying in 100ms
2026-09-13T08:55:16: PM2 log: pid=94927 msg=failed to kill - retrying in 100ms
2026-09-13T08:55:16: PM2 log: App [alkarrar-app:0] exited with code [0] via signal [SIGINT]
2026-09-13T08:55:16: PM2 log: pid=94927 msg=process tree killed (3 pids)
2026-09-13T08:55:16: PM2 log: App [alkarrar-app:0] starting in -fork mode-
2026-09-13T08:55:16: PM2 log: App [alkarrar-app:0] online
2026-09-13T08:56:29: PM2 log: Stopping app:alkarrar-app id:0
2026-09-13T08:56:29: PM2 log: App [alkarrar-app:0] exited with code [0] via signal [SIGINT]
2026-09-13T08:56:29: PM2 log: pid=104155 msg=process tree killed (3 pids)
2026-09-13T08:56:29: PM2 log: App [alkarrar-app:0] starting in -fork mode-
2026-09-13T08:56:29: PM2 log: App [alkarrar-app:0] online
2026-09-13T08:57:48: PM2 log: Stopping app:alkarrar-app id:0
2026-09-13T08:57:48: PM2 log: App [alkarrar-app:0] exited with code [0] via signal [SIGINT]
2026-09-13T08:57:48: PM2 log: pid=104212 msg=process tree killed (3 pids)
2026-09-13T08:57:48: PM2 log: App [alkarrar-app:0] starting in -fork mode-
2026-09-13T08:57:48: PM2 log: App [alkarrar-app:0] online
2026-09-13T08:59:32: PM2 log: Stopping app:alkarrar-app id:0
2026-09-13T08:59:32: PM2 log: App [alkarrar-app:0] exited with code [0] via signal [SIGINT]
2026-09-13T08:59:32: PM2 log: pid=104268 msg=process tree killed (3 pids)
2026-09-13T08:59:32: PM2 log: App [alkarrar-app:0] starting in -fork mode-
2026-09-13T08:59:32: PM2 log: App [alkarrar-app:0] online
2026-09-13T09:00:36: PM2 log: Stopping app:alkarrar-app id:0
2026-09-13T09:00:36: PM2 log: App [alkarrar-app:0] exited with code [0] via signal [SIGINT]
2026-09-13T09:00:37: PM2 log: pid=104335 msg=process tree killed (3 pids)
2026-09-13T09:00:37: PM2 log: App [alkarrar-app:0] starting in -fork mode-
2026-09-13T09:00:37: PM2 log: App [alkarrar-app:0] online
2026-09-13T09:16:53: PM2 log: Stopping app:alkarrar-app id:0
2026-09-13T09:16:53: PM2 log: App [alkarrar-app:0] exited with code [0] via signal [SIGINT]
2026-09-13T09:16:53: PM2 log: pid=104399 msg=process tree killed (4 pids)
2026-09-13T09:16:53: PM2 log: App [alkarrar-app:0] starting in -fork mode-
2026-09-13T09:16:53: PM2 log: App [alkarrar-app:0] online
2026-09-13T10:43:34: PM2 log: Stopping app:alkarrar-app id:0
2026-09-13T10:43:34: PM2 log: pid=104702 msg=failed to kill - retrying in 100ms
2026-09-13T10:43:35: PM2 log: pid=104702 msg=failed to kill - retrying in 100ms
2026-09-13T10:43:35: PM2 log: App [alkarrar-app:0] exited with code [0] via signal [SIGINT]
2026-09-13T10:43:35: PM2 log: pid=104702 msg=process tree killed (3 pids)
2026-09-13T10:43:35: PM2 log: App [alkarrar-app:0] starting in -fork mode-
2026-09-13T10:43:35: PM2 log: App [alkarrar-app:0] online
2026-09-13T10:59:08: PM2 log: Stopping app:alkarrar-app id:0
2026-09-13T10:59:08: PM2 log: App [alkarrar-app:0] exited with code [0] via signal [SIGINT]
2026-09-13T10:59:09: PM2 log: pid=105616 msg=process tree killed (3 pids)
2026-09-13T10:59:09: PM2 log: App [alkarrar-app:0] starting in -fork mode-
2026-09-13T10:59:09: PM2 log: App [alkarrar-app:0] online
2026-09-13T11:13:16: PM2 log: Stopping app:alkarrar-app id:0
2026-09-13T11:13:16: PM2 log: App [alkarrar-app:0] exited with code [0] via signal [SIGINT]
2026-09-13T11:13:16: PM2 log: pid=105860 msg=process tree killed (3 pids)
2026-09-13T11:13:16: PM2 log: App [alkarrar-app:0] starting in -fork mode-
2026-09-13T11:13:16: PM2 log: App [alkarrar-app:0] online
2026-09-13T11:13:19: PM2 log: App [alkarrar-app:0] exited with code [1] via signal [SIGINT]
2026-09-13T11:13:19: PM2 log: App [alkarrar-app:0] starting in -fork mode-
2026-09-13T11:13:19: PM2 log: App [alkarrar-app:0] online
2026-09-13T11:13:21: PM2 log: App [alkarrar-app:0] exited with code [1] via signal [SIGINT]
2026-09-13T11:13:21: PM2 log: App [alkarrar-app:0] starting in -fork mode-
2026-09-13T11:13:21: PM2 log: App [alkarrar-app:0] online
2026-09-13T11:13:23: PM2 log: App [alkarrar-app:0] exited with code [1] via signal [SIGINT]
2026-09-13T11:13:23: PM2 log: App [alkarrar-app:0] starting in -fork mode-
2026-09-13T11:13:23: PM2 log: App [alkarrar-app:0] online
2026-09-13T11:13:24: PM2 log: App [alkarrar-app:0] exited with code [1] via signal [SIGINT]
2026-09-13T11:13:24: PM2 log: App [alkarrar-app:0] starting in -fork mode-
2026-09-13T11:13:24: PM2 log: App [alkarrar-app:0] online
2026-09-13T11:13:26: PM2 log: App [alkarrar-app:0] exited with code [1] via signal [SIGINT]
2026-09-13T11:13:26: PM2 log: App [alkarrar-app:0] starting in -fork mode-
2026-09-13T11:13:26: PM2 log: App [alkarrar-app:0] online
2026-09-13T11:13:28: PM2 log: App [alkarrar-app:0] exited with code [1] via signal [SIGINT]
2026-09-13T11:13:28: PM2 log: App [alkarrar-app:0] starting in -fork mode-
2026-09-13T11:13:28: PM2 log: App [alkarrar-app:0] online
2026-09-13T11:13:30: PM2 log: App [alkarrar-app:0] exited with code [1] via signal [SIGINT]
2026-09-13T11:13:30: PM2 log: App [alkarrar-app:0] starting in -fork mode-
2026-09-13T11:13:30: PM2 log: App [alkarrar-app:0] online
2026-09-13T11:13:31: PM2 log: App [alkarrar-app:0] exited with code [1] via signal [SIGINT]
2026-09-13T11:13:31: PM2 log: App [alkarrar-app:0] starting in -fork mode-
2026-09-13T11:13:31: PM2 log: App [alkarrar-app:0] online
2026-09-13T11:13:33: PM2 log: App [alkarrar-app:0] exited with code [1] via signal [SIGINT]
2026-09-13T11:13:33: PM2 log: App [alkarrar-app:0] starting in -fork mode-
2026-09-13T11:13:33: PM2 log: App [alkarrar-app:0] online
2026-09-13T11:13:35: PM2 log: App [alkarrar-app:0] exited with code [1] via signal [SIGINT]
2026-09-13T11:13:35: PM2 log: App [alkarrar-app:0] starting in -fork mode-
2026-09-13T11:13:35: PM2 log: App [alkarrar-app:0] online
2026-09-13T11:13:37: PM2 log: App [alkarrar-app:0] exited with code [1] via signal [SIGINT]
2026-09-13T11:13:37: PM2 log: App [alkarrar-app:0] starting in -fork mode-
2026-09-13T11:13:37: PM2 log: App [alkarrar-app:0] online
2026-09-13T11:13:39: PM2 log: App [alkarrar-app:0] exited with code [1] via signal [SIGINT]
2026-09-13T11:13:39: PM2 log: App [alkarrar-app:0] starting in -fork mode-
2026-09-13T11:13:39: PM2 log: App [alkarrar-app:0] online
2026-09-13T11:13:41: PM2 log: App [alkarrar-app:0] exited with code [1] via signal [SIGINT]
2026-09-13T11:13:41: PM2 log: App [alkarrar-app:0] starting in -fork mode-
2026-09-13T11:13:41: PM2 log: App [alkarrar-app:0] online
2026-09-13T11:13:42: PM2 log: App [alkarrar-app:0] exited with code [1] via signal [SIGINT]
2026-09-13T11:13:42: PM2 log: App [alkarrar-app:0] starting in -fork mode-
2026-09-13T11:13:42: PM2 log: App [alkarrar-app:0] online
2026-09-13T11:13:44: PM2 log: App [alkarrar-app:0] exited with code [1] via signal [SIGINT]
2026-09-13T11:13:44: PM2 log: App [alkarrar-app:0] starting in -fork mode-
2026-09-13T11:13:44: PM2 log: App [alkarrar-app:0] online
2026-09-13T11:13:46: PM2 log: App [alkarrar-app:0] exited with code [1] via signal [SIGINT]
2026-09-13T11:13:46: PM2 log: App [alkarrar-app:0] starting in -fork mode-
2026-09-13T11:13:46: PM2 log: App [alkarrar-app:0] online
2026-09-13T11:13:47: PM2 log: App [alkarrar-app:0] exited with code [1] via signal [SIGINT]
2026-09-13T11:13:47: PM2 log: App [alkarrar-app:0] starting in -fork mode-
2026-09-13T11:13:47: PM2 log: App [alkarrar-app:0] online
2026-09-13T11:13:49: PM2 log: App [alkarrar-app:0] exited with code [1] via signal [SIGINT]
2026-09-13T11:13:49: PM2 log: App [alkarrar-app:0] starting in -fork mode-
2026-09-13T11:13:49: PM2 log: App [alkarrar-app:0] online
2026-09-13T11:13:51: PM2 log: App [alkarrar-app:0] exited with code [1] via signal [SIGINT]
2026-09-13T11:13:51: PM2 log: App [alkarrar-app:0] starting in -fork mode-
2026-09-13T11:13:51: PM2 log: App [alkarrar-app:0] online
2026-09-13T11:13:53: PM2 log: App [alkarrar-app:0] exited with code [1] via signal [SIGINT]
2026-09-13T11:13:53: PM2 log: App [alkarrar-app:0] starting in -fork mode-
2026-09-13T11:13:53: PM2 log: App [alkarrar-app:0] online
2026-09-13T11:13:55: PM2 log: App [alkarrar-app:0] exited with code [1] via signal [SIGINT]
2026-09-13T11:13:55: PM2 log: App [alkarrar-app:0] starting in -fork mode-
2026-09-13T11:13:55: PM2 log: App [alkarrar-app:0] online
2026-09-13T11:13:56: PM2 log: App [alkarrar-app:0] exited with code [1] via signal [SIGINT]
2026-09-13T11:13:56: PM2 log: App [alkarrar-app:0] starting in -fork mode-
2026-09-13T11:13:56: PM2 log: App [alkarrar-app:0] online
2026-09-13T11:13:58: PM2 log: App [alkarrar-app:0] exited with code [1] via signal [SIGINT]
2026-09-13T11:13:58: PM2 log: App [alkarrar-app:0] starting in -fork mode-
2026-09-13T11:13:58: PM2 log: App [alkarrar-app:0] online
2026-09-13T11:14:00: PM2 log: App [alkarrar-app:0] exited with code [1] via signal [SIGINT]
2026-09-13T11:14:00: PM2 log: App [alkarrar-app:0] starting in -fork mode-
2026-09-13T11:14:00: PM2 log: App [alkarrar-app:0] online
2026-09-13T11:14:02: PM2 log: App [alkarrar-app:0] exited with code [1] via signal [SIGINT]
2026-09-13T11:14:02: PM2 log: App [alkarrar-app:0] starting in -fork mode-
2026-09-13T11:14:02: PM2 log: App [alkarrar-app:0] online
2026-09-13T11:14:04: PM2 log: App [alkarrar-app:0] exited with code [1] via signal [SIGINT]
2026-09-13T11:14:04: PM2 log: App [alkarrar-app:0] starting in -fork mode-
2026-09-13T11:14:04: PM2 log: App [alkarrar-app:0] online
2026-09-13T11:14:06: PM2 log: App [alkarrar-app:0] exited with code [1] via signal [SIGINT]
2026-09-13T11:14:06: PM2 log: App [alkarrar-app:0] starting in -fork mode-
2026-09-13T11:14:06: PM2 log: App [alkarrar-app:0] online
2026-09-13T11:14:07: PM2 log: App [alkarrar-app:0] exited with code [1] via signal [SIGINT]
2026-09-13T11:14:07: PM2 log: App [alkarrar-app:0] starting in -fork mode-
2026-09-13T11:14:07: PM2 log: App [alkarrar-app:0] online
2026-09-13T11:14:09: PM2 log: App [alkarrar-app:0] exited with code [1] via signal [SIGINT]
2026-09-13T11:14:09: PM2 log: App [alkarrar-app:0] starting in -fork mode-
2026-09-13T11:14:09: PM2 log: App [alkarrar-app:0] online
2026-09-13T11:14:11: PM2 log: App [alkarrar-app:0] exited with code [1] via signal [SIGINT]
2026-09-13T11:14:11: PM2 log: App [alkarrar-app:0] starting in -fork mode-
2026-09-13T11:14:11: PM2 log: App [alkarrar-app:0] online
2026-09-13T11:14:13: PM2 log: App [alkarrar-app:0] exited with code [1] via signal [SIGINT]
2026-09-13T11:14:13: PM2 log: App [alkarrar-app:0] starting in -fork mode-
2026-09-13T11:14:13: PM2 log: App [alkarrar-app:0] online
2026-09-13T11:14:14: PM2 log: App [alkarrar-app:0] exited with code [1] via signal [SIGINT]
2026-09-13T11:14:14: PM2 log: App [alkarrar-app:0] starting in -fork mode-
2026-09-13T11:14:14: PM2 log: App [alkarrar-app:0] online
2026-09-13T11:14:16: PM2 log: App [alkarrar-app:0] exited with code [1] via signal [SIGINT]
2026-09-13T11:14:16: PM2 log: App [alkarrar-app:0] starting in -fork mode-
2026-09-13T11:14:16: PM2 log: App [alkarrar-app:0] online
2026-09-13T11:14:18: PM2 log: App [alkarrar-app:0] exited with code [1] via signal [SIGINT]
2026-09-13T11:14:18: PM2 log: App [alkarrar-app:0] starting in -fork mode-
2026-09-13T11:14:18: PM2 log: App [alkarrar-app:0] online
2026-09-13T11:14:20: PM2 log: App [alkarrar-app:0] exited with code [1] via signal [SIGINT]
2026-09-13T11:14:20: PM2 log: App [alkarrar-app:0] starting in -fork mode-
2026-09-13T11:14:20: PM2 log: App [alkarrar-app:0] online
2026-09-13T11:14:22: PM2 log: App [alkarrar-app:0] exited with code [1] via signal [SIGINT]
2026-09-13T11:14:22: PM2 log: App [alkarrar-app:0] starting in -fork mode-
2026-09-13T11:14:22: PM2 log: App [alkarrar-app:0] online
2026-09-13T11:14:23: PM2 log: App [alkarrar-app:0] exited with code [1] via signal [SIGINT]
2026-09-13T11:14:23: PM2 log: App [alkarrar-app:0] starting in -fork mode-
2026-09-13T11:14:23: PM2 log: App [alkarrar-app:0] online
2026-09-13T11:14:25: PM2 log: App [alkarrar-app:0] exited with code [1] via signal [SIGINT]
2026-09-13T11:14:25: PM2 log: App [alkarrar-app:0] starting in -fork mode-
2026-09-13T11:14:25: PM2 log: App [alkarrar-app:0] online
2026-09-13T11:14:27: PM2 log: App [alkarrar-app:0] exited with code [1] via signal [SIGINT]
2026-09-13T11:14:27: PM2 log: App [alkarrar-app:0] starting in -fork mode-
2026-09-13T11:14:27: PM2 log: App [alkarrar-app:0] online
2026-09-13T11:14:29: PM2 log: App [alkarrar-app:0] exited with code [1] via signal [SIGINT]
2026-09-13T11:14:29: PM2 log: App [alkarrar-app:0] starting in -fork mode-
2026-09-13T11:14:29: PM2 log: App [alkarrar-app:0] online
2026-09-13T11:14:31: PM2 log: App [alkarrar-app:0] exited with code [1] via signal [SIGINT]
2026-09-13T11:14:31: PM2 log: App [alkarrar-app:0] starting in -fork mode-
2026-09-13T11:14:31: PM2 log: App [alkarrar-app:0] online
2026-09-13T11:14:32: PM2 log: App [alkarrar-app:0] exited with code [1] via signal [SIGINT]
2026-09-13T11:14:32: PM2 log: App [alkarrar-app:0] starting in -fork mode-
2026-09-13T11:14:32: PM2 log: App [alkarrar-app:0] online
2026-09-13T11:14:34: PM2 log: App [alkarrar-app:0] exited with code [1] via signal [SIGINT]
2026-09-13T11:14:34: PM2 log: App [alkarrar-app:0] starting in -fork mode-
2026-09-13T11:14:34: PM2 log: App [alkarrar-app:0] online
2026-09-13T11:14:36: PM2 log: App [alkarrar-app:0] exited with code [1] via signal [SIGINT]
2026-09-13T11:14:36: PM2 log: App [alkarrar-app:0] starting in -fork mode-
2026-09-13T11:14:36: PM2 log: App [alkarrar-app:0] online
2026-09-13T11:14:38: PM2 log: App [alkarrar-app:0] exited with code [1] via signal [SIGINT]
2026-09-13T11:14:38: PM2 log: App [alkarrar-app:0] starting in -fork mode-
2026-09-13T11:14:38: PM2 log: App [alkarrar-app:0] online
2026-09-13T11:14:39: PM2 log: App [alkarrar-app:0] exited with code [1] via signal [SIGINT]
2026-09-13T11:14:39: PM2 log: App [alkarrar-app:0] starting in -fork mode-
2026-09-13T11:14:39: PM2 log: App [alkarrar-app:0] online
2026-09-13T11:14:41: PM2 log: App [alkarrar-app:0] exited with code [1] via signal [SIGINT]
2026-09-13T11:14:41: PM2 log: App [alkarrar-app:0] starting in -fork mode-
2026-09-13T11:14:41: PM2 log: App [alkarrar-app:0] online
2026-09-13T11:14:43: PM2 log: App [alkarrar-app:0] exited with code [1] via signal [SIGINT]
2026-09-13T11:14:43: PM2 log: App [alkarrar-app:0] starting in -fork mode-
2026-09-13T11:14:43: PM2 log: App [alkarrar-app:0] online
2026-09-13T11:14:44: PM2 log: App [alkarrar-app:0] exited with code [1] via signal [SIGINT]
2026-09-13T11:14:44: PM2 log: App [alkarrar-app:0] starting in -fork mode-
2026-09-13T11:14:44: PM2 log: App [alkarrar-app:0] online
2026-09-13T11:14:46: PM2 log: App [alkarrar-app:0] exited with code [1] via signal [SIGINT]
2026-09-13T11:14:46: PM2 log: App [alkarrar-app:0] starting in -fork mode-
2026-09-13T11:14:46: PM2 log: App [alkarrar-app:0] online
2026-09-13T11:14:48: PM2 log: App [alkarrar-app:0] exited with code [1] via signal [SIGINT]
2026-09-13T11:14:48: PM2 log: App [alkarrar-app:0] starting in -fork mode-
2026-09-13T11:14:48: PM2 log: App [alkarrar-app:0] online
2026-09-13T11:14:49: PM2 log: App [alkarrar-app:0] exited with code [1] via signal [SIGINT]
2026-09-13T11:14:49: PM2 log: App [alkarrar-app:0] starting in -fork mode-
2026-09-13T11:14:49: PM2 log: App [alkarrar-app:0] online
2026-09-13T11:14:51: PM2 log: App [alkarrar-app:0] exited with code [1] via signal [SIGINT]
2026-09-13T11:14:51: PM2 log: App [alkarrar-app:0] starting in -fork mode-
2026-09-13T11:14:51: PM2 log: App [alkarrar-app:0] online
2026-09-13T11:14:53: PM2 log: App [alkarrar-app:0] exited with code [1] via signal [SIGINT]
2026-09-13T11:14:53: PM2 log: App [alkarrar-app:0] starting in -fork mode-
2026-09-13T11:14:53: PM2 log: App [alkarrar-app:0] online
2026-09-13T11:14:54: PM2 log: App [alkarrar-app:0] exited with code [1] via signal [SIGINT]
2026-09-13T11:14:54: PM2 log: App [alkarrar-app:0] starting in -fork mode-
2026-09-13T11:14:55: PM2 log: App [alkarrar-app:0] online
2026-09-13T11:14:56: PM2 log: App [alkarrar-app:0] exited with code [1] via signal [SIGINT]
2026-09-13T11:14:56: PM2 log: App [alkarrar-app:0] starting in -fork mode-
2026-09-13T11:14:56: PM2 log: App [alkarrar-app:0] online
2026-09-13T11:14:58: PM2 log: App [alkarrar-app:0] exited with code [1] via signal [SIGINT]
2026-09-13T11:14:58: PM2 log: App [alkarrar-app:0] starting in -fork mode-
2026-09-13T11:14:58: PM2 log: App [alkarrar-app:0] online
2026-09-13T11:15:00: PM2 log: App [alkarrar-app:0] exited with code [1] via signal [SIGINT]
2026-09-13T11:15:00: PM2 log: App [alkarrar-app:0] starting in -fork mode-
2026-09-13T11:15:00: PM2 log: App [alkarrar-app:0] online
2026-09-13T11:15:02: PM2 log: App [alkarrar-app:0] exited with code [1] via signal [SIGINT]
2026-09-13T11:15:02: PM2 log: App [alkarrar-app:0] starting in -fork mode-
2026-09-13T11:15:02: PM2 log: App [alkarrar-app:0] online
2026-09-13T11:15:04: PM2 log: App [alkarrar-app:0] exited with code [1] via signal [SIGINT]
2026-09-13T11:15:04: PM2 log: App [alkarrar-app:0] starting in -fork mode-
2026-09-13T11:15:04: PM2 log: App [alkarrar-app:0] online
2026-09-13T11:15:07: PM2 log: App [alkarrar-app:0] exited with code [1] via signal [SIGINT]
2026-09-13T11:15:07: PM2 log: App [alkarrar-app:0] starting in -fork mode-
2026-09-13T11:15:07: PM2 log: App [alkarrar-app:0] online
2026-09-13T11:15:09: PM2 log: App [alkarrar-app:0] exited with code [1] via signal [SIGINT]
2026-09-13T11:15:09: PM2 log: App [alkarrar-app:0] starting in -fork mode-
2026-09-13T11:15:09: PM2 log: App [alkarrar-app:0] online
2026-09-13T11:15:10: PM2 log: App [alkarrar-app:0] exited with code [1] via signal [SIGINT]
2026-09-13T11:15:10: PM2 log: App [alkarrar-app:0] starting in -fork mode-
2026-09-13T11:15:10: PM2 log: App [alkarrar-app:0] online
2026-09-13T11:15:12: PM2 log: App [alkarrar-app:0] exited with code [1] via signal [SIGINT]
2026-09-13T11:15:12: PM2 log: App [alkarrar-app:0] starting in -fork mode-
2026-09-13T11:15:12: PM2 log: App [alkarrar-app:0] online
2026-09-13T11:15:14: PM2 log: App [alkarrar-app:0] exited with code [1] via signal [SIGINT]
2026-09-13T11:15:14: PM2 log: App [alkarrar-app:0] starting in -fork mode-
2026-09-13T11:15:14: PM2 log: App [alkarrar-app:0] online
2026-09-13T11:15:16: PM2 log: App [alkarrar-app:0] exited with code [1] via signal [SIGINT]
2026-09-13T11:15:16: PM2 log: App [alkarrar-app:0] starting in -fork mode-
2026-09-13T11:15:16: PM2 log: App [alkarrar-app:0] online
2026-09-13T11:15:17: PM2 log: App [alkarrar-app:0] exited with code [1] via signal [SIGINT]
2026-09-13T11:15:17: PM2 log: App [alkarrar-app:0] starting in -fork mode-
2026-09-13T11:15:17: PM2 log: App [alkarrar-app:0] online
2026-09-13T11:15:19: PM2 log: App [alkarrar-app:0] exited with code [1] via signal [SIGINT]
2026-09-13T11:15:19: PM2 log: App [alkarrar-app:0] starting in -fork mode-
2026-09-13T11:15:19: PM2 log: App [alkarrar-app:0] online
2026-09-13T11:15:21: PM2 log: App [alkarrar-app:0] exited with code [1] via signal [SIGINT]
2026-09-13T11:15:21: PM2 log: App [alkarrar-app:0] starting in -fork mode-
2026-09-13T11:15:21: PM2 log: App [alkarrar-app:0] online
2026-09-13T11:15:23: PM2 log: App [alkarrar-app:0] exited with code [1] via signal [SIGINT]
2026-09-13T11:15:23: PM2 log: App [alkarrar-app:0] starting in -fork mode-
2026-09-13T11:15:23: PM2 log: App [alkarrar-app:0] online
2026-09-13T11:15:25: PM2 log: App [alkarrar-app:0] exited with code [1] via signal [SIGINT]
2026-09-13T11:15:25: PM2 log: App [alkarrar-app:0] starting in -fork mode-
2026-09-13T11:15:25: PM2 log: App [alkarrar-app:0] online
2026-09-13T11:15:27: PM2 log: App [alkarrar-app:0] exited with code [1] via signal [SIGINT]
2026-09-13T11:15:27: PM2 log: App [alkarrar-app:0] starting in -fork mode-
2026-09-13T11:15:27: PM2 log: App [alkarrar-app:0] online
2026-09-13T11:15:28: PM2 log: App [alkarrar-app:0] exited with code [1] via signal [SIGINT]
2026-09-13T11:15:28: PM2 log: App [alkarrar-app:0] starting in -fork mode-
2026-09-13T11:15:29: PM2 log: App [alkarrar-app:0] online
2026-09-13T11:15:30: PM2 log: App [alkarrar-app:0] exited with code [1] via signal [SIGINT]
2026-09-13T11:15:30: PM2 log: App [alkarrar-app:0] starting in -fork mode-
2026-09-13T11:15:30: PM2 log: App [alkarrar-app:0] online
2026-09-13T11:15:32: PM2 log: App [alkarrar-app:0] exited with code [1] via signal [SIGINT]
2026-09-13T11:15:32: PM2 log: App [alkarrar-app:0] starting in -fork mode-
2026-09-13T11:15:32: PM2 log: App [alkarrar-app:0] online
2026-09-13T11:15:34: PM2 log: App [alkarrar-app:0] exited with code [1] via signal [SIGINT]
2026-09-13T11:15:34: PM2 log: App [alkarrar-app:0] starting in -fork mode-
2026-09-13T11:15:34: PM2 log: App [alkarrar-app:0] online
2026-09-13T11:15:36: PM2 log: App [alkarrar-app:0] exited with code [1] via signal [SIGINT]
2026-09-13T11:15:36: PM2 log: App [alkarrar-app:0] starting in -fork mode-
2026-09-13T11:15:36: PM2 log: App [alkarrar-app:0] online
2026-09-13T11:15:37: PM2 log: App [alkarrar-app:0] exited with code [1] via signal [SIGINT]
2026-09-13T11:15:37: PM2 log: App [alkarrar-app:0] starting in -fork mode-
2026-09-13T11:15:38: PM2 log: App [alkarrar-app:0] online
2026-09-13T11:15:39: PM2 log: App [alkarrar-app:0] exited with code [1] via signal [SIGINT]
2026-09-13T11:15:39: PM2 log: App [alkarrar-app:0] starting in -fork mode-
2026-09-13T11:15:39: PM2 log: App [alkarrar-app:0] online
2026-09-13T11:15:41: PM2 log: App [alkarrar-app:0] exited with code [1] via signal [SIGINT]
2026-09-13T11:15:41: PM2 log: App [alkarrar-app:0] starting in -fork mode-
2026-09-13T11:15:41: PM2 log: App [alkarrar-app:0] online
2026-09-13T11:15:43: PM2 log: App [alkarrar-app:0] exited with code [1] via signal [SIGINT]
2026-09-13T11:15:43: PM2 log: App [alkarrar-app:0] starting in -fork mode-
2026-09-13T11:15:43: PM2 log: App [alkarrar-app:0] online
2026-09-13T11:15:45: PM2 log: App [alkarrar-app:0] exited with code [1] via signal [SIGINT]
2026-09-13T11:15:45: PM2 log: App [alkarrar-app:0] starting in -fork mode-
2026-09-13T11:15:45: PM2 log: App [alkarrar-app:0] online
2026-09-13T11:15:47: PM2 log: App [alkarrar-app:0] exited with code [1] via signal [SIGINT]
2026-09-13T11:15:47: PM2 log: App [alkarrar-app:0] starting in -fork mode-
2026-09-13T11:15:47: PM2 log: App [alkarrar-app:0] online
2026-09-13T11:15:49: PM2 log: App [alkarrar-app:0] exited with code [1] via signal [SIGINT]
2026-09-13T11:15:49: PM2 log: App [alkarrar-app:0] starting in -fork mode-
2026-09-13T11:15:49: PM2 log: App [alkarrar-app:0] online
2026-09-13T11:15:51: PM2 log: App [alkarrar-app:0] exited with code [1] via signal [SIGINT]
2026-09-13T11:15:51: PM2 log: App [alkarrar-app:0] starting in -fork mode-
2026-09-13T11:15:51: PM2 log: App [alkarrar-app:0] online
2026-09-13T11:15:53: PM2 log: App [alkarrar-app:0] exited with code [1] via signal [SIGINT]
2026-09-13T11:15:53: PM2 log: App [alkarrar-app:0] starting in -fork mode-
2026-09-13T11:15:53: PM2 log: App [alkarrar-app:0] online
2026-09-13T11:15:54: PM2 log: App [alkarrar-app:0] exited with code [1] via signal [SIGINT]
2026-09-13T11:15:55: PM2 log: App [alkarrar-app:0] starting in -fork mode-
2026-09-13T11:15:55: PM2 log: App [alkarrar-app:0] online
2026-09-13T11:15:56: PM2 log: App [alkarrar-app:0] exited with code [1] via signal [SIGINT]
2026-09-13T11:15:56: PM2 log: App [alkarrar-app:0] starting in -fork mode-
2026-09-13T11:15:56: PM2 log: App [alkarrar-app:0] online
2026-09-13T11:15:58: PM2 log: App [alkarrar-app:0] exited with code [1] via signal [SIGINT]
2026-09-13T11:15:58: PM2 log: App [alkarrar-app:0] starting in -fork mode-
2026-09-13T11:15:58: PM2 log: App [alkarrar-app:0] online
2026-09-13T11:16:01: PM2 log: App [alkarrar-app:0] exited with code [1] via signal [SIGINT]
2026-09-13T11:16:01: PM2 log: App [alkarrar-app:0] starting in -fork mode-
2026-09-13T11:16:01: PM2 log: App [alkarrar-app:0] online
2026-09-13T11:16:03: PM2 log: App [alkarrar-app:0] exited with code [1] via signal [SIGINT]
2026-09-13T11:16:03: PM2 log: App [alkarrar-app:0] starting in -fork mode-
2026-09-13T11:16:03: PM2 log: App [alkarrar-app:0] online
2026-09-13T11:16:05: PM2 log: App [alkarrar-app:0] exited with code [1] via signal [SIGINT]
2026-09-13T11:16:05: PM2 log: App [alkarrar-app:0] starting in -fork mode-
2026-09-13T11:16:05: PM2 log: App [alkarrar-app:0] online
2026-09-13T11:16:07: PM2 log: App [alkarrar-app:0] exited with code [1] via signal [SIGINT]
2026-09-13T11:16:07: PM2 log: App [alkarrar-app:0] starting in -fork mode-
2026-09-13T11:16:07: PM2 log: App [alkarrar-app:0] online
2026-09-13T11:16:09: PM2 log: App [alkarrar-app:0] exited with code [1] via signal [SIGINT]
2026-09-13T11:16:09: PM2 log: App [alkarrar-app:0] starting in -fork mode-
2026-09-13T11:16:09: PM2 log: App [alkarrar-app:0] online
2026-09-13T11:16:10: PM2 log: App [alkarrar-app:0] exited with code [1] via signal [SIGINT]
2026-09-13T11:16:10: PM2 log: App [alkarrar-app:0] starting in -fork mode-
2026-09-13T11:16:10: PM2 log: App [alkarrar-app:0] online
2026-09-13T11:16:12: PM2 log: App [alkarrar-app:0] exited with code [1] via signal [SIGINT]
2026-09-13T11:16:12: PM2 log: App [alkarrar-app:0] starting in -fork mode-
2026-09-13T11:16:12: PM2 log: App [alkarrar-app:0] online
2026-09-13T11:16:14: PM2 log: App [alkarrar-app:0] exited with code [1] via signal [SIGINT]
2026-09-13T11:16:14: PM2 log: App [alkarrar-app:0] starting in -fork mode-
2026-09-13T11:16:14: PM2 log: App [alkarrar-app:0] online
2026-09-13T11:16:16: PM2 log: App [alkarrar-app:0] exited with code [1] via signal [SIGINT]
2026-09-13T11:16:16: PM2 log: App [alkarrar-app:0] starting in -fork mode-
2026-09-13T11:16:16: PM2 log: App [alkarrar-app:0] online
2026-09-13T11:16:18: PM2 log: App [alkarrar-app:0] exited with code [1] via signal [SIGINT]
2026-09-13T11:16:18: PM2 log: App [alkarrar-app:0] starting in -fork mode-
2026-09-13T11:16:18: PM2 log: App [alkarrar-app:0] online
2026-09-13T11:16:20: PM2 log: App [alkarrar-app:0] exited with code [1] via signal [SIGINT]
2026-09-13T11:16:20: PM2 log: App [alkarrar-app:0] starting in -fork mode-
2026-09-13T11:16:20: PM2 log: App [alkarrar-app:0] online
2026-09-13T11:16:21: PM2 log: App [alkarrar-app:0] exited with code [1] via signal [SIGINT]
2026-09-13T11:16:21: PM2 log: App [alkarrar-app:0] starting in -fork mode-
2026-09-13T11:16:21: PM2 log: App [alkarrar-app:0] online
2026-09-13T11:16:23: PM2 log: App [alkarrar-app:0] exited with code [1] via signal [SIGINT]
2026-09-13T11:16:23: PM2 log: App [alkarrar-app:0] starting in -fork mode-
2026-09-13T11:16:23: PM2 log: App [alkarrar-app:0] online
2026-09-13T11:16:25: PM2 log: App [alkarrar-app:0] exited with code [1] via signal [SIGINT]
2026-09-13T11:16:25: PM2 log: App [alkarrar-app:0] starting in -fork mode-
2026-09-13T11:16:25: PM2 log: App [alkarrar-app:0] online
2026-09-13T11:16:27: PM2 log: App [alkarrar-app:0] exited with code [1] via signal [SIGINT]
2026-09-13T11:16:27: PM2 log: App [alkarrar-app:0] starting in -fork mode-
2026-09-13T11:16:27: PM2 log: App [alkarrar-app:0] online
2026-09-13T11:16:29: PM2 log: App [alkarrar-app:0] exited with code [1] via signal [SIGINT]
2026-09-13T11:16:29: PM2 log: App [alkarrar-app:0] starting in -fork mode-
2026-09-13T11:16:29: PM2 log: App [alkarrar-app:0] online
2026-09-13T11:16:31: PM2 log: App [alkarrar-app:0] exited with code [1] via signal [SIGINT]
2026-09-13T11:16:31: PM2 log: App [alkarrar-app:0] starting in -fork mode-
2026-09-13T11:16:31: PM2 log: App [alkarrar-app:0] online
2026-09-13T11:16:33: PM2 log: App [alkarrar-app:0] exited with code [1] via signal [SIGINT]
2026-09-13T11:16:33: PM2 log: App [alkarrar-app:0] starting in -fork mode-
2026-09-13T11:16:33: PM2 log: App [alkarrar-app:0] online
2026-09-13T11:16:35: PM2 log: App [alkarrar-app:0] exited with code [1] via signal [SIGINT]
2026-09-13T11:16:35: PM2 log: App [alkarrar-app:0] starting in -fork mode-
2026-09-13T11:16:35: PM2 log: App [alkarrar-app:0] online
2026-09-13T11:16:37: PM2 log: App [alkarrar-app:0] exited with code [1] via signal [SIGINT]
2026-09-13T11:16:37: PM2 log: App [alkarrar-app:0] starting in -fork mode-
2026-09-13T11:16:37: PM2 log: App [alkarrar-app:0] online
2026-09-13T11:16:38: PM2 log: App [alkarrar-app:0] exited with code [1] via signal [SIGINT]
2026-09-13T11:16:38: PM2 log: App [alkarrar-app:0] starting in -fork mode-
2026-09-13T11:16:38: PM2 log: App [alkarrar-app:0] online
2026-09-13T11:16:40: PM2 log: App [alkarrar-app:0] exited with code [1] via signal [SIGINT]
2026-09-13T11:16:40: PM2 log: App [alkarrar-app:0] starting in -fork mode-
2026-09-13T11:16:40: PM2 log: App [alkarrar-app:0] online
2026-09-13T11:16:42: PM2 log: App [alkarrar-app:0] exited with code [1] via signal [SIGINT]
2026-09-13T11:16:42: PM2 log: App [alkarrar-app:0] starting in -fork mode-
2026-09-13T11:16:42: PM2 log: App [alkarrar-app:0] online
2026-09-13T11:16:44: PM2 log: App [alkarrar-app:0] exited with code [1] via signal [SIGINT]
2026-09-13T11:16:44: PM2 log: App [alkarrar-app:0] starting in -fork mode-
2026-09-13T11:16:44: PM2 log: App [alkarrar-app:0] online
2026-09-13T11:16:46: PM2 log: App [alkarrar-app:0] exited with code [1] via signal [SIGINT]
2026-09-13T11:16:46: PM2 log: App [alkarrar-app:0] starting in -fork mode-
2026-09-13T11:16:46: PM2 log: App [alkarrar-app:0] online
2026-09-13T11:16:47: PM2 log: App [alkarrar-app:0] exited with code [1] via signal [SIGINT]
2026-09-13T11:16:47: PM2 log: App [alkarrar-app:0] starting in -fork mode-
2026-09-13T11:16:47: PM2 log: App [alkarrar-app:0] online
2026-09-13T11:20:53: PM2 log: Stopping app:alkarrar-app id:0
2026-09-13T11:20:53: PM2 log: App [alkarrar-app:0] exited with code [0] via signal [SIGINT]
2026-09-13T11:20:53: PM2 log: pid=108788 msg=process tree killed (3 pids)
2026-09-13T11:20:53: PM2 log: App [alkarrar-app:0] starting in -fork mode-
2026-09-13T11:20:53: PM2 log: App [alkarrar-app:0] online
2026-09-13T11:22:40: PM2 log: Stopping app:alkarrar-app id:0
2026-09-13T11:22:40: PM2 log: App [alkarrar-app:0] exited with code [0] via signal [SIGINT]
2026-09-13T11:22:40: PM2 log: pid=108855 msg=process tree killed (4 pids)
2026-09-13T11:22:40: PM2 log: App [alkarrar-app:0] starting in -fork mode-
2026-09-13T11:22:40: PM2 log: App [alkarrar-app:0] online
2026-09-13T11:27:55: PM2 log: Stopping app:alkarrar-app id:0
2026-09-13T11:27:55: PM2 log: App [alkarrar-app:0] exited with code [1] via signal [SIGINT]
2026-09-13T11:27:55: PM2 log: pid=108915 msg=process tree killed (4 pids)
2026-09-13T11:27:55: PM2 log: App [alkarrar-app:0] starting in -fork mode-
2026-09-13T11:27:55: PM2 log: App [alkarrar-app:0] online
2026-09-13T11:29:36: PM2 log: Stopping app:alkarrar-app id:0
2026-09-13T11:29:36: PM2 log: App [alkarrar-app:0] exited with code [1] via signal [SIGINT]
2026-09-13T11:29:36: PM2 log: pid=109053 msg=process tree killed (4 pids)
2026-09-13T11:29:36: PM2 log: App [alkarrar-app:0] starting in -fork mode-
2026-09-13T11:29:36: PM2 log: App [alkarrar-app:0] online
2026-09-13T11:36:06: PM2 log: Stopping app:alkarrar-app id:0
2026-09-13T11:36:06: PM2 log: App [alkarrar-app:0] exited with code [1] via signal [SIGINT]
2026-09-13T11:36:06: PM2 log: pid=109116 msg=process tree killed (4 pids)
2026-09-13T11:36:06: PM2 log: App [alkarrar-app:0] starting in -fork mode-
2026-09-13T11:36:06: PM2 log: App [alkarrar-app:0] online
2026-09-13T11:45:35: PM2 log: Stopping app:alkarrar-app id:0
2026-09-13T11:45:35: PM2 log: App [alkarrar-app:0] exited with code [1] via signal [SIGINT]
2026-09-13T11:45:35: PM2 log: pid=109364 msg=process tree killed (4 pids)
2026-09-13T11:45:35: PM2 log: App [alkarrar-app:0] starting in -fork mode-
2026-09-13T11:45:35: PM2 log: App [alkarrar-app:0] online
2026-09-13T11:46:52: PM2 log: Stopping app:alkarrar-app id:0
2026-09-13T11:46:52: PM2 log: App [alkarrar-app:0] exited with code [1] via signal [SIGINT]
2026-09-13T11:46:52: PM2 log: pid=109529 msg=process tree killed (4 pids)
2026-09-13T11:46:52: PM2 log: App [alkarrar-app:0] starting in -fork mode-
2026-09-13T11:46:52: PM2 log: App [alkarrar-app:0] online
2026-09-13T11:48:07: PM2 log: Stopping app:alkarrar-app id:0
2026-09-13T11:48:07: PM2 log: App [alkarrar-app:0] exited with code [1] via signal [SIGINT]
2026-09-13T11:48:07: PM2 log: pid=109588 msg=process tree killed (4 pids)
2026-09-13T11:48:07: PM2 log: App [alkarrar-app:0] starting in -fork mode-
2026-09-13T11:48:07: PM2 log: App [alkarrar-app:0] online
2026-09-13T11:52:20: PM2 log: Stopping app:alkarrar-app id:0
2026-09-13T11:52:20: PM2 log: App [alkarrar-app:0] exited with code [0] via signal [SIGINT]
2026-09-13T11:52:21: PM2 log: pid=109646 msg=process tree killed (3 pids)
2026-09-13T11:52:21: PM2 log: App [alkarrar-app:0] starting in -fork mode-
2026-09-13T11:52:21: PM2 log: App [alkarrar-app:0] online
2026-09-13T11:59:10: PM2 log: Stopping app:alkarrar-app id:0
2026-09-13T11:59:11: PM2 log: App [alkarrar-app:0] exited with code [0] via signal [SIGINT]
2026-09-13T11:59:11: PM2 log: pid=109811 msg=process tree killed (3 pids)
2026-09-13T11:59:11: PM2 log: App [alkarrar-app:0] starting in -fork mode-
2026-09-13T11:59:11: PM2 log: App [alkarrar-app:0] online
2026-09-13T12:14:55: PM2 log: Stopping app:alkarrar-app id:0
2026-09-13T12:14:55: PM2 log: App [alkarrar-app:0] exited with code [0] via signal [SIGINT]
2026-09-13T12:14:55: PM2 log: pid=110007 msg=process tree killed (3 pids)
2026-09-13T12:14:55: PM2 log: App [alkarrar-app:0] starting in -fork mode-
2026-09-13T12:14:55: PM2 log: App [alkarrar-app:0] online
2026-09-13T12:14:57: PM2 log: App [alkarrar-app:0] exited with code [1] via signal [SIGINT]
2026-09-13T12:14:57: PM2 log: App [alkarrar-app:0] starting in -fork mode-
2026-09-13T12:14:57: PM2 log: App [alkarrar-app:0] online
2026-09-13T12:14:59: PM2 log: App [alkarrar-app:0] exited with code [1] via signal [SIGINT]
2026-09-13T12:14:59: PM2 log: App [alkarrar-app:0] starting in -fork mode-
2026-09-13T12:14:59: PM2 log: App [alkarrar-app:0] online
2026-09-13T12:15:01: PM2 log: App [alkarrar-app:0] exited with code [1] via signal [SIGINT]
2026-09-13T12:15:01: PM2 log: App [alkarrar-app:0] starting in -fork mode-
2026-09-13T12:15:01: PM2 log: App [alkarrar-app:0] online
2026-09-13T12:15:03: PM2 log: App [alkarrar-app:0] exited with code [1] via signal [SIGINT]
2026-09-13T12:15:03: PM2 log: App [alkarrar-app:0] starting in -fork mode-
2026-09-13T12:15:03: PM2 log: App [alkarrar-app:0] online
2026-09-13T12:15:05: PM2 log: App [alkarrar-app:0] exited with code [1] via signal [SIGINT]
2026-09-13T12:15:05: PM2 log: App [alkarrar-app:0] starting in -fork mode-
2026-09-13T12:15:05: PM2 log: App [alkarrar-app:0] online
2026-09-13T12:15:07: PM2 log: App [alkarrar-app:0] exited with code [1] via signal [SIGINT]
2026-09-13T12:15:07: PM2 log: App [alkarrar-app:0] starting in -fork mode-
2026-09-13T12:15:07: PM2 log: App [alkarrar-app:0] online
2026-09-13T12:15:09: PM2 log: App [alkarrar-app:0] exited with code [1] via signal [SIGINT]
2026-09-13T12:15:09: PM2 log: App [alkarrar-app:0] starting in -fork mode-
2026-09-13T12:15:09: PM2 log: App [alkarrar-app:0] online
2026-09-13T12:15:11: PM2 log: App [alkarrar-app:0] exited with code [1] via signal [SIGINT]
2026-09-13T12:15:11: PM2 log: App [alkarrar-app:0] starting in -fork mode-
2026-09-13T12:15:11: PM2 log: App [alkarrar-app:0] online
2026-09-13T12:15:13: PM2 log: App [alkarrar-app:0] exited with code [1] via signal [SIGINT]
2026-09-13T12:15:13: PM2 log: App [alkarrar-app:0] starting in -fork mode-
2026-09-13T12:15:13: PM2 log: App [alkarrar-app:0] online
2026-09-13T12:15:15: PM2 log: App [alkarrar-app:0] exited with code [1] via signal [SIGINT]
2026-09-13T12:15:15: PM2 log: App [alkarrar-app:0] starting in -fork mode-
2026-09-13T12:15:15: PM2 log: App [alkarrar-app:0] online
2026-09-13T12:15:16: PM2 log: App [alkarrar-app:0] exited with code [1] via signal [SIGINT]
2026-09-13T12:15:16: PM2 log: App [alkarrar-app:0] starting in -fork mode-
2026-09-13T12:15:16: PM2 log: App [alkarrar-app:0] online
2026-09-13T12:15:18: PM2 log: App [alkarrar-app:0] exited with code [1] via signal [SIGINT]
2026-09-13T12:15:18: PM2 log: App [alkarrar-app:0] starting in -fork mode-
2026-09-13T12:15:18: PM2 log: App [alkarrar-app:0] online
2026-09-13T12:15:20: PM2 log: App [alkarrar-app:0] exited with code [1] via signal [SIGINT]
2026-09-13T12:15:20: PM2 log: App [alkarrar-app:0] starting in -fork mode-
2026-09-13T12:15:20: PM2 log: App [alkarrar-app:0] online
2026-09-13T12:15:21: PM2 log: App [alkarrar-app:0] exited with code [1] via signal [SIGINT]
2026-09-13T12:15:21: PM2 log: App [alkarrar-app:0] starting in -fork mode-
2026-09-13T12:15:21: PM2 log: App [alkarrar-app:0] online
2026-09-13T12:15:23: PM2 log: App [alkarrar-app:0] exited with code [1] via signal [SIGINT]
2026-09-13T12:15:23: PM2 log: App [alkarrar-app:0] starting in -fork mode-
2026-09-13T12:15:23: PM2 log: App [alkarrar-app:0] online
2026-09-13T12:15:25: PM2 log: App [alkarrar-app:0] exited with code [1] via signal [SIGINT]
2026-09-13T12:15:25: PM2 log: App [alkarrar-app:0] starting in -fork mode-
2026-09-13T12:15:25: PM2 log: App [alkarrar-app:0] online
2026-09-13T12:15:27: PM2 log: App [alkarrar-app:0] exited with code [1] via signal [SIGINT]
2026-09-13T12:15:27: PM2 log: App [alkarrar-app:0] starting in -fork mode-
2026-09-13T12:15:27: PM2 log: App [alkarrar-app:0] online
2026-09-13T12:15:29: PM2 log: App [alkarrar-app:0] exited with code [1] via signal [SIGINT]
2026-09-13T12:15:29: PM2 log: App [alkarrar-app:0] starting in -fork mode-
2026-09-13T12:15:29: PM2 log: App [alkarrar-app:0] online
2026-09-13T12:15:31: PM2 log: App [alkarrar-app:0] exited with code [1] via signal [SIGINT]
2026-09-13T12:15:31: PM2 log: App [alkarrar-app:0] starting in -fork mode-
2026-09-13T12:15:31: PM2 log: App [alkarrar-app:0] online
2026-09-13T12:15:32: PM2 log: App [alkarrar-app:0] exited with code [1] via signal [SIGINT]
2026-09-13T12:15:32: PM2 log: App [alkarrar-app:0] starting in -fork mode-
2026-09-13T12:15:32: PM2 log: App [alkarrar-app:0] online
2026-09-13T12:15:34: PM2 log: App [alkarrar-app:0] exited with code [1] via signal [SIGINT]
2026-09-13T12:15:34: PM2 log: App [alkarrar-app:0] starting in -fork mode-
2026-09-13T12:15:34: PM2 log: App [alkarrar-app:0] online
2026-09-13T12:15:36: PM2 log: App [alkarrar-app:0] exited with code [1] via signal [SIGINT]
2026-09-13T12:15:36: PM2 log: App [alkarrar-app:0] starting in -fork mode-
2026-09-13T12:15:36: PM2 log: App [alkarrar-app:0] online
2026-09-13T12:15:37: PM2 log: App [alkarrar-app:0] exited with code [1] via signal [SIGINT]
2026-09-13T12:15:37: PM2 log: App [alkarrar-app:0] starting in -fork mode-
2026-09-13T12:15:37: PM2 log: App [alkarrar-app:0] online
2026-09-13T12:15:39: PM2 log: App [alkarrar-app:0] exited with code [1] via signal [SIGINT]
2026-09-13T12:15:39: PM2 log: App [alkarrar-app:0] starting in -fork mode-
2026-09-13T12:15:39: PM2 log: App [alkarrar-app:0] online
2026-09-13T12:15:41: PM2 log: App [alkarrar-app:0] exited with code [1] via signal [SIGINT]
2026-09-13T12:15:41: PM2 log: App [alkarrar-app:0] starting in -fork mode-
2026-09-13T12:15:41: PM2 log: App [alkarrar-app:0] online
2026-09-13T12:15:43: PM2 log: App [alkarrar-app:0] exited with code [1] via signal [SIGINT]
2026-09-13T12:15:43: PM2 log: App [alkarrar-app:0] starting in -fork mode-
2026-09-13T12:15:43: PM2 log: App [alkarrar-app:0] online
2026-09-13T12:15:44: PM2 log: App [alkarrar-app:0] exited with code [1] via signal [SIGINT]
2026-09-13T12:15:44: PM2 log: App [alkarrar-app:0] starting in -fork mode-
2026-09-13T12:15:44: PM2 log: App [alkarrar-app:0] online
2026-09-13T12:15:46: PM2 log: App [alkarrar-app:0] exited with code [1] via signal [SIGINT]
2026-09-13T12:15:46: PM2 log: App [alkarrar-app:0] starting in -fork mode-
2026-09-13T12:15:46: PM2 log: App [alkarrar-app:0] online
2026-09-13T12:15:48: PM2 log: App [alkarrar-app:0] exited with code [1] via signal [SIGINT]
2026-09-13T12:15:48: PM2 log: App [alkarrar-app:0] starting in -fork mode-
2026-09-13T12:15:48: PM2 log: App [alkarrar-app:0] online
2026-09-13T12:15:49: PM2 log: App [alkarrar-app:0] exited with code [1] via signal [SIGINT]
2026-09-13T12:15:49: PM2 log: App [alkarrar-app:0] starting in -fork mode-
2026-09-13T12:15:49: PM2 log: App [alkarrar-app:0] online
2026-09-13T12:15:51: PM2 log: App [alkarrar-app:0] exited with code [1] via signal [SIGINT]
2026-09-13T12:15:51: PM2 log: App [alkarrar-app:0] starting in -fork mode-
2026-09-13T12:15:51: PM2 log: App [alkarrar-app:0] online
2026-09-13T12:15:53: PM2 log: App [alkarrar-app:0] exited with code [1] via signal [SIGINT]
2026-09-13T12:15:53: PM2 log: App [alkarrar-app:0] starting in -fork mode-
2026-09-13T12:15:53: PM2 log: App [alkarrar-app:0] online
2026-09-13T12:15:54: PM2 log: App [alkarrar-app:0] exited with code [1] via signal [SIGINT]
2026-09-13T12:15:54: PM2 log: App [alkarrar-app:0] starting in -fork mode-
2026-09-13T12:15:54: PM2 log: App [alkarrar-app:0] online
2026-09-13T12:15:56: PM2 log: App [alkarrar-app:0] exited with code [1] via signal [SIGINT]
2026-09-13T12:15:56: PM2 log: App [alkarrar-app:0] starting in -fork mode-
2026-09-13T12:15:56: PM2 log: App [alkarrar-app:0] online
2026-09-13T12:15:58: PM2 log: App [alkarrar-app:0] exited with code [1] via signal [SIGINT]
2026-09-13T12:15:58: PM2 log: App [alkarrar-app:0] starting in -fork mode-
2026-09-13T12:15:58: PM2 log: App [alkarrar-app:0] online
2026-09-13T12:16:00: PM2 log: App [alkarrar-app:0] exited with code [1] via signal [SIGINT]
2026-09-13T12:16:00: PM2 log: App [alkarrar-app:0] starting in -fork mode-
2026-09-13T12:16:00: PM2 log: App [alkarrar-app:0] online
2026-09-13T12:16:02: PM2 log: App [alkarrar-app:0] exited with code [1] via signal [SIGINT]
2026-09-13T12:16:02: PM2 log: App [alkarrar-app:0] starting in -fork mode-
2026-09-13T12:16:02: PM2 log: App [alkarrar-app:0] online
2026-09-13T12:16:04: PM2 log: App [alkarrar-app:0] exited with code [1] via signal [SIGINT]
2026-09-13T12:16:04: PM2 log: App [alkarrar-app:0] starting in -fork mode-
2026-09-13T12:16:04: PM2 log: App [alkarrar-app:0] online
2026-09-13T12:16:06: PM2 log: App [alkarrar-app:0] exited with code [1] via signal [SIGINT]
2026-09-13T12:16:06: PM2 log: App [alkarrar-app:0] starting in -fork mode-
2026-09-13T12:16:06: PM2 log: App [alkarrar-app:0] online
2026-09-13T12:16:08: PM2 log: App [alkarrar-app:0] exited with code [1] via signal [SIGINT]
2026-09-13T12:16:08: PM2 log: App [alkarrar-app:0] starting in -fork mode-
2026-09-13T12:16:08: PM2 log: App [alkarrar-app:0] online
2026-09-13T12:16:10: PM2 log: App [alkarrar-app:0] exited with code [1] via signal [SIGINT]
2026-09-13T12:16:10: PM2 log: App [alkarrar-app:0] starting in -fork mode-
2026-09-13T12:16:10: PM2 log: App [alkarrar-app:0] online
2026-09-13T12:16:11: PM2 log: App [alkarrar-app:0] exited with code [1] via signal [SIGINT]
2026-09-13T12:16:11: PM2 log: App [alkarrar-app:0] starting in -fork mode-
2026-09-13T12:16:11: PM2 log: App [alkarrar-app:0] online
2026-09-13T12:16:13: PM2 log: App [alkarrar-app:0] exited with code [1] via signal [SIGINT]
2026-09-13T12:16:13: PM2 log: App [alkarrar-app:0] starting in -fork mode-
2026-09-13T12:16:13: PM2 log: App [alkarrar-app:0] online
2026-09-13T12:16:15: PM2 log: App [alkarrar-app:0] exited with code [1] via signal [SIGINT]
2026-09-13T12:16:15: PM2 log: App [alkarrar-app:0] starting in -fork mode-
2026-09-13T12:16:15: PM2 log: App [alkarrar-app:0] online
2026-09-13T12:16:17: PM2 log: App [alkarrar-app:0] exited with code [1] via signal [SIGINT]
2026-09-13T12:16:17: PM2 log: App [alkarrar-app:0] starting in -fork mode-
2026-09-13T12:16:17: PM2 log: App [alkarrar-app:0] online
2026-09-13T12:16:18: PM2 log: App [alkarrar-app:0] exited with code [1] via signal [SIGINT]
2026-09-13T12:16:18: PM2 log: App [alkarrar-app:0] starting in -fork mode-
2026-09-13T12:16:18: PM2 log: App [alkarrar-app:0] online
2026-09-13T12:16:20: PM2 log: App [alkarrar-app:0] exited with code [1] via signal [SIGINT]
2026-09-13T12:16:20: PM2 log: App [alkarrar-app:0] starting in -fork mode-
2026-09-13T12:16:20: PM2 log: App [alkarrar-app:0] online
2026-09-13T12:16:22: PM2 log: App [alkarrar-app:0] exited with code [1] via signal [SIGINT]
2026-09-13T12:16:22: PM2 log: App [alkarrar-app:0] starting in -fork mode-
2026-09-13T12:16:22: PM2 log: App [alkarrar-app:0] online
2026-09-13T12:16:24: PM2 log: App [alkarrar-app:0] exited with code [1] via signal [SIGINT]
2026-09-13T12:16:24: PM2 log: App [alkarrar-app:0] starting in -fork mode-
2026-09-13T12:16:24: PM2 log: App [alkarrar-app:0] online
2026-09-13T12:16:25: PM2 log: App [alkarrar-app:0] exited with code [1] via signal [SIGINT]
2026-09-13T12:16:25: PM2 log: App [alkarrar-app:0] starting in -fork mode-
2026-09-13T12:16:25: PM2 log: App [alkarrar-app:0] online
2026-09-13T12:16:27: PM2 log: App [alkarrar-app:0] exited with code [1] via signal [SIGINT]
2026-09-13T12:16:27: PM2 log: App [alkarrar-app:0] starting in -fork mode-
2026-09-13T12:16:27: PM2 log: App [alkarrar-app:0] online
2026-09-13T12:16:29: PM2 log: App [alkarrar-app:0] exited with code [1] via signal [SIGINT]
2026-09-13T12:16:29: PM2 log: App [alkarrar-app:0] starting in -fork mode-
2026-09-13T12:16:29: PM2 log: App [alkarrar-app:0] online
2026-09-13T12:16:31: PM2 log: App [alkarrar-app:0] exited with code [1] via signal [SIGINT]
2026-09-13T12:16:31: PM2 log: App [alkarrar-app:0] starting in -fork mode-
2026-09-13T12:16:31: PM2 log: App [alkarrar-app:0] online
2026-09-13T12:16:32: PM2 log: App [alkarrar-app:0] exited with code [1] via signal [SIGINT]
2026-09-13T12:16:32: PM2 log: App [alkarrar-app:0] starting in -fork mode-
2026-09-13T12:16:32: PM2 log: App [alkarrar-app:0] online
2026-09-13T12:16:34: PM2 log: App [alkarrar-app:0] exited with code [1] via signal [SIGINT]
2026-09-13T12:16:34: PM2 log: App [alkarrar-app:0] starting in -fork mode-
2026-09-13T12:16:34: PM2 log: App [alkarrar-app:0] online
2026-09-13T12:16:36: PM2 log: App [alkarrar-app:0] exited with code [1] via signal [SIGINT]
2026-09-13T12:16:36: PM2 log: App [alkarrar-app:0] starting in -fork mode-
2026-09-13T12:16:36: PM2 log: App [alkarrar-app:0] online
2026-09-13T12:16:38: PM2 log: App [alkarrar-app:0] exited with code [1] via signal [SIGINT]
2026-09-13T12:16:38: PM2 log: App [alkarrar-app:0] starting in -fork mode-
2026-09-13T12:16:38: PM2 log: App [alkarrar-app:0] online
2026-09-13T12:16:39: PM2 log: App [alkarrar-app:0] exited with code [1] via signal [SIGINT]
2026-09-13T12:16:39: PM2 log: App [alkarrar-app:0] starting in -fork mode-
2026-09-13T12:16:39: PM2 log: App [alkarrar-app:0] online
2026-09-13T12:16:41: PM2 log: App [alkarrar-app:0] exited with code [1] via signal [SIGINT]
2026-09-13T12:16:41: PM2 log: App [alkarrar-app:0] starting in -fork mode-
2026-09-13T12:16:41: PM2 log: App [alkarrar-app:0] online
2026-09-13T12:16:43: PM2 log: App [alkarrar-app:0] exited with code [1] via signal [SIGINT]
2026-09-13T12:16:43: PM2 log: App [alkarrar-app:0] starting in -fork mode-
2026-09-13T12:16:43: PM2 log: App [alkarrar-app:0] online
2026-09-13T12:16:45: PM2 log: App [alkarrar-app:0] exited with code [1] via signal [SIGINT]
2026-09-13T12:16:45: PM2 log: App [alkarrar-app:0] starting in -fork mode-
2026-09-13T12:16:45: PM2 log: App [alkarrar-app:0] online
2026-09-13T12:16:46: PM2 log: App [alkarrar-app:0] exited with code [1] via signal [SIGINT]
2026-09-13T12:16:46: PM2 log: App [alkarrar-app:0] starting in -fork mode-
2026-09-13T12:16:46: PM2 log: App [alkarrar-app:0] online
2026-09-13T12:16:48: PM2 log: App [alkarrar-app:0] exited with code [1] via signal [SIGINT]
2026-09-13T12:16:48: PM2 log: App [alkarrar-app:0] starting in -fork mode-
2026-09-13T12:16:48: PM2 log: App [alkarrar-app:0] online
2026-09-13T12:16:50: PM2 log: App [alkarrar-app:0] exited with code [1] via signal [SIGINT]
2026-09-13T12:16:50: PM2 log: App [alkarrar-app:0] starting in -fork mode-
2026-09-13T12:16:50: PM2 log: App [alkarrar-app:0] online
2026-09-13T12:16:52: PM2 log: App [alkarrar-app:0] exited with code [1] via signal [SIGINT]
2026-09-13T12:16:52: PM2 log: App [alkarrar-app:0] starting in -fork mode-
2026-09-13T12:16:52: PM2 log: App [alkarrar-app:0] online
2026-09-13T12:16:53: PM2 log: App [alkarrar-app:0] exited with code [1] via signal [SIGINT]
2026-09-13T12:16:53: PM2 log: App [alkarrar-app:0] starting in -fork mode-
2026-09-13T12:16:53: PM2 log: App [alkarrar-app:0] online
2026-09-13T12:16:55: PM2 log: App [alkarrar-app:0] exited with code [1] via signal [SIGINT]
2026-09-13T12:16:55: PM2 log: App [alkarrar-app:0] starting in -fork mode-
2026-09-13T12:16:55: PM2 log: App [alkarrar-app:0] online
2026-09-13T12:16:56: PM2 log: App [alkarrar-app:0] exited with code [1] via signal [SIGINT]
2026-09-13T12:16:56: PM2 log: App [alkarrar-app:0] starting in -fork mode-
2026-09-13T12:16:56: PM2 log: App [alkarrar-app:0] online
2026-09-13T12:16:58: PM2 log: App [alkarrar-app:0] exited with code [1] via signal [SIGINT]
2026-09-13T12:16:58: PM2 log: App [alkarrar-app:0] starting in -fork mode-
2026-09-13T12:16:58: PM2 log: App [alkarrar-app:0] online
2026-09-13T12:17:00: PM2 log: App [alkarrar-app:0] exited with code [1] via signal [SIGINT]
2026-09-13T12:17:00: PM2 log: App [alkarrar-app:0] starting in -fork mode-
2026-09-13T12:17:00: PM2 log: App [alkarrar-app:0] online
2026-09-13T12:17:02: PM2 log: App [alkarrar-app:0] exited with code [1] via signal [SIGINT]
2026-09-13T12:17:02: PM2 log: App [alkarrar-app:0] starting in -fork mode-
2026-09-13T12:17:02: PM2 log: App [alkarrar-app:0] online
2026-09-13T12:17:04: PM2 log: App [alkarrar-app:0] exited with code [1] via signal [SIGINT]
2026-09-13T12:17:04: PM2 log: App [alkarrar-app:0] starting in -fork mode-
2026-09-13T12:17:04: PM2 log: App [alkarrar-app:0] online
2026-09-13T12:17:06: PM2 log: App [alkarrar-app:0] exited with code [1] via signal [SIGINT]
2026-09-13T12:17:06: PM2 log: App [alkarrar-app:0] starting in -fork mode-
2026-09-13T12:17:06: PM2 log: App [alkarrar-app:0] online
2026-09-13T12:17:08: PM2 log: App [alkarrar-app:0] exited with code [1] via signal [SIGINT]
2026-09-13T12:17:08: PM2 log: App [alkarrar-app:0] starting in -fork mode-
2026-09-13T12:17:08: PM2 log: App [alkarrar-app:0] online
2026-09-13T12:17:10: PM2 log: App [alkarrar-app:0] exited with code [1] via signal [SIGINT]
2026-09-13T12:17:10: PM2 log: App [alkarrar-app:0] starting in -fork mode-
2026-09-13T12:17:10: PM2 log: App [alkarrar-app:0] online
2026-09-13T12:17:12: PM2 log: App [alkarrar-app:0] exited with code [1] via signal [SIGINT]
2026-09-13T12:17:12: PM2 log: App [alkarrar-app:0] starting in -fork mode-
2026-09-13T12:17:12: PM2 log: App [alkarrar-app:0] online
2026-09-13T12:17:13: PM2 log: App [alkarrar-app:0] exited with code [1] via signal [SIGINT]
2026-09-13T12:17:13: PM2 log: App [alkarrar-app:0] starting in -fork mode-
2026-09-13T12:17:13: PM2 log: App [alkarrar-app:0] online
2026-09-13T12:17:15: PM2 log: App [alkarrar-app:0] exited with code [1] via signal [SIGINT]
2026-09-13T12:17:15: PM2 log: App [alkarrar-app:0] starting in -fork mode-
2026-09-13T12:17:15: PM2 log: App [alkarrar-app:0] online
2026-09-13T12:17:17: PM2 log: App [alkarrar-app:0] exited with code [1] via signal [SIGINT]
2026-09-13T12:17:17: PM2 log: App [alkarrar-app:0] starting in -fork mode-
2026-09-13T12:17:17: PM2 log: App [alkarrar-app:0] online
2026-09-13T12:17:18: PM2 log: App [alkarrar-app:0] exited with code [1] via signal [SIGINT]
2026-09-13T12:17:18: PM2 log: App [alkarrar-app:0] starting in -fork mode-
2026-09-13T12:17:18: PM2 log: App [alkarrar-app:0] online
2026-09-13T12:17:20: PM2 log: App [alkarrar-app:0] exited with code [1] via signal [SIGINT]
2026-09-13T12:17:20: PM2 log: App [alkarrar-app:0] starting in -fork mode-
2026-09-13T12:17:20: PM2 log: App [alkarrar-app:0] online
2026-09-13T12:17:22: PM2 log: App [alkarrar-app:0] exited with code [1] via signal [SIGINT]
2026-09-13T12:17:22: PM2 log: App [alkarrar-app:0] starting in -fork mode-
2026-09-13T12:17:22: PM2 log: App [alkarrar-app:0] online
2026-09-13T12:17:24: PM2 log: App [alkarrar-app:0] exited with code [1] via signal [SIGINT]
2026-09-13T12:17:24: PM2 log: App [alkarrar-app:0] starting in -fork mode-
2026-09-13T12:17:24: PM2 log: App [alkarrar-app:0] online
2026-09-13T12:17:26: PM2 log: App [alkarrar-app:0] exited with code [1] via signal [SIGINT]
2026-09-13T12:17:26: PM2 log: App [alkarrar-app:0] starting in -fork mode-
2026-09-13T12:17:26: PM2 log: App [alkarrar-app:0] online
2026-09-13T12:17:27: PM2 log: App [alkarrar-app:0] exited with code [1] via signal [SIGINT]
2026-09-13T12:17:27: PM2 log: App [alkarrar-app:0] starting in -fork mode-
2026-09-13T12:17:27: PM2 log: App [alkarrar-app:0] online
2026-09-13T12:17:29: PM2 log: App [alkarrar-app:0] exited with code [1] via signal [SIGINT]
2026-09-13T12:17:29: PM2 log: App [alkarrar-app:0] starting in -fork mode-
2026-09-13T12:17:29: PM2 log: App [alkarrar-app:0] online
2026-09-13T12:17:31: PM2 log: App [alkarrar-app:0] exited with code [1] via signal [SIGINT]
2026-09-13T12:17:31: PM2 log: App [alkarrar-app:0] starting in -fork mode-
2026-09-13T12:17:31: PM2 log: App [alkarrar-app:0] online
2026-09-13T12:17:33: PM2 log: App [alkarrar-app:0] exited with code [1] via signal [SIGINT]
2026-09-13T12:17:33: PM2 log: App [alkarrar-app:0] starting in -fork mode-
2026-09-13T12:17:33: PM2 log: App [alkarrar-app:0] online
2026-09-13T12:17:35: PM2 log: App [alkarrar-app:0] exited with code [1] via signal [SIGINT]
2026-09-13T12:17:35: PM2 log: App [alkarrar-app:0] starting in -fork mode-
2026-09-13T12:17:35: PM2 log: App [alkarrar-app:0] online
2026-09-13T12:17:37: PM2 log: App [alkarrar-app:0] exited with code [1] via signal [SIGINT]
2026-09-13T12:17:37: PM2 log: App [alkarrar-app:0] starting in -fork mode-
2026-09-13T12:17:37: PM2 log: App [alkarrar-app:0] online
2026-09-13T12:17:39: PM2 log: App [alkarrar-app:0] exited with code [1] via signal [SIGINT]
2026-09-13T12:17:39: PM2 log: App [alkarrar-app:0] starting in -fork mode-
2026-09-13T12:17:39: PM2 log: App [alkarrar-app:0] online
2026-09-13T12:17:41: PM2 log: App [alkarrar-app:0] exited with code [1] via signal [SIGINT]
2026-09-13T12:17:41: PM2 log: App [alkarrar-app:0] starting in -fork mode-
2026-09-13T12:17:41: PM2 log: App [alkarrar-app:0] online
2026-09-13T12:17:42: PM2 log: App [alkarrar-app:0] exited with code [1] via signal [SIGINT]
2026-09-13T12:17:42: PM2 log: App [alkarrar-app:0] starting in -fork mode-
2026-09-13T12:17:42: PM2 log: App [alkarrar-app:0] online
2026-09-13T12:17:44: PM2 log: App [alkarrar-app:0] exited with code [1] via signal [SIGINT]
2026-09-13T12:17:44: PM2 log: App [alkarrar-app:0] starting in -fork mode-
2026-09-13T12:17:44: PM2 log: App [alkarrar-app:0] online
2026-09-13T12:17:46: PM2 log: App [alkarrar-app:0] exited with code [1] via signal [SIGINT]
2026-09-13T12:17:46: PM2 log: App [alkarrar-app:0] starting in -fork mode-
2026-09-13T12:17:46: PM2 log: App [alkarrar-app:0] online
2026-09-13T12:17:47: PM2 log: App [alkarrar-app:0] exited with code [1] via signal [SIGINT]
2026-09-13T12:17:47: PM2 log: App [alkarrar-app:0] starting in -fork mode-
2026-09-13T12:17:47: PM2 log: App [alkarrar-app:0] online
2026-09-13T12:17:49: PM2 log: App [alkarrar-app:0] exited with code [1] via signal [SIGINT]
2026-09-13T12:17:49: PM2 log: App [alkarrar-app:0] starting in -fork mode-
2026-09-13T12:17:49: PM2 log: App [alkarrar-app:0] online
2026-09-13T12:17:51: PM2 log: App [alkarrar-app:0] exited with code [1] via signal [SIGINT]
2026-09-13T12:17:51: PM2 log: App [alkarrar-app:0] starting in -fork mode-
2026-09-13T12:17:51: PM2 log: App [alkarrar-app:0] online
2026-09-13T12:17:53: PM2 log: App [alkarrar-app:0] exited with code [1] via signal [SIGINT]
2026-09-13T12:17:53: PM2 log: App [alkarrar-app:0] starting in -fork mode-
2026-09-13T12:17:53: PM2 log: App [alkarrar-app:0] online
2026-09-13T12:17:55: PM2 log: App [alkarrar-app:0] exited with code [1] via signal [SIGINT]
2026-09-13T12:17:55: PM2 log: App [alkarrar-app:0] starting in -fork mode-
2026-09-13T12:17:55: PM2 log: App [alkarrar-app:0] online
2026-09-13T12:17:56: PM2 log: App [alkarrar-app:0] exited with code [1] via signal [SIGINT]
2026-09-13T12:17:56: PM2 log: App [alkarrar-app:0] starting in -fork mode-
2026-09-13T12:17:56: PM2 log: App [alkarrar-app:0] online
2026-09-13T12:17:58: PM2 log: App [alkarrar-app:0] exited with code [1] via signal [SIGINT]
2026-09-13T12:17:58: PM2 log: App [alkarrar-app:0] starting in -fork mode-
2026-09-13T12:17:58: PM2 log: App [alkarrar-app:0] online
2026-09-13T12:18:00: PM2 log: App [alkarrar-app:0] exited with code [1] via signal [SIGINT]
2026-09-13T12:18:00: PM2 log: App [alkarrar-app:0] starting in -fork mode-
2026-09-13T12:18:00: PM2 log: App [alkarrar-app:0] online
2026-09-13T12:18:02: PM2 log: App [alkarrar-app:0] exited with code [1] via signal [SIGINT]
2026-09-13T12:18:02: PM2 log: App [alkarrar-app:0] starting in -fork mode-
2026-09-13T12:18:02: PM2 log: App [alkarrar-app:0] online
2026-09-13T12:18:04: PM2 log: App [alkarrar-app:0] exited with code [1] via signal [SIGINT]
2026-09-13T12:18:04: PM2 log: App [alkarrar-app:0] starting in -fork mode-
2026-09-13T12:18:04: PM2 log: App [alkarrar-app:0] online
2026-09-13T12:18:06: PM2 log: App [alkarrar-app:0] exited with code [1] via signal [SIGINT]
2026-09-13T12:18:06: PM2 log: App [alkarrar-app:0] starting in -fork mode-
2026-09-13T12:18:06: PM2 log: App [alkarrar-app:0] online
2026-09-13T12:18:08: PM2 log: App [alkarrar-app:0] exited with code [1] via signal [SIGINT]
2026-09-13T12:18:08: PM2 log: App [alkarrar-app:0] starting in -fork mode-
2026-09-13T12:18:08: PM2 log: App [alkarrar-app:0] online
2026-09-13T12:18:09: PM2 log: App [alkarrar-app:0] exited with code [1] via signal [SIGINT]
2026-09-13T12:18:09: PM2 log: App [alkarrar-app:0] starting in -fork mode-
2026-09-13T12:18:09: PM2 log: App [alkarrar-app:0] online
2026-09-13T12:18:11: PM2 log: App [alkarrar-app:0] exited with code [1] via signal [SIGINT]
2026-09-13T12:18:11: PM2 log: App [alkarrar-app:0] starting in -fork mode-
2026-09-13T12:18:11: PM2 log: App [alkarrar-app:0] online
2026-09-13T12:18:13: PM2 log: App [alkarrar-app:0] exited with code [1] via signal [SIGINT]
2026-09-13T12:18:13: PM2 log: App [alkarrar-app:0] starting in -fork mode-
2026-09-13T12:18:13: PM2 log: App [alkarrar-app:0] online
2026-09-13T12:18:15: PM2 log: App [alkarrar-app:0] exited with code [1] via signal [SIGINT]
2026-09-13T12:18:15: PM2 log: App [alkarrar-app:0] starting in -fork mode-
2026-09-13T12:18:15: PM2 log: App [alkarrar-app:0] online
2026-09-13T12:18:16: PM2 log: App [alkarrar-app:0] exited with code [1] via signal [SIGINT]
2026-09-13T12:18:16: PM2 log: App [alkarrar-app:0] starting in -fork mode-
2026-09-13T12:18:16: PM2 log: App [alkarrar-app:0] online
2026-09-13T12:18:18: PM2 log: App [alkarrar-app:0] exited with code [1] via signal [SIGINT]
2026-09-13T12:18:18: PM2 log: App [alkarrar-app:0] starting in -fork mode-
2026-09-13T12:18:18: PM2 log: App [alkarrar-app:0] online
2026-09-13T12:18:20: PM2 log: App [alkarrar-app:0] exited with code [1] via signal [SIGINT]
2026-09-13T12:18:20: PM2 log: App [alkarrar-app:0] starting in -fork mode-
2026-09-13T12:18:20: PM2 log: App [alkarrar-app:0] online
2026-09-13T12:18:21: PM2 log: App [alkarrar-app:0] exited with code [1] via signal [SIGINT]
2026-09-13T12:18:21: PM2 log: App [alkarrar-app:0] starting in -fork mode-
2026-09-13T12:18:21: PM2 log: App [alkarrar-app:0] online
2026-09-13T12:18:23: PM2 log: App [alkarrar-app:0] exited with code [1] via signal [SIGINT]
2026-09-13T12:18:23: PM2 log: App [alkarrar-app:0] starting in -fork mode-
2026-09-13T12:18:23: PM2 log: App [alkarrar-app:0] online
2026-09-13T12:18:25: PM2 log: App [alkarrar-app:0] exited with code [1] via signal [SIGINT]
2026-09-13T12:18:25: PM2 log: App [alkarrar-app:0] starting in -fork mode-
2026-09-13T12:18:25: PM2 log: App [alkarrar-app:0] online
2026-09-13T12:18:27: PM2 log: App [alkarrar-app:0] exited with code [1] via signal [SIGINT]
2026-09-13T12:18:27: PM2 log: App [alkarrar-app:0] starting in -fork mode-
2026-09-13T12:18:27: PM2 log: App [alkarrar-app:0] online
2026-09-13T12:18:28: PM2 log: App [alkarrar-app:0] exited with code [1] via signal [SIGINT]
2026-09-13T12:18:28: PM2 log: App [alkarrar-app:0] starting in -fork mode-
2026-09-13T12:18:28: PM2 log: App [alkarrar-app:0] online
2026-09-13T12:18:30: PM2 log: App [alkarrar-app:0] exited with code [1] via signal [SIGINT]
2026-09-13T12:18:30: PM2 log: App [alkarrar-app:0] starting in -fork mode-
2026-09-13T12:18:30: PM2 log: App [alkarrar-app:0] online
2026-09-13T12:18:32: PM2 log: App [alkarrar-app:0] exited with code [1] via signal [SIGINT]
2026-09-13T12:18:32: PM2 log: App [alkarrar-app:0] starting in -fork mode-
2026-09-13T12:18:32: PM2 log: App [alkarrar-app:0] online
2026-09-13T12:18:34: PM2 log: App [alkarrar-app:0] exited with code [1] via signal [SIGINT]
2026-09-13T12:18:34: PM2 log: App [alkarrar-app:0] starting in -fork mode-
2026-09-13T12:18:34: PM2 log: App [alkarrar-app:0] online
2026-09-13T12:18:36: PM2 log: App [alkarrar-app:0] exited with code [1] via signal [SIGINT]
2026-09-13T12:18:36: PM2 log: App [alkarrar-app:0] starting in -fork mode-
2026-09-13T12:18:36: PM2 log: App [alkarrar-app:0] online
2026-09-13T12:18:38: PM2 log: App [alkarrar-app:0] exited with code [1] via signal [SIGINT]
2026-09-13T12:18:38: PM2 log: App [alkarrar-app:0] starting in -fork mode-
2026-09-13T12:18:38: PM2 log: App [alkarrar-app:0] online
2026-09-13T12:18:40: PM2 log: App [alkarrar-app:0] exited with code [1] via signal [SIGINT]
2026-09-13T12:18:40: PM2 log: App [alkarrar-app:0] starting in -fork mode-
2026-09-13T12:18:40: PM2 log: App [alkarrar-app:0] online
2026-09-13T12:18:41: PM2 log: App [alkarrar-app:0] exited with code [1] via signal [SIGINT]
2026-09-13T12:18:41: PM2 log: App [alkarrar-app:0] starting in -fork mode-
2026-09-13T12:18:41: PM2 log: App [alkarrar-app:0] online
2026-09-13T12:18:43: PM2 log: App [alkarrar-app:0] exited with code [1] via signal [SIGINT]
2026-09-13T12:18:43: PM2 log: App [alkarrar-app:0] starting in -fork mode-
2026-09-13T12:18:43: PM2 log: App [alkarrar-app:0] online
2026-09-13T12:18:45: PM2 log: App [alkarrar-app:0] exited with code [1] via signal [SIGINT]
2026-09-13T12:18:45: PM2 log: App [alkarrar-app:0] starting in -fork mode-
2026-09-13T12:18:45: PM2 log: App [alkarrar-app:0] online
2026-09-13T12:18:47: PM2 log: App [alkarrar-app:0] exited with code [1] via signal [SIGINT]
2026-09-13T12:18:47: PM2 log: App [alkarrar-app:0] starting in -fork mode-
2026-09-13T12:18:47: PM2 log: App [alkarrar-app:0] online
2026-09-13T12:18:48: PM2 log: App [alkarrar-app:0] exited with code [1] via signal [SIGINT]
2026-09-13T12:18:48: PM2 log: App [alkarrar-app:0] starting in -fork mode-
2026-09-13T12:18:48: PM2 log: App [alkarrar-app:0] online
2026-09-13T12:18:50: PM2 log: App [alkarrar-app:0] exited with code [1] via signal [SIGINT]
2026-09-13T12:18:50: PM2 log: App [alkarrar-app:0] starting in -fork mode-
2026-09-13T12:18:50: PM2 log: App [alkarrar-app:0] online
2026-09-13T12:18:52: PM2 log: App [alkarrar-app:0] exited with code [1] via signal [SIGINT]
2026-09-13T12:18:52: PM2 log: App [alkarrar-app:0] starting in -fork mode-
2026-09-13T12:18:52: PM2 log: App [alkarrar-app:0] online
2026-09-13T12:18:54: PM2 log: App [alkarrar-app:0] exited with code [1] via signal [SIGINT]
2026-09-13T12:18:54: PM2 log: App [alkarrar-app:0] starting in -fork mode-
2026-09-13T12:18:54: PM2 log: App [alkarrar-app:0] online
2026-09-13T12:18:56: PM2 log: App [alkarrar-app:0] exited with code [1] via signal [SIGINT]
2026-09-13T12:18:56: PM2 log: App [alkarrar-app:0] starting in -fork mode-
2026-09-13T12:18:56: PM2 log: App [alkarrar-app:0] online
2026-09-13T12:18:57: PM2 log: App [alkarrar-app:0] exited with code [1] via signal [SIGINT]
2026-09-13T12:18:57: PM2 log: App [alkarrar-app:0] starting in -fork mode-
2026-09-13T12:18:57: PM2 log: App [alkarrar-app:0] online
2026-09-13T12:18:59: PM2 log: App [alkarrar-app:0] exited with code [1] via signal [SIGINT]
2026-09-13T12:18:59: PM2 log: App [alkarrar-app:0] starting in -fork mode-
2026-09-13T12:18:59: PM2 log: App [alkarrar-app:0] online
2026-09-13T12:19:01: PM2 log: App [alkarrar-app:0] exited with code [1] via signal [SIGINT]
2026-09-13T12:19:01: PM2 log: App [alkarrar-app:0] starting in -fork mode-
2026-09-13T12:19:01: PM2 log: App [alkarrar-app:0] online
2026-09-13T12:19:03: PM2 log: App [alkarrar-app:0] exited with code [1] via signal [SIGINT]
2026-09-13T12:19:03: PM2 log: App [alkarrar-app:0] starting in -fork mode-
2026-09-13T12:19:03: PM2 log: App [alkarrar-app:0] online
2026-09-13T12:19:05: PM2 log: App [alkarrar-app:0] exited with code [1] via signal [SIGINT]
2026-09-13T12:19:05: PM2 log: App [alkarrar-app:0] starting in -fork mode-
2026-09-13T12:19:05: PM2 log: App [alkarrar-app:0] online
2026-09-13T12:19:07: PM2 log: App [alkarrar-app:0] exited with code [1] via signal [SIGINT]
2026-09-13T12:19:07: PM2 log: App [alkarrar-app:0] starting in -fork mode-
2026-09-13T12:19:07: PM2 log: App [alkarrar-app:0] online
2026-09-13T12:19:08: PM2 log: App [alkarrar-app:0] exited with code [1] via signal [SIGINT]
2026-09-13T12:19:08: PM2 log: App [alkarrar-app:0] starting in -fork mode-
2026-09-13T12:19:08: PM2 log: App [alkarrar-app:0] online
2026-09-13T12:19:10: PM2 log: App [alkarrar-app:0] exited with code [1] via signal [SIGINT]
2026-09-13T12:19:10: PM2 log: App [alkarrar-app:0] starting in -fork mode-
2026-09-13T12:19:10: PM2 log: App [alkarrar-app:0] online
2026-09-13T12:19:12: PM2 log: App [alkarrar-app:0] exited with code [1] via signal [SIGINT]
2026-09-13T12:19:12: PM2 log: App [alkarrar-app:0] starting in -fork mode-
2026-09-13T12:19:12: PM2 log: App [alkarrar-app:0] online
2026-09-13T12:19:14: PM2 log: App [alkarrar-app:0] exited with code [1] via signal [SIGINT]
2026-09-13T12:19:14: PM2 log: App [alkarrar-app:0] starting in -fork mode-
2026-09-13T12:19:14: PM2 log: App [alkarrar-app:0] online
2026-09-13T12:19:15: PM2 log: App [alkarrar-app:0] exited with code [1] via signal [SIGINT]
2026-09-13T12:19:15: PM2 log: App [alkarrar-app:0] starting in -fork mode-
2026-09-13T12:19:15: PM2 log: App [alkarrar-app:0] online
2026-09-13T12:19:17: PM2 log: App [alkarrar-app:0] exited with code [1] via signal [SIGINT]
2026-09-13T12:19:17: PM2 log: App [alkarrar-app:0] starting in -fork mode-
2026-09-13T12:19:17: PM2 log: App [alkarrar-app:0] online
2026-09-13T12:19:19: PM2 log: App [alkarrar-app:0] exited with code [1] via signal [SIGINT]
2026-09-13T12:19:19: PM2 log: App [alkarrar-app:0] starting in -fork mode-
2026-09-13T12:19:19: PM2 log: App [alkarrar-app:0] online
2026-09-13T12:19:21: PM2 log: App [alkarrar-app:0] exited with code [1] via signal [SIGINT]
2026-09-13T12:19:21: PM2 log: App [alkarrar-app:0] starting in -fork mode-
2026-09-13T12:19:21: PM2 log: App [alkarrar-app:0] online
2026-09-13T12:19:23: PM2 log: App [alkarrar-app:0] exited with code [1] via signal [SIGINT]
2026-09-13T12:19:23: PM2 log: App [alkarrar-app:0] starting in -fork mode-
2026-09-13T12:19:23: PM2 log: App [alkarrar-app:0] online
2026-09-13T12:19:24: PM2 log: App [alkarrar-app:0] exited with code [1] via signal [SIGINT]
2026-09-13T12:19:24: PM2 log: App [alkarrar-app:0] starting in -fork mode-
2026-09-13T12:19:24: PM2 log: App [alkarrar-app:0] online
2026-09-13T12:19:26: PM2 log: App [alkarrar-app:0] exited with code [1] via signal [SIGINT]
2026-09-13T12:19:26: PM2 log: App [alkarrar-app:0] starting in -fork mode-
2026-09-13T12:19:26: PM2 log: App [alkarrar-app:0] online
2026-09-13T12:19:28: PM2 log: App [alkarrar-app:0] exited with code [1] via signal [SIGINT]
2026-09-13T12:19:28: PM2 log: App [alkarrar-app:0] starting in -fork mode-
2026-09-13T12:19:28: PM2 log: App [alkarrar-app:0] online
2026-09-13T12:19:29: PM2 log: App [alkarrar-app:0] exited with code [1] via signal [SIGINT]
2026-09-13T12:19:29: PM2 log: App [alkarrar-app:0] starting in -fork mode-
2026-09-13T12:19:29: PM2 log: App [alkarrar-app:0] online
2026-09-13T12:19:31: PM2 log: App [alkarrar-app:0] exited with code [1] via signal [SIGINT]
2026-09-13T12:19:31: PM2 log: App [alkarrar-app:0] starting in -fork mode-
2026-09-13T12:19:31: PM2 log: App [alkarrar-app:0] online
2026-09-13T12:19:33: PM2 log: App [alkarrar-app:0] exited with code [1] via signal [SIGINT]
2026-09-13T12:19:33: PM2 log: App [alkarrar-app:0] starting in -fork mode-
2026-09-13T12:19:33: PM2 log: App [alkarrar-app:0] online
2026-09-13T12:19:35: PM2 log: App [alkarrar-app:0] exited with code [1] via signal [SIGINT]
2026-09-13T12:19:35: PM2 log: App [alkarrar-app:0] starting in -fork mode-
2026-09-13T12:19:35: PM2 log: App [alkarrar-app:0] online
2026-09-13T12:19:37: PM2 log: App [alkarrar-app:0] exited with code [1] via signal [SIGINT]
2026-09-13T12:19:37: PM2 log: App [alkarrar-app:0] starting in -fork mode-
2026-09-13T12:19:37: PM2 log: App [alkarrar-app:0] online
2026-09-13T12:19:38: PM2 log: App [alkarrar-app:0] exited with code [1] via signal [SIGINT]
2026-09-13T12:19:38: PM2 log: App [alkarrar-app:0] starting in -fork mode-
2026-09-13T12:19:38: PM2 log: App [alkarrar-app:0] online
2026-09-13T12:19:40: PM2 log: App [alkarrar-app:0] exited with code [1] via signal [SIGINT]
2026-09-13T12:19:40: PM2 log: App [alkarrar-app:0] starting in -fork mode-
2026-09-13T12:19:40: PM2 log: App [alkarrar-app:0] online
2026-09-13T12:19:42: PM2 log: App [alkarrar-app:0] exited with code [1] via signal [SIGINT]
2026-09-13T12:19:42: PM2 log: App [alkarrar-app:0] starting in -fork mode-
2026-09-13T12:19:42: PM2 log: App [alkarrar-app:0] online
2026-09-13T12:19:44: PM2 log: App [alkarrar-app:0] exited with code [1] via signal [SIGINT]
2026-09-13T12:19:44: PM2 log: App [alkarrar-app:0] starting in -fork mode-
2026-09-13T12:19:44: PM2 log: App [alkarrar-app:0] online
2026-09-13T12:19:45: PM2 log: App [alkarrar-app:0] exited with code [1] via signal [SIGINT]
2026-09-13T12:19:45: PM2 log: App [alkarrar-app:0] starting in -fork mode-
2026-09-13T12:19:45: PM2 log: App [alkarrar-app:0] online
2026-09-13T12:19:47: PM2 log: App [alkarrar-app:0] exited with code [1] via signal [SIGINT]
2026-09-13T12:19:47: PM2 log: App [alkarrar-app:0] starting in -fork mode-
2026-09-13T12:19:47: PM2 log: App [alkarrar-app:0] online
2026-09-13T12:19:49: PM2 log: App [alkarrar-app:0] exited with code [1] via signal [SIGINT]
2026-09-13T12:19:49: PM2 log: App [alkarrar-app:0] starting in -fork mode-
2026-09-13T12:19:49: PM2 log: App [alkarrar-app:0] online
2026-09-13T12:19:50: PM2 log: App [alkarrar-app:0] exited with code [1] via signal [SIGINT]
2026-09-13T12:19:50: PM2 log: App [alkarrar-app:0] starting in -fork mode-
2026-09-13T12:19:50: PM2 log: App [alkarrar-app:0] online
2026-09-13T12:24:12: PM2 log: Stopping app:alkarrar-app id:0
2026-09-13T12:24:12: PM2 log: App [alkarrar-app:0] exited with code [0] via signal [SIGINT]
2026-09-13T12:24:12: PM2 log: pid=114249 msg=process tree killed (3 pids)
2026-09-13T12:24:12: PM2 log: App [alkarrar-app:0] starting in -fork mode-
2026-09-13T12:24:12: PM2 log: App [alkarrar-app:0] online
2026-09-13T12:24:14: PM2 log: App [alkarrar-app:0] exited with code [1] via signal [SIGINT]
2026-09-13T12:24:14: PM2 log: App [alkarrar-app:0] starting in -fork mode-
2026-09-13T12:24:14: PM2 log: App [alkarrar-app:0] online
2026-09-13T12:24:16: PM2 log: App [alkarrar-app:0] exited with code [1] via signal [SIGINT]
2026-09-13T12:24:16: PM2 log: App [alkarrar-app:0] starting in -fork mode-
2026-09-13T12:24:16: PM2 log: App [alkarrar-app:0] online
2026-09-13T12:24:18: PM2 log: App [alkarrar-app:0] exited with code [1] via signal [SIGINT]
2026-09-13T12:24:18: PM2 log: App [alkarrar-app:0] starting in -fork mode-
2026-09-13T12:24:18: PM2 log: App [alkarrar-app:0] online
2026-09-13T12:24:19: PM2 log: App [alkarrar-app:0] exited with code [1] via signal [SIGINT]
2026-09-13T12:24:19: PM2 log: App [alkarrar-app:0] starting in -fork mode-
2026-09-13T12:24:19: PM2 log: App [alkarrar-app:0] online
2026-09-13T12:24:21: PM2 log: App [alkarrar-app:0] exited with code [1] via signal [SIGINT]
2026-09-13T12:24:21: PM2 log: App [alkarrar-app:0] starting in -fork mode-
2026-09-13T12:24:21: PM2 log: App [alkarrar-app:0] online
2026-09-13T12:24:23: PM2 log: App [alkarrar-app:0] exited with code [1] via signal [SIGINT]
2026-09-13T12:24:23: PM2 log: App [alkarrar-app:0] starting in -fork mode-
2026-09-13T12:24:23: PM2 log: App [alkarrar-app:0] online
2026-09-13T12:24:25: PM2 log: App [alkarrar-app:0] exited with code [1] via signal [SIGINT]
2026-09-13T12:24:25: PM2 log: App [alkarrar-app:0] starting in -fork mode-
2026-09-13T12:24:25: PM2 log: App [alkarrar-app:0] online
2026-09-13T12:24:27: PM2 log: App [alkarrar-app:0] exited with code [1] via signal [SIGINT]
2026-09-13T12:24:27: PM2 log: App [alkarrar-app:0] starting in -fork mode-
2026-09-13T12:24:27: PM2 log: App [alkarrar-app:0] online
2026-09-13T12:24:28: PM2 log: App [alkarrar-app:0] exited with code [1] via signal [SIGINT]
2026-09-13T12:24:28: PM2 log: App [alkarrar-app:0] starting in -fork mode-
2026-09-13T12:24:28: PM2 log: App [alkarrar-app:0] online
2026-09-13T12:24:30: PM2 log: App [alkarrar-app:0] exited with code [1] via signal [SIGINT]
2026-09-13T12:24:30: PM2 log: App [alkarrar-app:0] starting in -fork mode-
2026-09-13T12:24:30: PM2 log: App [alkarrar-app:0] online
2026-09-13T12:24:32: PM2 log: App [alkarrar-app:0] exited with code [1] via signal [SIGINT]
2026-09-13T12:24:32: PM2 log: App [alkarrar-app:0] starting in -fork mode-
2026-09-13T12:24:32: PM2 log: App [alkarrar-app:0] online
2026-09-13T12:24:34: PM2 log: App [alkarrar-app:0] exited with code [1] via signal [SIGINT]
2026-09-13T12:24:34: PM2 log: App [alkarrar-app:0] starting in -fork mode-
2026-09-13T12:24:34: PM2 log: App [alkarrar-app:0] online
2026-09-13T12:24:35: PM2 log: App [alkarrar-app:0] exited with code [1] via signal [SIGINT]
2026-09-13T12:24:35: PM2 log: App [alkarrar-app:0] starting in -fork mode-
2026-09-13T12:24:35: PM2 log: App [alkarrar-app:0] online
2026-09-13T12:24:37: PM2 log: App [alkarrar-app:0] exited with code [1] via signal [SIGINT]
2026-09-13T12:24:37: PM2 log: App [alkarrar-app:0] starting in -fork mode-
2026-09-13T12:24:37: PM2 log: App [alkarrar-app:0] online
2026-09-13T12:24:39: PM2 log: App [alkarrar-app:0] exited with code [1] via signal [SIGINT]
2026-09-13T12:24:39: PM2 log: App [alkarrar-app:0] starting in -fork mode-
2026-09-13T12:24:39: PM2 log: App [alkarrar-app:0] online
2026-09-13T12:24:41: PM2 log: App [alkarrar-app:0] exited with code [1] via signal [SIGINT]
2026-09-13T12:24:41: PM2 log: App [alkarrar-app:0] starting in -fork mode-
2026-09-13T12:24:41: PM2 log: App [alkarrar-app:0] online
2026-09-13T12:24:42: PM2 log: App [alkarrar-app:0] exited with code [1] via signal [SIGINT]
2026-09-13T12:24:42: PM2 log: App [alkarrar-app:0] starting in -fork mode-
2026-09-13T12:24:42: PM2 log: App [alkarrar-app:0] online
2026-09-13T12:24:44: PM2 log: App [alkarrar-app:0] exited with code [1] via signal [SIGINT]
2026-09-13T12:24:44: PM2 log: App [alkarrar-app:0] starting in -fork mode-
2026-09-13T12:24:44: PM2 log: App [alkarrar-app:0] online
2026-09-13T12:24:46: PM2 log: App [alkarrar-app:0] exited with code [1] via signal [SIGINT]
2026-09-13T12:24:46: PM2 log: App [alkarrar-app:0] starting in -fork mode-
2026-09-13T12:24:46: PM2 log: App [alkarrar-app:0] online
2026-09-13T12:24:48: PM2 log: App [alkarrar-app:0] exited with code [1] via signal [SIGINT]
2026-09-13T12:24:48: PM2 log: App [alkarrar-app:0] starting in -fork mode-
2026-09-13T12:24:48: PM2 log: App [alkarrar-app:0] online
2026-09-13T12:24:50: PM2 log: App [alkarrar-app:0] exited with code [1] via signal [SIGINT]
2026-09-13T12:24:50: PM2 log: App [alkarrar-app:0] starting in -fork mode-
2026-09-13T12:24:50: PM2 log: App [alkarrar-app:0] online
2026-09-13T12:24:51: PM2 log: App [alkarrar-app:0] exited with code [1] via signal [SIGINT]
2026-09-13T12:24:51: PM2 log: App [alkarrar-app:0] starting in -fork mode-
2026-09-13T12:24:51: PM2 log: App [alkarrar-app:0] online
2026-09-13T12:24:53: PM2 log: App [alkarrar-app:0] exited with code [1] via signal [SIGINT]
2026-09-13T12:24:53: PM2 log: App [alkarrar-app:0] starting in -fork mode-
2026-09-13T12:24:53: PM2 log: App [alkarrar-app:0] online
2026-09-13T12:24:55: PM2 log: App [alkarrar-app:0] exited with code [1] via signal [SIGINT]
2026-09-13T12:24:55: PM2 log: App [alkarrar-app:0] starting in -fork mode-
2026-09-13T12:24:55: PM2 log: App [alkarrar-app:0] online
2026-09-13T12:24:57: PM2 log: App [alkarrar-app:0] exited with code [1] via signal [SIGINT]
2026-09-13T12:24:57: PM2 log: App [alkarrar-app:0] starting in -fork mode-
2026-09-13T12:24:57: PM2 log: App [alkarrar-app:0] online
2026-09-13T12:24:58: PM2 log: App [alkarrar-app:0] exited with code [1] via signal [SIGINT]
2026-09-13T12:24:58: PM2 log: App [alkarrar-app:0] starting in -fork mode-
2026-09-13T12:24:58: PM2 log: App [alkarrar-app:0] online
2026-09-13T12:25:00: PM2 log: App [alkarrar-app:0] exited with code [1] via signal [SIGINT]
2026-09-13T12:25:00: PM2 log: App [alkarrar-app:0] starting in -fork mode-
2026-09-13T12:25:00: PM2 log: App [alkarrar-app:0] online
2026-09-13T12:25:02: PM2 log: App [alkarrar-app:0] exited with code [1] via signal [SIGINT]
2026-09-13T12:25:02: PM2 log: App [alkarrar-app:0] starting in -fork mode-
2026-09-13T12:25:02: PM2 log: App [alkarrar-app:0] online
2026-09-13T12:25:05: PM2 log: App [alkarrar-app:0] exited with code [1] via signal [SIGINT]
2026-09-13T12:25:05: PM2 log: App [alkarrar-app:0] starting in -fork mode-
2026-09-13T12:25:05: PM2 log: App [alkarrar-app:0] online
2026-09-13T12:25:07: PM2 log: App [alkarrar-app:0] exited with code [1] via signal [SIGINT]
2026-09-13T12:25:07: PM2 log: App [alkarrar-app:0] starting in -fork mode-
2026-09-13T12:25:07: PM2 log: App [alkarrar-app:0] online
2026-09-13T12:25:09: PM2 log: App [alkarrar-app:0] exited with code [1] via signal [SIGINT]
2026-09-13T12:25:09: PM2 log: App [alkarrar-app:0] starting in -fork mode-
2026-09-13T12:25:09: PM2 log: App [alkarrar-app:0] online
2026-09-13T12:25:11: PM2 log: App [alkarrar-app:0] exited with code [1] via signal [SIGINT]
2026-09-13T12:25:11: PM2 log: App [alkarrar-app:0] starting in -fork mode-
2026-09-13T12:25:11: PM2 log: App [alkarrar-app:0] online
2026-09-13T12:25:13: PM2 log: App [alkarrar-app:0] exited with code [1] via signal [SIGINT]
2026-09-13T12:25:13: PM2 log: App [alkarrar-app:0] starting in -fork mode-
2026-09-13T12:25:13: PM2 log: App [alkarrar-app:0] online
2026-09-13T12:25:15: PM2 log: App [alkarrar-app:0] exited with code [1] via signal [SIGINT]
2026-09-13T12:25:15: PM2 log: App [alkarrar-app:0] starting in -fork mode-
2026-09-13T12:25:15: PM2 log: App [alkarrar-app:0] online
2026-09-13T12:25:17: PM2 log: App [alkarrar-app:0] exited with code [1] via signal [SIGINT]
2026-09-13T12:25:17: PM2 log: App [alkarrar-app:0] starting in -fork mode-
2026-09-13T12:25:17: PM2 log: App [alkarrar-app:0] online
2026-09-13T12:25:18: PM2 log: App [alkarrar-app:0] exited with code [1] via signal [SIGINT]
2026-09-13T12:25:18: PM2 log: App [alkarrar-app:0] starting in -fork mode-
2026-09-13T12:25:18: PM2 log: App [alkarrar-app:0] online
2026-09-13T12:25:20: PM2 log: App [alkarrar-app:0] exited with code [1] via signal [SIGINT]
2026-09-13T12:25:20: PM2 log: App [alkarrar-app:0] starting in -fork mode-
2026-09-13T12:25:20: PM2 log: App [alkarrar-app:0] online
2026-09-13T12:25:22: PM2 log: App [alkarrar-app:0] exited with code [1] via signal [SIGINT]
2026-09-13T12:25:22: PM2 log: App [alkarrar-app:0] starting in -fork mode-
2026-09-13T12:25:22: PM2 log: App [alkarrar-app:0] online
2026-09-13T12:25:24: PM2 log: App [alkarrar-app:0] exited with code [1] via signal [SIGINT]
2026-09-13T12:25:24: PM2 log: App [alkarrar-app:0] starting in -fork mode-
2026-09-13T12:25:24: PM2 log: App [alkarrar-app:0] online
2026-09-13T12:25:26: PM2 log: App [alkarrar-app:0] exited with code [1] via signal [SIGINT]
2026-09-13T12:25:26: PM2 log: App [alkarrar-app:0] starting in -fork mode-
2026-09-13T12:25:26: PM2 log: App [alkarrar-app:0] online
2026-09-13T12:25:28: PM2 log: App [alkarrar-app:0] exited with code [1] via signal [SIGINT]
2026-09-13T12:25:28: PM2 log: App [alkarrar-app:0] starting in -fork mode-
2026-09-13T12:25:28: PM2 log: App [alkarrar-app:0] online
2026-09-13T12:25:30: PM2 log: App [alkarrar-app:0] exited with code [1] via signal [SIGINT]
2026-09-13T12:25:30: PM2 log: App [alkarrar-app:0] starting in -fork mode-
2026-09-13T12:25:30: PM2 log: App [alkarrar-app:0] online
2026-09-13T12:25:32: PM2 log: App [alkarrar-app:0] exited with code [1] via signal [SIGINT]
2026-09-13T12:25:32: PM2 log: App [alkarrar-app:0] starting in -fork mode-
2026-09-13T12:25:32: PM2 log: App [alkarrar-app:0] online
2026-09-13T12:25:34: PM2 log: App [alkarrar-app:0] exited with code [1] via signal [SIGINT]
2026-09-13T12:25:34: PM2 log: App [alkarrar-app:0] starting in -fork mode-
2026-09-13T12:25:34: PM2 log: App [alkarrar-app:0] online
2026-09-13T12:25:36: PM2 log: App [alkarrar-app:0] exited with code [1] via signal [SIGINT]
2026-09-13T12:25:36: PM2 log: App [alkarrar-app:0] starting in -fork mode-
2026-09-13T12:25:36: PM2 log: App [alkarrar-app:0] online
2026-09-13T12:25:37: PM2 log: App [alkarrar-app:0] exited with code [1] via signal [SIGINT]
2026-09-13T12:25:37: PM2 log: App [alkarrar-app:0] starting in -fork mode-
2026-09-13T12:25:37: PM2 log: App [alkarrar-app:0] online
2026-09-13T12:25:39: PM2 log: App [alkarrar-app:0] exited with code [1] via signal [SIGINT]
2026-09-13T12:25:39: PM2 log: App [alkarrar-app:0] starting in -fork mode-
2026-09-13T12:25:39: PM2 log: App [alkarrar-app:0] online
2026-09-13T12:25:41: PM2 log: App [alkarrar-app:0] exited with code [1] via signal [SIGINT]
2026-09-13T12:25:41: PM2 log: App [alkarrar-app:0] starting in -fork mode-
2026-09-13T12:25:41: PM2 log: App [alkarrar-app:0] online
2026-09-13T12:25:43: PM2 log: App [alkarrar-app:0] exited with code [1] via signal [SIGINT]
2026-09-13T12:25:43: PM2 log: App [alkarrar-app:0] starting in -fork mode-
2026-09-13T12:25:43: PM2 log: App [alkarrar-app:0] online
2026-09-13T12:25:44: PM2 log: App [alkarrar-app:0] exited with code [1] via signal [SIGINT]
2026-09-13T12:25:44: PM2 log: App [alkarrar-app:0] starting in -fork mode-
2026-09-13T12:25:44: PM2 log: App [alkarrar-app:0] online
2026-09-13T12:25:46: PM2 log: App [alkarrar-app:0] exited with code [1] via signal [SIGINT]
2026-09-13T12:25:46: PM2 log: App [alkarrar-app:0] starting in -fork mode-
2026-09-13T12:25:46: PM2 log: App [alkarrar-app:0] online
2026-09-13T12:25:48: PM2 log: App [alkarrar-app:0] exited with code [1] via signal [SIGINT]
2026-09-13T12:25:48: PM2 log: App [alkarrar-app:0] starting in -fork mode-
2026-09-13T12:25:48: PM2 log: App [alkarrar-app:0] online
2026-09-13T12:25:50: PM2 log: App [alkarrar-app:0] exited with code [1] via signal [SIGINT]
2026-09-13T12:25:50: PM2 log: App [alkarrar-app:0] starting in -fork mode-
2026-09-13T12:25:50: PM2 log: App [alkarrar-app:0] online
2026-09-13T12:25:51: PM2 log: App [alkarrar-app:0] exited with code [1] via signal [SIGINT]
2026-09-13T12:25:51: PM2 log: App [alkarrar-app:0] starting in -fork mode-
2026-09-13T12:25:51: PM2 log: App [alkarrar-app:0] online
2026-09-13T12:25:53: PM2 log: App [alkarrar-app:0] exited with code [1] via signal [SIGINT]
2026-09-13T12:25:53: PM2 log: App [alkarrar-app:0] starting in -fork mode-
2026-09-13T12:25:53: PM2 log: App [alkarrar-app:0] online
2026-09-13T12:25:55: PM2 log: App [alkarrar-app:0] exited with code [1] via signal [SIGINT]
2026-09-13T12:25:55: PM2 log: App [alkarrar-app:0] starting in -fork mode-
2026-09-13T12:25:55: PM2 log: App [alkarrar-app:0] online
2026-09-13T12:25:57: PM2 log: App [alkarrar-app:0] exited with code [1] via signal [SIGINT]
2026-09-13T12:25:57: PM2 log: App [alkarrar-app:0] starting in -fork mode-
2026-09-13T12:25:57: PM2 log: App [alkarrar-app:0] online
2026-09-13T12:25:59: PM2 log: App [alkarrar-app:0] exited with code [1] via signal [SIGINT]
2026-09-13T12:25:59: PM2 log: App [alkarrar-app:0] starting in -fork mode-
2026-09-13T12:25:59: PM2 log: App [alkarrar-app:0] online
2026-09-13T12:26:01: PM2 log: App [alkarrar-app:0] exited with code [1] via signal [SIGINT]
2026-09-13T12:26:01: PM2 log: App [alkarrar-app:0] starting in -fork mode-
2026-09-13T12:26:01: PM2 log: App [alkarrar-app:0] online
2026-09-13T12:26:03: PM2 log: App [alkarrar-app:0] exited with code [1] via signal [SIGINT]
2026-09-13T12:26:03: PM2 log: App [alkarrar-app:0] starting in -fork mode-
2026-09-13T12:26:03: PM2 log: App [alkarrar-app:0] online
2026-09-13T12:26:05: PM2 log: App [alkarrar-app:0] exited with code [1] via signal [SIGINT]
2026-09-13T12:26:05: PM2 log: App [alkarrar-app:0] starting in -fork mode-
2026-09-13T12:26:05: PM2 log: App [alkarrar-app:0] online
2026-09-13T12:26:07: PM2 log: App [alkarrar-app:0] exited with code [1] via signal [SIGINT]
2026-09-13T12:26:07: PM2 log: App [alkarrar-app:0] starting in -fork mode-
2026-09-13T12:26:07: PM2 log: App [alkarrar-app:0] online
2026-09-13T12:26:09: PM2 log: App [alkarrar-app:0] exited with code [1] via signal [SIGINT]
2026-09-13T12:26:09: PM2 log: App [alkarrar-app:0] starting in -fork mode-
2026-09-13T12:26:09: PM2 log: App [alkarrar-app:0] online
2026-09-13T12:26:11: PM2 log: App [alkarrar-app:0] exited with code [1] via signal [SIGINT]
2026-09-13T12:26:11: PM2 log: App [alkarrar-app:0] starting in -fork mode-
2026-09-13T12:26:11: PM2 log: App [alkarrar-app:0] online
2026-09-13T12:26:12: PM2 log: App [alkarrar-app:0] exited with code [1] via signal [SIGINT]
2026-09-13T12:26:12: PM2 log: App [alkarrar-app:0] starting in -fork mode-
2026-09-13T12:26:12: PM2 log: App [alkarrar-app:0] online
2026-09-13T12:26:14: PM2 log: App [alkarrar-app:0] exited with code [1] via signal [SIGINT]
2026-09-13T12:26:14: PM2 log: App [alkarrar-app:0] starting in -fork mode-
2026-09-13T12:26:14: PM2 log: App [alkarrar-app:0] online
2026-09-13T12:26:16: PM2 log: App [alkarrar-app:0] exited with code [1] via signal [SIGINT]
2026-09-13T12:26:16: PM2 log: App [alkarrar-app:0] starting in -fork mode-
2026-09-13T12:26:16: PM2 log: App [alkarrar-app:0] online
2026-09-13T12:26:18: PM2 log: App [alkarrar-app:0] exited with code [1] via signal [SIGINT]
2026-09-13T12:26:18: PM2 log: App [alkarrar-app:0] starting in -fork mode-
2026-09-13T12:26:18: PM2 log: App [alkarrar-app:0] online
2026-09-13T12:26:20: PM2 log: App [alkarrar-app:0] exited with code [1] via signal [SIGINT]
2026-09-13T12:26:20: PM2 log: App [alkarrar-app:0] starting in -fork mode-
2026-09-13T12:26:20: PM2 log: App [alkarrar-app:0] online
2026-09-13T12:26:21: PM2 log: App [alkarrar-app:0] exited with code [1] via signal [SIGINT]
2026-09-13T12:26:21: PM2 log: App [alkarrar-app:0] starting in -fork mode-
2026-09-13T12:26:21: PM2 log: App [alkarrar-app:0] online
2026-09-13T12:26:23: PM2 log: App [alkarrar-app:0] exited with code [1] via signal [SIGINT]
2026-09-13T12:26:23: PM2 log: App [alkarrar-app:0] starting in -fork mode-
2026-09-13T12:26:23: PM2 log: App [alkarrar-app:0] online
2026-09-13T12:26:25: PM2 log: App [alkarrar-app:0] exited with code [1] via signal [SIGINT]
2026-09-13T12:26:25: PM2 log: App [alkarrar-app:0] starting in -fork mode-
2026-09-13T12:26:25: PM2 log: App [alkarrar-app:0] online
2026-09-13T12:26:27: PM2 log: App [alkarrar-app:0] exited with code [1] via signal [SIGINT]
2026-09-13T12:26:27: PM2 log: App [alkarrar-app:0] starting in -fork mode-
2026-09-13T12:26:27: PM2 log: App [alkarrar-app:0] online
2026-09-13T12:26:28: PM2 log: App [alkarrar-app:0] exited with code [1] via signal [SIGINT]
2026-09-13T12:26:28: PM2 log: App [alkarrar-app:0] starting in -fork mode-
2026-09-13T12:26:28: PM2 log: App [alkarrar-app:0] online
2026-09-13T12:26:30: PM2 log: App [alkarrar-app:0] exited with code [1] via signal [SIGINT]
2026-09-13T12:26:30: PM2 log: App [alkarrar-app:0] starting in -fork mode-
2026-09-13T12:26:30: PM2 log: App [alkarrar-app:0] online
2026-09-13T12:26:32: PM2 log: App [alkarrar-app:0] exited with code [1] via signal [SIGINT]
2026-09-13T12:26:32: PM2 log: App [alkarrar-app:0] starting in -fork mode-
2026-09-13T12:26:32: PM2 log: App [alkarrar-app:0] online
2026-09-13T12:26:33: PM2 log: App [alkarrar-app:0] exited with code [1] via signal [SIGINT]
2026-09-13T12:26:33: PM2 log: App [alkarrar-app:0] starting in -fork mode-
2026-09-13T12:26:33: PM2 log: App [alkarrar-app:0] online
2026-09-13T12:26:35: PM2 log: App [alkarrar-app:0] exited with code [1] via signal [SIGINT]
2026-09-13T12:26:35: PM2 log: App [alkarrar-app:0] starting in -fork mode-
2026-09-13T12:26:35: PM2 log: App [alkarrar-app:0] online
2026-09-13T12:26:37: PM2 log: App [alkarrar-app:0] exited with code [1] via signal [SIGINT]
2026-09-13T12:26:37: PM2 log: App [alkarrar-app:0] starting in -fork mode-
2026-09-13T12:26:37: PM2 log: App [alkarrar-app:0] online
2026-09-13T12:26:39: PM2 log: App [alkarrar-app:0] exited with code [1] via signal [SIGINT]
2026-09-13T12:26:39: PM2 log: App [alkarrar-app:0] starting in -fork mode-
2026-09-13T12:26:39: PM2 log: App [alkarrar-app:0] online
2026-09-13T12:26:40: PM2 log: App [alkarrar-app:0] exited with code [1] via signal [SIGINT]
2026-09-13T12:26:40: PM2 log: App [alkarrar-app:0] starting in -fork mode-
2026-09-13T12:26:40: PM2 log: App [alkarrar-app:0] online
2026-09-13T12:26:42: PM2 log: App [alkarrar-app:0] exited with code [1] via signal [SIGINT]
2026-09-13T12:26:42: PM2 log: App [alkarrar-app:0] starting in -fork mode-
2026-09-13T12:26:42: PM2 log: App [alkarrar-app:0] online
2026-09-13T12:26:44: PM2 log: App [alkarrar-app:0] exited with code [1] via signal [SIGINT]
2026-09-13T12:26:44: PM2 log: App [alkarrar-app:0] starting in -fork mode-
2026-09-13T12:26:44: PM2 log: App [alkarrar-app:0] online
2026-09-13T12:26:46: PM2 log: App [alkarrar-app:0] exited with code [1] via signal [SIGINT]
2026-09-13T12:26:46: PM2 log: App [alkarrar-app:0] starting in -fork mode-
2026-09-13T12:26:46: PM2 log: App [alkarrar-app:0] online
2026-09-13T12:26:47: PM2 log: App [alkarrar-app:0] exited with code [1] via signal [SIGINT]
2026-09-13T12:26:47: PM2 log: App [alkarrar-app:0] starting in -fork mode-
2026-09-13T12:26:47: PM2 log: App [alkarrar-app:0] online
2026-09-13T12:26:49: PM2 log: App [alkarrar-app:0] exited with code [1] via signal [SIGINT]
2026-09-13T12:26:49: PM2 log: App [alkarrar-app:0] starting in -fork mode-
2026-09-13T12:26:49: PM2 log: App [alkarrar-app:0] online
2026-09-13T12:26:51: PM2 log: App [alkarrar-app:0] exited with code [1] via signal [SIGINT]
2026-09-13T12:26:51: PM2 log: App [alkarrar-app:0] starting in -fork mode-
2026-09-13T12:26:51: PM2 log: App [alkarrar-app:0] online
2026-09-13T12:26:52: PM2 log: App [alkarrar-app:0] exited with code [1] via signal [SIGINT]
2026-09-13T12:26:52: PM2 log: App [alkarrar-app:0] starting in -fork mode-
2026-09-13T12:26:53: PM2 log: App [alkarrar-app:0] online
2026-09-13T12:26:54: PM2 log: App [alkarrar-app:0] exited with code [1] via signal [SIGINT]
2026-09-13T12:26:54: PM2 log: App [alkarrar-app:0] starting in -fork mode-
2026-09-13T12:26:54: PM2 log: App [alkarrar-app:0] online
2026-09-13T12:26:56: PM2 log: App [alkarrar-app:0] exited with code [1] via signal [SIGINT]
2026-09-13T12:26:56: PM2 log: App [alkarrar-app:0] starting in -fork mode-
2026-09-13T12:26:56: PM2 log: App [alkarrar-app:0] online
2026-09-13T12:26:58: PM2 log: App [alkarrar-app:0] exited with code [1] via signal [SIGINT]
2026-09-13T12:26:58: PM2 log: App [alkarrar-app:0] starting in -fork mode-
2026-09-13T12:26:58: PM2 log: App [alkarrar-app:0] online
2026-09-13T12:27:00: PM2 log: App [alkarrar-app:0] exited with code [1] via signal [SIGINT]
2026-09-13T12:27:00: PM2 log: App [alkarrar-app:0] starting in -fork mode-
2026-09-13T12:27:00: PM2 log: App [alkarrar-app:0] online
2026-09-13T12:27:02: PM2 log: App [alkarrar-app:0] exited with code [1] via signal [SIGINT]
2026-09-13T12:27:02: PM2 log: App [alkarrar-app:0] starting in -fork mode-
2026-09-13T12:27:02: PM2 log: App [alkarrar-app:0] online
2026-09-13T12:27:04: PM2 log: App [alkarrar-app:0] exited with code [1] via signal [SIGINT]
2026-09-13T12:27:04: PM2 log: App [alkarrar-app:0] starting in -fork mode-
2026-09-13T12:27:04: PM2 log: App [alkarrar-app:0] online
2026-09-13T12:27:06: PM2 log: App [alkarrar-app:0] exited with code [1] via signal [SIGINT]
2026-09-13T12:27:06: PM2 log: App [alkarrar-app:0] starting in -fork mode-
2026-09-13T12:27:06: PM2 log: App [alkarrar-app:0] online
2026-09-13T12:27:07: PM2 log: App [alkarrar-app:0] exited with code [1] via signal [SIGINT]
2026-09-13T12:27:07: PM2 log: App [alkarrar-app:0] starting in -fork mode-
2026-09-13T12:27:07: PM2 log: App [alkarrar-app:0] online
2026-09-13T12:27:09: PM2 log: App [alkarrar-app:0] exited with code [1] via signal [SIGINT]
2026-09-13T12:27:09: PM2 log: App [alkarrar-app:0] starting in -fork mode-
2026-09-13T12:27:09: PM2 log: App [alkarrar-app:0] online
2026-09-13T12:27:11: PM2 log: App [alkarrar-app:0] exited with code [1] via signal [SIGINT]
2026-09-13T12:27:11: PM2 log: App [alkarrar-app:0] starting in -fork mode-
2026-09-13T12:27:11: PM2 log: App [alkarrar-app:0] online
2026-09-13T12:27:13: PM2 log: App [alkarrar-app:0] exited with code [1] via signal [SIGINT]
2026-09-13T12:27:13: PM2 log: App [alkarrar-app:0] starting in -fork mode-
2026-09-13T12:27:13: PM2 log: App [alkarrar-app:0] online
2026-09-13T12:27:15: PM2 log: App [alkarrar-app:0] exited with code [1] via signal [SIGINT]
2026-09-13T12:27:15: PM2 log: App [alkarrar-app:0] starting in -fork mode-
2026-09-13T12:27:15: PM2 log: App [alkarrar-app:0] online
2026-09-13T12:27:17: PM2 log: App [alkarrar-app:0] exited with code [1] via signal [SIGINT]
2026-09-13T12:27:17: PM2 log: App [alkarrar-app:0] starting in -fork mode-
2026-09-13T12:27:17: PM2 log: App [alkarrar-app:0] online
2026-09-13T12:27:18: PM2 log: App [alkarrar-app:0] exited with code [1] via signal [SIGINT]
2026-09-13T12:27:18: PM2 log: App [alkarrar-app:0] starting in -fork mode-
2026-09-13T12:27:18: PM2 log: App [alkarrar-app:0] online
2026-09-13T12:27:20: PM2 log: App [alkarrar-app:0] exited with code [1] via signal [SIGINT]
2026-09-13T12:27:20: PM2 log: App [alkarrar-app:0] starting in -fork mode-
2026-09-13T12:27:20: PM2 log: App [alkarrar-app:0] online
2026-09-13T12:27:22: PM2 log: App [alkarrar-app:0] exited with code [1] via signal [SIGINT]
2026-09-13T12:27:22: PM2 log: App [alkarrar-app:0] starting in -fork mode-
2026-09-13T12:27:22: PM2 log: App [alkarrar-app:0] online
2026-09-13T12:27:24: PM2 log: App [alkarrar-app:0] exited with code [1] via signal [SIGINT]
2026-09-13T12:27:24: PM2 log: App [alkarrar-app:0] starting in -fork mode-
2026-09-13T12:27:24: PM2 log: App [alkarrar-app:0] online
2026-09-13T12:27:25: PM2 log: App [alkarrar-app:0] exited with code [1] via signal [SIGINT]
2026-09-13T12:27:25: PM2 log: App [alkarrar-app:0] starting in -fork mode-
2026-09-13T12:27:25: PM2 log: App [alkarrar-app:0] online
2026-09-13T12:27:27: PM2 log: App [alkarrar-app:0] exited with code [1] via signal [SIGINT]
2026-09-13T12:27:27: PM2 log: App [alkarrar-app:0] starting in -fork mode-
2026-09-13T12:27:27: PM2 log: App [alkarrar-app:0] online
2026-09-13T12:27:29: PM2 log: App [alkarrar-app:0] exited with code [1] via signal [SIGINT]
2026-09-13T12:27:29: PM2 log: App [alkarrar-app:0] starting in -fork mode-
2026-09-13T12:27:29: PM2 log: App [alkarrar-app:0] online
2026-09-13T12:27:31: PM2 log: App [alkarrar-app:0] exited with code [1] via signal [SIGINT]
2026-09-13T12:27:31: PM2 log: App [alkarrar-app:0] starting in -fork mode-
2026-09-13T12:27:31: PM2 log: App [alkarrar-app:0] online
2026-09-13T12:27:33: PM2 log: App [alkarrar-app:0] exited with code [1] via signal [SIGINT]
2026-09-13T12:27:33: PM2 log: App [alkarrar-app:0] starting in -fork mode-
2026-09-13T12:27:33: PM2 log: App [alkarrar-app:0] online
2026-09-13T12:27:34: PM2 log: App [alkarrar-app:0] exited with code [1] via signal [SIGINT]
2026-09-13T12:27:34: PM2 log: App [alkarrar-app:0] starting in -fork mode-
2026-09-13T12:27:34: PM2 log: App [alkarrar-app:0] online
2026-09-13T12:27:36: PM2 log: App [alkarrar-app:0] exited with code [1] via signal [SIGINT]
2026-09-13T12:27:36: PM2 log: App [alkarrar-app:0] starting in -fork mode-
2026-09-13T12:27:36: PM2 log: App [alkarrar-app:0] online
2026-09-13T12:27:38: PM2 log: App [alkarrar-app:0] exited with code [1] via signal [SIGINT]
2026-09-13T12:27:38: PM2 log: App [alkarrar-app:0] starting in -fork mode-
2026-09-13T12:27:38: PM2 log: App [alkarrar-app:0] online
2026-09-13T12:27:40: PM2 log: App [alkarrar-app:0] exited with code [1] via signal [SIGINT]
2026-09-13T12:27:40: PM2 log: App [alkarrar-app:0] starting in -fork mode-
2026-09-13T12:27:40: PM2 log: App [alkarrar-app:0] online
2026-09-13T12:27:41: PM2 log: App [alkarrar-app:0] exited with code [1] via signal [SIGINT]
2026-09-13T12:27:41: PM2 log: App [alkarrar-app:0] starting in -fork mode-
2026-09-13T12:27:41: PM2 log: App [alkarrar-app:0] online
2026-09-13T12:27:43: PM2 log: App [alkarrar-app:0] exited with code [1] via signal [SIGINT]
2026-09-13T12:27:43: PM2 log: App [alkarrar-app:0] starting in -fork mode-
2026-09-13T12:27:43: PM2 log: App [alkarrar-app:0] online
2026-09-13T12:27:45: PM2 log: App [alkarrar-app:0] exited with code [1] via signal [SIGINT]
2026-09-13T12:27:45: PM2 log: App [alkarrar-app:0] starting in -fork mode-
2026-09-13T12:27:45: PM2 log: App [alkarrar-app:0] online
2026-09-13T12:27:47: PM2 log: App [alkarrar-app:0] exited with code [1] via signal [SIGINT]
2026-09-13T12:27:47: PM2 log: App [alkarrar-app:0] starting in -fork mode-
2026-09-13T12:27:47: PM2 log: App [alkarrar-app:0] online
2026-09-13T12:27:48: PM2 log: App [alkarrar-app:0] exited with code [1] via signal [SIGINT]
2026-09-13T12:27:48: PM2 log: App [alkarrar-app:0] starting in -fork mode-
2026-09-13T12:27:48: PM2 log: App [alkarrar-app:0] online
2026-09-13T12:27:50: PM2 log: App [alkarrar-app:0] exited with code [1] via signal [SIGINT]
2026-09-13T12:27:50: PM2 log: App [alkarrar-app:0] starting in -fork mode-
2026-09-13T12:27:50: PM2 log: App [alkarrar-app:0] online
2026-09-13T12:27:52: PM2 log: App [alkarrar-app:0] exited with code [1] via signal [SIGINT]
2026-09-13T12:27:52: PM2 log: App [alkarrar-app:0] starting in -fork mode-
2026-09-13T12:27:52: PM2 log: App [alkarrar-app:0] online
2026-09-13T12:27:54: PM2 log: App [alkarrar-app:0] exited with code [1] via signal [SIGINT]
2026-09-13T12:27:54: PM2 log: App [alkarrar-app:0] starting in -fork mode-
2026-09-13T12:27:54: PM2 log: App [alkarrar-app:0] online
2026-09-13T12:27:55: PM2 log: App [alkarrar-app:0] exited with code [1] via signal [SIGINT]
2026-09-13T12:27:55: PM2 log: App [alkarrar-app:0] starting in -fork mode-
2026-09-13T12:27:55: PM2 log: App [alkarrar-app:0] online
2026-09-13T12:27:57: PM2 log: App [alkarrar-app:0] exited with code [1] via signal [SIGINT]
2026-09-13T12:27:57: PM2 log: App [alkarrar-app:0] starting in -fork mode-
2026-09-13T12:27:57: PM2 log: App [alkarrar-app:0] online
2026-09-13T12:27:59: PM2 log: App [alkarrar-app:0] exited with code [1] via signal [SIGINT]
2026-09-13T12:27:59: PM2 log: App [alkarrar-app:0] starting in -fork mode-
2026-09-13T12:27:59: PM2 log: App [alkarrar-app:0] online
2026-09-13T12:28:01: PM2 log: App [alkarrar-app:0] exited with code [1] via signal [SIGINT]
2026-09-13T12:28:01: PM2 log: App [alkarrar-app:0] starting in -fork mode-
2026-09-13T12:28:01: PM2 log: App [alkarrar-app:0] online
2026-09-13T12:28:03: PM2 log: App [alkarrar-app:0] exited with code [1] via signal [SIGINT]
2026-09-13T12:28:03: PM2 log: App [alkarrar-app:0] starting in -fork mode-
2026-09-13T12:28:03: PM2 log: App [alkarrar-app:0] online
2026-09-13T12:28:05: PM2 log: App [alkarrar-app:0] exited with code [1] via signal [SIGINT]
2026-09-13T12:28:05: PM2 log: App [alkarrar-app:0] starting in -fork mode-
2026-09-13T12:28:05: PM2 log: App [alkarrar-app:0] online
2026-09-13T12:28:07: PM2 log: App [alkarrar-app:0] exited with code [1] via signal [SIGINT]
2026-09-13T12:28:07: PM2 log: App [alkarrar-app:0] starting in -fork mode-
2026-09-13T12:28:07: PM2 log: App [alkarrar-app:0] online
2026-09-13T12:28:09: PM2 log: App [alkarrar-app:0] exited with code [1] via signal [SIGINT]
2026-09-13T12:28:09: PM2 log: App [alkarrar-app:0] starting in -fork mode-
2026-09-13T12:28:09: PM2 log: App [alkarrar-app:0] online
2026-09-13T12:28:11: PM2 log: App [alkarrar-app:0] exited with code [1] via signal [SIGINT]
2026-09-13T12:28:11: PM2 log: App [alkarrar-app:0] starting in -fork mode-
2026-09-13T12:28:11: PM2 log: App [alkarrar-app:0] online
2026-09-13T12:28:13: PM2 log: App [alkarrar-app:0] exited with code [1] via signal [SIGINT]
2026-09-13T12:28:13: PM2 log: App [alkarrar-app:0] starting in -fork mode-
2026-09-13T12:28:13: PM2 log: App [alkarrar-app:0] online
2026-09-13T12:28:14: PM2 log: App [alkarrar-app:0] exited with code [1] via signal [SIGINT]
2026-09-13T12:28:14: PM2 log: App [alkarrar-app:0] starting in -fork mode-
2026-09-13T12:28:14: PM2 log: App [alkarrar-app:0] online
2026-09-13T12:28:16: PM2 log: App [alkarrar-app:0] exited with code [1] via signal [SIGINT]
2026-09-13T12:28:16: PM2 log: App [alkarrar-app:0] starting in -fork mode-
2026-09-13T12:28:16: PM2 log: App [alkarrar-app:0] online
2026-09-13T12:28:18: PM2 log: App [alkarrar-app:0] exited with code [1] via signal [SIGINT]
2026-09-13T12:28:18: PM2 log: App [alkarrar-app:0] starting in -fork mode-
2026-09-13T12:28:18: PM2 log: App [alkarrar-app:0] online
2026-09-13T12:28:20: PM2 log: App [alkarrar-app:0] exited with code [1] via signal [SIGINT]
2026-09-13T12:28:20: PM2 log: App [alkarrar-app:0] starting in -fork mode-
2026-09-13T12:28:20: PM2 log: App [alkarrar-app:0] online
2026-09-13T12:28:21: PM2 log: App [alkarrar-app:0] exited with code [1] via signal [SIGINT]
2026-09-13T12:28:21: PM2 log: App [alkarrar-app:0] starting in -fork mode-
2026-09-13T12:28:21: PM2 log: App [alkarrar-app:0] online
2026-09-13T12:28:23: PM2 log: App [alkarrar-app:0] exited with code [1] via signal [SIGINT]
2026-09-13T12:28:23: PM2 log: App [alkarrar-app:0] starting in -fork mode-
2026-09-13T12:28:23: PM2 log: App [alkarrar-app:0] online
2026-09-13T12:28:25: PM2 log: App [alkarrar-app:0] exited with code [1] via signal [SIGINT]
2026-09-13T12:28:25: PM2 log: App [alkarrar-app:0] starting in -fork mode-
2026-09-13T12:28:25: PM2 log: App [alkarrar-app:0] online
2026-09-13T12:28:27: PM2 log: App [alkarrar-app:0] exited with code [1] via signal [SIGINT]
2026-09-13T12:28:27: PM2 log: App [alkarrar-app:0] starting in -fork mode-
2026-09-13T12:28:27: PM2 log: App [alkarrar-app:0] online
2026-09-13T12:28:29: PM2 log: App [alkarrar-app:0] exited with code [1] via signal [SIGINT]
2026-09-13T12:28:29: PM2 log: App [alkarrar-app:0] starting in -fork mode-
2026-09-13T12:28:29: PM2 log: App [alkarrar-app:0] online
2026-09-13T12:28:31: PM2 log: App [alkarrar-app:0] exited with code [1] via signal [SIGINT]
2026-09-13T12:28:31: PM2 log: App [alkarrar-app:0] starting in -fork mode-
2026-09-13T12:28:31: PM2 log: App [alkarrar-app:0] online
2026-09-13T12:28:32: PM2 log: App [alkarrar-app:0] exited with code [1] via signal [SIGINT]
2026-09-13T12:28:32: PM2 log: App [alkarrar-app:0] starting in -fork mode-
2026-09-13T12:28:32: PM2 log: App [alkarrar-app:0] online
2026-09-13T12:28:34: PM2 log: App [alkarrar-app:0] exited with code [1] via signal [SIGINT]
2026-09-13T12:28:34: PM2 log: App [alkarrar-app:0] starting in -fork mode-
2026-09-13T12:28:34: PM2 log: App [alkarrar-app:0] online
2026-09-13T12:28:36: PM2 log: App [alkarrar-app:0] exited with code [1] via signal [SIGINT]
2026-09-13T12:28:36: PM2 log: App [alkarrar-app:0] starting in -fork mode-
2026-09-13T12:28:36: PM2 log: App [alkarrar-app:0] online
2026-09-13T12:28:38: PM2 log: App [alkarrar-app:0] exited with code [1] via signal [SIGINT]
2026-09-13T12:28:38: PM2 log: App [alkarrar-app:0] starting in -fork mode-
2026-09-13T12:28:38: PM2 log: App [alkarrar-app:0] online
2026-09-13T12:28:40: PM2 log: App [alkarrar-app:0] exited with code [1] via signal [SIGINT]
2026-09-13T12:28:40: PM2 log: App [alkarrar-app:0] starting in -fork mode-
2026-09-13T12:28:40: PM2 log: App [alkarrar-app:0] online
2026-09-13T12:28:42: PM2 log: App [alkarrar-app:0] exited with code [1] via signal [SIGINT]
2026-09-13T12:28:42: PM2 log: App [alkarrar-app:0] starting in -fork mode-
2026-09-13T12:28:42: PM2 log: App [alkarrar-app:0] online
2026-09-13T12:28:44: PM2 log: App [alkarrar-app:0] exited with code [1] via signal [SIGINT]
2026-09-13T12:28:44: PM2 log: App [alkarrar-app:0] starting in -fork mode-
2026-09-13T12:28:44: PM2 log: App [alkarrar-app:0] online
2026-09-13T12:28:46: PM2 log: App [alkarrar-app:0] exited with code [1] via signal [SIGINT]
2026-09-13T12:28:46: PM2 log: App [alkarrar-app:0] starting in -fork mode-
2026-09-13T12:28:46: PM2 log: App [alkarrar-app:0] online
2026-09-13T12:28:48: PM2 log: App [alkarrar-app:0] exited with code [1] via signal [SIGINT]
2026-09-13T12:28:48: PM2 log: App [alkarrar-app:0] starting in -fork mode-
2026-09-13T12:28:48: PM2 log: App [alkarrar-app:0] online
2026-09-13T12:28:49: PM2 log: App [alkarrar-app:0] exited with code [1] via signal [SIGINT]
2026-09-13T12:28:49: PM2 log: App [alkarrar-app:0] starting in -fork mode-
2026-09-13T12:28:49: PM2 log: App [alkarrar-app:0] online
2026-09-13T12:28:51: PM2 log: App [alkarrar-app:0] exited with code [1] via signal [SIGINT]
2026-09-13T12:28:51: PM2 log: App [alkarrar-app:0] starting in -fork mode-
2026-09-13T12:28:51: PM2 log: App [alkarrar-app:0] online
2026-09-13T12:28:53: PM2 log: App [alkarrar-app:0] exited with code [1] via signal [SIGINT]
2026-09-13T12:28:53: PM2 log: App [alkarrar-app:0] starting in -fork mode-
2026-09-13T12:28:53: PM2 log: App [alkarrar-app:0] online
2026-09-13T12:28:55: PM2 log: App [alkarrar-app:0] exited with code [1] via signal [SIGINT]
2026-09-13T12:28:55: PM2 log: App [alkarrar-app:0] starting in -fork mode-
2026-09-13T12:28:55: PM2 log: App [alkarrar-app:0] online
2026-09-13T12:28:56: PM2 log: App [alkarrar-app:0] exited with code [1] via signal [SIGINT]
2026-09-13T12:28:56: PM2 log: App [alkarrar-app:0] starting in -fork mode-
2026-09-13T12:28:56: PM2 log: App [alkarrar-app:0] online
2026-09-13T12:28:58: PM2 log: App [alkarrar-app:0] exited with code [1] via signal [SIGINT]
2026-09-13T12:28:58: PM2 log: App [alkarrar-app:0] starting in -fork mode-
2026-09-13T12:28:58: PM2 log: App [alkarrar-app:0] online
2026-09-13T12:29:00: PM2 log: App [alkarrar-app:0] exited with code [1] via signal [SIGINT]
2026-09-13T12:29:00: PM2 log: App [alkarrar-app:0] starting in -fork mode-
2026-09-13T12:29:00: PM2 log: App [alkarrar-app:0] online
2026-09-13T12:29:02: PM2 log: App [alkarrar-app:0] exited with code [1] via signal [SIGINT]
2026-09-13T12:29:02: PM2 log: App [alkarrar-app:0] starting in -fork mode-
2026-09-13T12:29:02: PM2 log: App [alkarrar-app:0] online
2026-09-13T12:29:04: PM2 log: App [alkarrar-app:0] exited with code [1] via signal [SIGINT]
2026-09-13T12:29:04: PM2 log: App [alkarrar-app:0] starting in -fork mode-
2026-09-13T12:29:04: PM2 log: App [alkarrar-app:0] online
2026-09-13T12:29:06: PM2 log: App [alkarrar-app:0] exited with code [1] via signal [SIGINT]
2026-09-13T12:29:06: PM2 log: App [alkarrar-app:0] starting in -fork mode-
2026-09-13T12:29:06: PM2 log: App [alkarrar-app:0] online
2026-09-13T12:29:08: PM2 log: App [alkarrar-app:0] exited with code [1] via signal [SIGINT]
2026-09-13T12:29:08: PM2 log: App [alkarrar-app:0] starting in -fork mode-
2026-09-13T12:29:08: PM2 log: App [alkarrar-app:0] online
2026-09-13T12:29:10: PM2 log: App [alkarrar-app:0] exited with code [1] via signal [SIGINT]
2026-09-13T12:29:10: PM2 log: App [alkarrar-app:0] starting in -fork mode-
2026-09-13T12:29:10: PM2 log: App [alkarrar-app:0] online
2026-09-13T12:29:11: PM2 log: App [alkarrar-app:0] exited with code [1] via signal [SIGINT]
2026-09-13T12:29:11: PM2 log: App [alkarrar-app:0] starting in -fork mode-
2026-09-13T12:29:11: PM2 log: App [alkarrar-app:0] online
2026-09-13T12:29:13: PM2 log: App [alkarrar-app:0] exited with code [1] via signal [SIGINT]
2026-09-13T12:29:13: PM2 log: App [alkarrar-app:0] starting in -fork mode-
2026-09-13T12:29:13: PM2 log: App [alkarrar-app:0] online
2026-09-13T12:29:15: PM2 log: App [alkarrar-app:0] exited with code [1] via signal [SIGINT]
2026-09-13T12:29:15: PM2 log: App [alkarrar-app:0] starting in -fork mode-
2026-09-13T12:29:15: PM2 log: App [alkarrar-app:0] online
2026-09-13T12:29:17: PM2 log: App [alkarrar-app:0] exited with code [1] via signal [SIGINT]
2026-09-13T12:29:17: PM2 log: App [alkarrar-app:0] starting in -fork mode-
2026-09-13T12:29:17: PM2 log: App [alkarrar-app:0] online
2026-09-13T12:29:19: PM2 log: App [alkarrar-app:0] exited with code [1] via signal [SIGINT]
2026-09-13T12:29:19: PM2 log: App [alkarrar-app:0] starting in -fork mode-
2026-09-13T12:29:19: PM2 log: App [alkarrar-app:0] online
2026-09-13T12:29:21: PM2 log: App [alkarrar-app:0] exited with code [1] via signal [SIGINT]
2026-09-13T12:29:21: PM2 log: App [alkarrar-app:0] starting in -fork mode-
2026-09-13T12:29:21: PM2 log: App [alkarrar-app:0] online
2026-09-13T12:29:23: PM2 log: App [alkarrar-app:0] exited with code [1] via signal [SIGINT]
2026-09-13T12:29:23: PM2 log: App [alkarrar-app:0] starting in -fork mode-
2026-09-13T12:29:23: PM2 log: App [alkarrar-app:0] online
2026-09-13T12:29:24: PM2 log: App [alkarrar-app:0] exited with code [1] via signal [SIGINT]
2026-09-13T12:29:24: PM2 log: App [alkarrar-app:0] starting in -fork mode-
2026-09-13T12:29:24: PM2 log: App [alkarrar-app:0] online
2026-09-13T12:29:26: PM2 log: App [alkarrar-app:0] exited with code [1] via signal [SIGINT]
2026-09-13T12:29:26: PM2 log: App [alkarrar-app:0] starting in -fork mode-
2026-09-13T12:29:26: PM2 log: App [alkarrar-app:0] online
2026-09-13T12:29:28: PM2 log: App [alkarrar-app:0] exited with code [1] via signal [SIGINT]
2026-09-13T12:29:28: PM2 log: App [alkarrar-app:0] starting in -fork mode-
2026-09-13T12:29:28: PM2 log: App [alkarrar-app:0] online
2026-09-13T12:29:29: PM2 log: App [alkarrar-app:0] exited with code [1] via signal [SIGINT]
2026-09-13T12:29:29: PM2 log: App [alkarrar-app:0] starting in -fork mode-
2026-09-13T12:29:29: PM2 log: App [alkarrar-app:0] online
2026-09-13T12:29:31: PM2 log: App [alkarrar-app:0] exited with code [1] via signal [SIGINT]
2026-09-13T12:29:31: PM2 log: App [alkarrar-app:0] starting in -fork mode-
2026-09-13T12:29:31: PM2 log: App [alkarrar-app:0] online
2026-09-13T12:29:33: PM2 log: App [alkarrar-app:0] exited with code [1] via signal [SIGINT]
2026-09-13T12:29:33: PM2 log: App [alkarrar-app:0] starting in -fork mode-
2026-09-13T12:29:33: PM2 log: App [alkarrar-app:0] online
2026-09-13T12:29:35: PM2 log: App [alkarrar-app:0] exited with code [1] via signal [SIGINT]
2026-09-13T12:29:35: PM2 log: App [alkarrar-app:0] starting in -fork mode-
2026-09-13T12:29:35: PM2 log: App [alkarrar-app:0] online
2026-09-13T12:29:37: PM2 log: App [alkarrar-app:0] exited with code [1] via signal [SIGINT]
2026-09-13T12:29:37: PM2 log: App [alkarrar-app:0] starting in -fork mode-
2026-09-13T12:29:37: PM2 log: App [alkarrar-app:0] online
2026-09-13T12:29:39: PM2 log: App [alkarrar-app:0] exited with code [1] via signal [SIGINT]
2026-09-13T12:29:39: PM2 log: App [alkarrar-app:0] starting in -fork mode-
2026-09-13T12:29:39: PM2 log: App [alkarrar-app:0] online
2026-09-13T12:29:41: PM2 log: App [alkarrar-app:0] exited with code [1] via signal [SIGINT]
2026-09-13T12:29:41: PM2 log: App [alkarrar-app:0] starting in -fork mode-
2026-09-13T12:29:41: PM2 log: App [alkarrar-app:0] online
2026-09-13T12:29:42: PM2 log: App [alkarrar-app:0] exited with code [1] via signal [SIGINT]
2026-09-13T12:29:42: PM2 log: App [alkarrar-app:0] starting in -fork mode-
2026-09-13T12:29:42: PM2 log: App [alkarrar-app:0] online
2026-09-13T12:29:44: PM2 log: App [alkarrar-app:0] exited with code [1] via signal [SIGINT]
2026-09-13T12:29:44: PM2 log: App [alkarrar-app:0] starting in -fork mode-
2026-09-13T12:29:44: PM2 log: App [alkarrar-app:0] online
2026-09-13T12:29:46: PM2 log: App [alkarrar-app:0] exited with code [1] via signal [SIGINT]
2026-09-13T12:29:46: PM2 log: App [alkarrar-app:0] starting in -fork mode-
2026-09-13T12:29:46: PM2 log: App [alkarrar-app:0] online
2026-09-13T12:29:48: PM2 log: App [alkarrar-app:0] exited with code [1] via signal [SIGINT]
2026-09-13T12:29:48: PM2 log: App [alkarrar-app:0] starting in -fork mode-
2026-09-13T12:29:48: PM2 log: App [alkarrar-app:0] online
2026-09-13T12:29:50: PM2 log: App [alkarrar-app:0] exited with code [1] via signal [SIGINT]
2026-09-13T12:29:50: PM2 log: App [alkarrar-app:0] starting in -fork mode-
2026-09-13T12:29:50: PM2 log: App [alkarrar-app:0] online
2026-09-13T12:29:51: PM2 log: App [alkarrar-app:0] exited with code [1] via signal [SIGINT]
2026-09-13T12:29:51: PM2 log: App [alkarrar-app:0] starting in -fork mode-
2026-09-13T12:29:51: PM2 log: App [alkarrar-app:0] online
2026-09-13T12:29:53: PM2 log: App [alkarrar-app:0] exited with code [1] via signal [SIGINT]
2026-09-13T12:29:53: PM2 log: App [alkarrar-app:0] starting in -fork mode-
2026-09-13T12:29:53: PM2 log: App [alkarrar-app:0] online
2026-09-13T12:29:55: PM2 log: App [alkarrar-app:0] exited with code [1] via signal [SIGINT]
2026-09-13T12:29:55: PM2 log: App [alkarrar-app:0] starting in -fork mode-
2026-09-13T12:29:55: PM2 log: App [alkarrar-app:0] online
2026-09-13T12:29:56: PM2 log: App [alkarrar-app:0] exited with code [1] via signal [SIGINT]
2026-09-13T12:29:56: PM2 log: App [alkarrar-app:0] starting in -fork mode-
2026-09-13T12:29:56: PM2 log: App [alkarrar-app:0] online
2026-09-13T12:29:58: PM2 log: App [alkarrar-app:0] exited with code [1] via signal [SIGINT]
2026-09-13T12:29:58: PM2 log: App [alkarrar-app:0] starting in -fork mode-
2026-09-13T12:29:58: PM2 log: App [alkarrar-app:0] online
2026-09-13T12:30:00: PM2 log: App [alkarrar-app:0] exited with code [1] via signal [SIGINT]
2026-09-13T12:30:00: PM2 log: App [alkarrar-app:0] starting in -fork mode-
2026-09-13T12:30:00: PM2 log: App [alkarrar-app:0] online
2026-09-13T12:30:05: PM2 log: App [alkarrar-app:0] exited with code [1] via signal [SIGINT]
2026-09-13T12:30:05: PM2 log: App [alkarrar-app:0] starting in -fork mode-
2026-09-13T12:30:05: PM2 log: App [alkarrar-app:0] online
2026-09-13T12:30:07: PM2 log: App [alkarrar-app:0] exited with code [1] via signal [SIGINT]
2026-09-13T12:30:07: PM2 log: App [alkarrar-app:0] starting in -fork mode-
2026-09-13T12:30:07: PM2 log: App [alkarrar-app:0] online
2026-09-13T12:30:09: PM2 log: App [alkarrar-app:0] exited with code [1] via signal [SIGINT]
2026-09-13T12:30:09: PM2 log: App [alkarrar-app:0] starting in -fork mode-
2026-09-13T12:30:09: PM2 log: App [alkarrar-app:0] online
2026-09-13T12:30:11: PM2 log: App [alkarrar-app:0] exited with code [1] via signal [SIGINT]
2026-09-13T12:30:11: PM2 log: App [alkarrar-app:0] starting in -fork mode-
2026-09-13T12:30:11: PM2 log: App [alkarrar-app:0] online
2026-09-13T12:30:13: PM2 log: App [alkarrar-app:0] exited with code [1] via signal [SIGINT]
2026-09-13T12:30:13: PM2 log: App [alkarrar-app:0] starting in -fork mode-
2026-09-13T12:30:13: PM2 log: App [alkarrar-app:0] online
2026-09-13T12:30:15: PM2 log: App [alkarrar-app:0] exited with code [1] via signal [SIGINT]
2026-09-13T12:30:15: PM2 log: App [alkarrar-app:0] starting in -fork mode-
2026-09-13T12:30:15: PM2 log: App [alkarrar-app:0] online
2026-09-13T12:30:17: PM2 log: App [alkarrar-app:0] exited with code [1] via signal [SIGINT]
2026-09-13T12:30:17: PM2 log: App [alkarrar-app:0] starting in -fork mode-
2026-09-13T12:30:17: PM2 log: App [alkarrar-app:0] online
2026-09-13T12:30:19: PM2 log: App [alkarrar-app:0] exited with code [1] via signal [SIGINT]
2026-09-13T12:30:19: PM2 log: App [alkarrar-app:0] starting in -fork mode-
2026-09-13T12:30:19: PM2 log: App [alkarrar-app:0] online
2026-09-13T12:30:21: PM2 log: App [alkarrar-app:0] exited with code [1] via signal [SIGINT]
2026-09-13T12:30:21: PM2 log: App [alkarrar-app:0] starting in -fork mode-
2026-09-13T12:30:21: PM2 log: App [alkarrar-app:0] online
2026-09-13T12:30:23: PM2 log: App [alkarrar-app:0] exited with code [1] via signal [SIGINT]
2026-09-13T12:30:23: PM2 log: App [alkarrar-app:0] starting in -fork mode-
2026-09-13T12:30:23: PM2 log: App [alkarrar-app:0] online
2026-09-13T12:30:25: PM2 log: App [alkarrar-app:0] exited with code [1] via signal [SIGINT]
2026-09-13T12:30:25: PM2 log: App [alkarrar-app:0] starting in -fork mode-
2026-09-13T12:30:25: PM2 log: App [alkarrar-app:0] online
2026-09-13T12:30:27: PM2 log: App [alkarrar-app:0] exited with code [1] via signal [SIGINT]
2026-09-13T12:30:27: PM2 log: App [alkarrar-app:0] starting in -fork mode-
2026-09-13T12:30:27: PM2 log: App [alkarrar-app:0] online
2026-09-13T12:30:28: PM2 log: App [alkarrar-app:0] exited with code [1] via signal [SIGINT]
2026-09-13T12:30:28: PM2 log: App [alkarrar-app:0] starting in -fork mode-
2026-09-13T12:30:28: PM2 log: App [alkarrar-app:0] online
2026-09-13T12:30:30: PM2 log: App [alkarrar-app:0] exited with code [1] via signal [SIGINT]
2026-09-13T12:30:30: PM2 log: App [alkarrar-app:0] starting in -fork mode-
2026-09-13T12:30:30: PM2 log: App [alkarrar-app:0] online
2026-09-13T12:30:32: PM2 log: App [alkarrar-app:0] exited with code [1] via signal [SIGINT]
2026-09-13T12:30:32: PM2 log: App [alkarrar-app:0] starting in -fork mode-
2026-09-13T12:30:32: PM2 log: App [alkarrar-app:0] online
2026-09-13T12:30:34: PM2 log: App [alkarrar-app:0] exited with code [1] via signal [SIGINT]
2026-09-13T12:30:34: PM2 log: App [alkarrar-app:0] starting in -fork mode-
2026-09-13T12:30:34: PM2 log: App [alkarrar-app:0] online
2026-09-13T12:30:36: PM2 log: App [alkarrar-app:0] exited with code [1] via signal [SIGINT]
2026-09-13T12:30:36: PM2 log: App [alkarrar-app:0] starting in -fork mode-
2026-09-13T12:30:36: PM2 log: App [alkarrar-app:0] online
2026-09-13T12:30:38: PM2 log: App [alkarrar-app:0] exited with code [1] via signal [SIGINT]
2026-09-13T12:30:38: PM2 log: App [alkarrar-app:0] starting in -fork mode-
2026-09-13T12:30:38: PM2 log: App [alkarrar-app:0] online
2026-09-13T12:30:40: PM2 log: App [alkarrar-app:0] exited with code [1] via signal [SIGINT]
2026-09-13T12:30:40: PM2 log: App [alkarrar-app:0] starting in -fork mode-
2026-09-13T12:30:40: PM2 log: App [alkarrar-app:0] online
2026-09-13T12:30:41: PM2 log: App [alkarrar-app:0] exited with code [1] via signal [SIGINT]
2026-09-13T12:30:41: PM2 log: App [alkarrar-app:0] starting in -fork mode-
2026-09-13T12:30:41: PM2 log: App [alkarrar-app:0] online
2026-09-13T12:30:43: PM2 log: App [alkarrar-app:0] exited with code [1] via signal [SIGINT]
2026-09-13T12:30:43: PM2 log: App [alkarrar-app:0] starting in -fork mode-
2026-09-13T12:30:43: PM2 log: App [alkarrar-app:0] online
2026-09-13T12:30:45: PM2 log: App [alkarrar-app:0] exited with code [1] via signal [SIGINT]
2026-09-13T12:30:45: PM2 log: App [alkarrar-app:0] starting in -fork mode-
2026-09-13T12:30:45: PM2 log: App [alkarrar-app:0] online
2026-09-13T12:30:47: PM2 log: App [alkarrar-app:0] exited with code [1] via signal [SIGINT]
2026-09-13T12:30:47: PM2 log: App [alkarrar-app:0] starting in -fork mode-
2026-09-13T12:30:47: PM2 log: App [alkarrar-app:0] online
2026-09-13T12:30:49: PM2 log: App [alkarrar-app:0] exited with code [1] via signal [SIGINT]
2026-09-13T12:30:49: PM2 log: App [alkarrar-app:0] starting in -fork mode-
2026-09-13T12:30:49: PM2 log: App [alkarrar-app:0] online
2026-09-13T12:30:51: PM2 log: App [alkarrar-app:0] exited with code [1] via signal [SIGINT]
2026-09-13T12:30:51: PM2 log: App [alkarrar-app:0] starting in -fork mode-
2026-09-13T12:30:51: PM2 log: App [alkarrar-app:0] online
2026-09-13T12:30:52: PM2 log: App [alkarrar-app:0] exited with code [1] via signal [SIGINT]
2026-09-13T12:30:52: PM2 log: App [alkarrar-app:0] starting in -fork mode-
2026-09-13T12:30:52: PM2 log: App [alkarrar-app:0] online
2026-09-13T12:30:54: PM2 log: App [alkarrar-app:0] exited with code [1] via signal [SIGINT]
2026-09-13T12:30:54: PM2 log: App [alkarrar-app:0] starting in -fork mode-
2026-09-13T12:30:54: PM2 log: App [alkarrar-app:0] online
2026-09-13T12:30:55: PM2 log: App [alkarrar-app:0] exited with code [1] via signal [SIGINT]
2026-09-13T12:30:55: PM2 log: App [alkarrar-app:0] starting in -fork mode-
2026-09-13T12:30:55: PM2 log: App [alkarrar-app:0] online
2026-09-13T12:30:57: PM2 log: App [alkarrar-app:0] exited with code [1] via signal [SIGINT]
2026-09-13T12:30:57: PM2 log: App [alkarrar-app:0] starting in -fork mode-
2026-09-13T12:30:57: PM2 log: App [alkarrar-app:0] online
2026-09-13T12:30:59: PM2 log: App [alkarrar-app:0] exited with code [1] via signal [SIGINT]
2026-09-13T12:30:59: PM2 log: App [alkarrar-app:0] starting in -fork mode-
2026-09-13T12:30:59: PM2 log: App [alkarrar-app:0] online
2026-09-13T12:31:02: PM2 log: App [alkarrar-app:0] exited with code [1] via signal [SIGINT]
2026-09-13T12:31:02: PM2 log: App [alkarrar-app:0] starting in -fork mode-
2026-09-13T12:31:02: PM2 log: App [alkarrar-app:0] online
2026-09-13T12:31:04: PM2 log: App [alkarrar-app:0] exited with code [1] via signal [SIGINT]
2026-09-13T12:31:04: PM2 log: App [alkarrar-app:0] starting in -fork mode-
2026-09-13T12:31:04: PM2 log: App [alkarrar-app:0] online
2026-09-13T12:31:06: PM2 log: App [alkarrar-app:0] exited with code [1] via signal [SIGINT]
2026-09-13T12:31:06: PM2 log: App [alkarrar-app:0] starting in -fork mode-
2026-09-13T12:31:06: PM2 log: App [alkarrar-app:0] online
2026-09-13T12:31:08: PM2 log: App [alkarrar-app:0] exited with code [1] via signal [SIGINT]
2026-09-13T12:31:08: PM2 log: App [alkarrar-app:0] starting in -fork mode-
2026-09-13T12:31:08: PM2 log: App [alkarrar-app:0] online
2026-09-13T12:31:09: PM2 log: App [alkarrar-app:0] exited with code [1] via signal [SIGINT]
2026-09-13T12:31:09: PM2 log: App [alkarrar-app:0] starting in -fork mode-
2026-09-13T12:31:09: PM2 log: App [alkarrar-app:0] online
2026-09-13T12:31:11: PM2 log: App [alkarrar-app:0] exited with code [1] via signal [SIGINT]
2026-09-13T12:31:11: PM2 log: App [alkarrar-app:0] starting in -fork mode-
2026-09-13T12:31:11: PM2 log: App [alkarrar-app:0] online
2026-09-13T12:31:13: PM2 log: App [alkarrar-app:0] exited with code [1] via signal [SIGINT]
2026-09-13T12:31:13: PM2 log: App [alkarrar-app:0] starting in -fork mode-
2026-09-13T12:31:13: PM2 log: App [alkarrar-app:0] online
2026-09-13T12:31:15: PM2 log: App [alkarrar-app:0] exited with code [1] via signal [SIGINT]
2026-09-13T12:31:15: PM2 log: App [alkarrar-app:0] starting in -fork mode-
2026-09-13T12:31:15: PM2 log: App [alkarrar-app:0] online
2026-09-13T12:31:16: PM2 log: App [alkarrar-app:0] exited with code [1] via signal [SIGINT]
2026-09-13T12:31:16: PM2 log: App [alkarrar-app:0] starting in -fork mode-
2026-09-13T12:31:16: PM2 log: App [alkarrar-app:0] online
2026-09-13T12:31:18: PM2 log: App [alkarrar-app:0] exited with code [1] via signal [SIGINT]
2026-09-13T12:31:18: PM2 log: App [alkarrar-app:0] starting in -fork mode-
2026-09-13T12:31:18: PM2 log: App [alkarrar-app:0] online
2026-09-13T12:31:20: PM2 log: App [alkarrar-app:0] exited with code [1] via signal [SIGINT]
2026-09-13T12:31:20: PM2 log: App [alkarrar-app:0] starting in -fork mode-
2026-09-13T12:31:20: PM2 log: App [alkarrar-app:0] online
2026-09-13T12:31:22: PM2 log: App [alkarrar-app:0] exited with code [1] via signal [SIGINT]
2026-09-13T12:31:22: PM2 log: App [alkarrar-app:0] starting in -fork mode-
2026-09-13T12:31:22: PM2 log: App [alkarrar-app:0] online
2026-09-13T12:31:24: PM2 log: App [alkarrar-app:0] exited with code [1] via signal [SIGINT]
2026-09-13T12:31:24: PM2 log: App [alkarrar-app:0] starting in -fork mode-
2026-09-13T12:31:24: PM2 log: App [alkarrar-app:0] online
2026-09-13T12:31:25: PM2 log: App [alkarrar-app:0] exited with code [1] via signal [SIGINT]
2026-09-13T12:31:25: PM2 log: App [alkarrar-app:0] starting in -fork mode-
2026-09-13T12:31:25: PM2 log: App [alkarrar-app:0] online
2026-09-13T12:31:27: PM2 log: App [alkarrar-app:0] exited with code [1] via signal [SIGINT]
2026-09-13T12:31:27: PM2 log: App [alkarrar-app:0] starting in -fork mode-
2026-09-13T12:31:27: PM2 log: App [alkarrar-app:0] online
2026-09-13T12:31:29: PM2 log: App [alkarrar-app:0] exited with code [1] via signal [SIGINT]
2026-09-13T12:31:29: PM2 log: App [alkarrar-app:0] starting in -fork mode-
2026-09-13T12:31:29: PM2 log: App [alkarrar-app:0] online
2026-09-13T12:31:31: PM2 log: App [alkarrar-app:0] exited with code [1] via signal [SIGINT]
2026-09-13T12:31:31: PM2 log: App [alkarrar-app:0] starting in -fork mode-
2026-09-13T12:31:31: PM2 log: App [alkarrar-app:0] online
2026-09-13T12:31:33: PM2 log: App [alkarrar-app:0] exited with code [1] via signal [SIGINT]
2026-09-13T12:31:33: PM2 log: App [alkarrar-app:0] starting in -fork mode-
2026-09-13T12:31:33: PM2 log: App [alkarrar-app:0] online
2026-09-13T12:31:35: PM2 log: App [alkarrar-app:0] exited with code [1] via signal [SIGINT]
2026-09-13T12:31:35: PM2 log: App [alkarrar-app:0] starting in -fork mode-
2026-09-13T12:31:35: PM2 log: App [alkarrar-app:0] online
2026-09-13T12:31:37: PM2 log: App [alkarrar-app:0] exited with code [1] via signal [SIGINT]
2026-09-13T12:31:37: PM2 log: App [alkarrar-app:0] starting in -fork mode-
2026-09-13T12:31:37: PM2 log: App [alkarrar-app:0] online
2026-09-13T12:31:38: PM2 log: App [alkarrar-app:0] exited with code [1] via signal [SIGINT]
2026-09-13T12:31:38: PM2 log: App [alkarrar-app:0] starting in -fork mode-
2026-09-13T12:31:38: PM2 log: App [alkarrar-app:0] online
2026-09-13T12:31:40: PM2 log: App [alkarrar-app:0] exited with code [1] via signal [SIGINT]
2026-09-13T12:31:40: PM2 log: App [alkarrar-app:0] starting in -fork mode-
2026-09-13T12:31:40: PM2 log: App [alkarrar-app:0] online
2026-09-13T12:31:42: PM2 log: App [alkarrar-app:0] exited with code [1] via signal [SIGINT]
2026-09-13T12:31:42: PM2 log: App [alkarrar-app:0] starting in -fork mode-
2026-09-13T12:31:42: PM2 log: App [alkarrar-app:0] online
2026-09-13T12:31:44: PM2 log: App [alkarrar-app:0] exited with code [1] via signal [SIGINT]
2026-09-13T12:31:44: PM2 log: App [alkarrar-app:0] starting in -fork mode-
2026-09-13T12:31:44: PM2 log: App [alkarrar-app:0] online
2026-09-13T12:31:46: PM2 log: App [alkarrar-app:0] exited with code [1] via signal [SIGINT]
2026-09-13T12:31:46: PM2 log: App [alkarrar-app:0] starting in -fork mode-
2026-09-13T12:31:46: PM2 log: App [alkarrar-app:0] online
2026-09-13T12:31:48: PM2 log: App [alkarrar-app:0] exited with code [1] via signal [SIGINT]
2026-09-13T12:31:48: PM2 log: App [alkarrar-app:0] starting in -fork mode-
2026-09-13T12:31:48: PM2 log: App [alkarrar-app:0] online
2026-09-13T12:31:50: PM2 log: App [alkarrar-app:0] exited with code [1] via signal [SIGINT]
2026-09-13T12:31:50: PM2 log: App [alkarrar-app:0] starting in -fork mode-
2026-09-13T12:31:50: PM2 log: App [alkarrar-app:0] online
2026-09-13T12:31:52: PM2 log: App [alkarrar-app:0] exited with code [1] via signal [SIGINT]
2026-09-13T12:31:52: PM2 log: App [alkarrar-app:0] starting in -fork mode-
2026-09-13T12:31:52: PM2 log: App [alkarrar-app:0] online
2026-09-13T12:31:53: PM2 log: App [alkarrar-app:0] exited with code [1] via signal [SIGINT]
2026-09-13T12:31:53: PM2 log: App [alkarrar-app:0] starting in -fork mode-
2026-09-13T12:31:53: PM2 log: App [alkarrar-app:0] online
2026-09-13T12:31:55: PM2 log: App [alkarrar-app:0] exited with code [1] via signal [SIGINT]
2026-09-13T12:31:55: PM2 log: App [alkarrar-app:0] starting in -fork mode-
2026-09-13T12:31:55: PM2 log: App [alkarrar-app:0] online
2026-09-13T12:31:57: PM2 log: App [alkarrar-app:0] exited with code [1] via signal [SIGINT]
2026-09-13T12:31:57: PM2 log: App [alkarrar-app:0] starting in -fork mode-
2026-09-13T12:31:57: PM2 log: App [alkarrar-app:0] online
2026-09-13T12:31:59: PM2 log: App [alkarrar-app:0] exited with code [1] via signal [SIGINT]
2026-09-13T12:31:59: PM2 log: App [alkarrar-app:0] starting in -fork mode-
2026-09-13T12:31:59: PM2 log: App [alkarrar-app:0] online
2026-09-13T12:32:01: PM2 log: App [alkarrar-app:0] exited with code [1] via signal [SIGINT]
2026-09-13T12:32:01: PM2 log: App [alkarrar-app:0] starting in -fork mode-
2026-09-13T12:32:01: PM2 log: App [alkarrar-app:0] online
2026-09-13T12:32:03: PM2 log: App [alkarrar-app:0] exited with code [1] via signal [SIGINT]
2026-09-13T12:32:03: PM2 log: App [alkarrar-app:0] starting in -fork mode-
2026-09-13T12:32:03: PM2 log: App [alkarrar-app:0] online
2026-09-13T12:32:05: PM2 log: App [alkarrar-app:0] exited with code [1] via signal [SIGINT]
2026-09-13T12:32:05: PM2 log: App [alkarrar-app:0] starting in -fork mode-
2026-09-13T12:32:05: PM2 log: App [alkarrar-app:0] online
2026-09-13T12:32:07: PM2 log: App [alkarrar-app:0] exited with code [1] via signal [SIGINT]
2026-09-13T12:32:07: PM2 log: App [alkarrar-app:0] starting in -fork mode-
2026-09-13T12:32:07: PM2 log: App [alkarrar-app:0] online
2026-09-13T12:32:08: PM2 log: App [alkarrar-app:0] exited with code [1] via signal [SIGINT]
2026-09-13T12:32:08: PM2 log: App [alkarrar-app:0] starting in -fork mode-
2026-09-13T12:32:08: PM2 log: App [alkarrar-app:0] online
2026-09-13T12:32:10: PM2 log: App [alkarrar-app:0] exited with code [1] via signal [SIGINT]
2026-09-13T12:32:10: PM2 log: App [alkarrar-app:0] starting in -fork mode-
2026-09-13T12:32:10: PM2 log: App [alkarrar-app:0] online
2026-09-13T12:32:12: PM2 log: App [alkarrar-app:0] exited with code [1] via signal [SIGINT]
2026-09-13T12:32:12: PM2 log: App [alkarrar-app:0] starting in -fork mode-
2026-09-13T12:32:12: PM2 log: App [alkarrar-app:0] online
2026-09-13T12:32:14: PM2 log: App [alkarrar-app:0] exited with code [1] via signal [SIGINT]
2026-09-13T12:32:14: PM2 log: App [alkarrar-app:0] starting in -fork mode-
2026-09-13T12:32:14: PM2 log: App [alkarrar-app:0] online
2026-09-13T12:32:15: PM2 log: App [alkarrar-app:0] exited with code [1] via signal [SIGINT]
2026-09-13T12:32:15: PM2 log: App [alkarrar-app:0] starting in -fork mode-
2026-09-13T12:32:15: PM2 log: App [alkarrar-app:0] online
2026-09-13T12:32:17: PM2 log: App [alkarrar-app:0] exited with code [1] via signal [SIGINT]
2026-09-13T12:32:17: PM2 log: App [alkarrar-app:0] starting in -fork mode-
2026-09-13T12:32:17: PM2 log: App [alkarrar-app:0] online
2026-09-13T12:32:19: PM2 log: App [alkarrar-app:0] exited with code [1] via signal [SIGINT]
2026-09-13T12:32:19: PM2 log: App [alkarrar-app:0] starting in -fork mode-
2026-09-13T12:32:19: PM2 log: App [alkarrar-app:0] online
2026-09-13T12:32:21: PM2 log: App [alkarrar-app:0] exited with code [1] via signal [SIGINT]
2026-09-13T12:32:21: PM2 log: App [alkarrar-app:0] starting in -fork mode-
2026-09-13T12:32:21: PM2 log: App [alkarrar-app:0] online
2026-09-13T12:32:22: PM2 log: App [alkarrar-app:0] exited with code [1] via signal [SIGINT]
2026-09-13T12:32:22: PM2 log: App [alkarrar-app:0] starting in -fork mode-
2026-09-13T12:32:22: PM2 log: App [alkarrar-app:0] online
2026-09-13T12:32:24: PM2 log: App [alkarrar-app:0] exited with code [1] via signal [SIGINT]
2026-09-13T12:32:24: PM2 log: App [alkarrar-app:0] starting in -fork mode-
2026-09-13T12:32:24: PM2 log: App [alkarrar-app:0] online
2026-09-13T12:32:26: PM2 log: App [alkarrar-app:0] exited with code [1] via signal [SIGINT]
2026-09-13T12:32:26: PM2 log: App [alkarrar-app:0] starting in -fork mode-
2026-09-13T12:32:26: PM2 log: App [alkarrar-app:0] online
2026-09-13T12:32:27: PM2 log: App [alkarrar-app:0] exited with code [1] via signal [SIGINT]
2026-09-13T12:32:27: PM2 log: App [alkarrar-app:0] starting in -fork mode-
2026-09-13T12:32:27: PM2 log: App [alkarrar-app:0] online
2026-09-13T12:32:29: PM2 log: App [alkarrar-app:0] exited with code [1] via signal [SIGINT]
2026-09-13T12:32:29: PM2 log: App [alkarrar-app:0] starting in -fork mode-
2026-09-13T12:32:29: PM2 log: App [alkarrar-app:0] online
2026-09-13T12:32:31: PM2 log: App [alkarrar-app:0] exited with code [1] via signal [SIGINT]
2026-09-13T12:32:31: PM2 log: App [alkarrar-app:0] starting in -fork mode-
2026-09-13T12:32:31: PM2 log: App [alkarrar-app:0] online
2026-09-13T12:32:33: PM2 log: App [alkarrar-app:0] exited with code [1] via signal [SIGINT]
2026-09-13T12:32:33: PM2 log: App [alkarrar-app:0] starting in -fork mode-
2026-09-13T12:32:33: PM2 log: App [alkarrar-app:0] online
2026-09-13T12:32:35: PM2 log: App [alkarrar-app:0] exited with code [1] via signal [SIGINT]
2026-09-13T12:32:35: PM2 log: App [alkarrar-app:0] starting in -fork mode-
2026-09-13T12:32:35: PM2 log: App [alkarrar-app:0] online
2026-09-13T12:32:36: PM2 log: App [alkarrar-app:0] exited with code [1] via signal [SIGINT]
2026-09-13T12:32:36: PM2 log: App [alkarrar-app:0] starting in -fork mode-
2026-09-13T12:32:36: PM2 log: App [alkarrar-app:0] online
2026-09-13T12:32:38: PM2 log: App [alkarrar-app:0] exited with code [1] via signal [SIGINT]
2026-09-13T12:32:38: PM2 log: App [alkarrar-app:0] starting in -fork mode-
2026-09-13T12:32:38: PM2 log: App [alkarrar-app:0] online
2026-09-13T12:32:40: PM2 log: App [alkarrar-app:0] exited with code [1] via signal [SIGINT]
2026-09-13T12:32:40: PM2 log: App [alkarrar-app:0] starting in -fork mode-
2026-09-13T12:32:40: PM2 log: App [alkarrar-app:0] online
2026-09-13T12:32:42: PM2 log: App [alkarrar-app:0] exited with code [1] via signal [SIGINT]
2026-09-13T12:32:42: PM2 log: App [alkarrar-app:0] starting in -fork mode-
2026-09-13T12:32:42: PM2 log: App [alkarrar-app:0] online
2026-09-13T12:32:43: PM2 log: App [alkarrar-app:0] exited with code [1] via signal [SIGINT]
2026-09-13T12:32:43: PM2 log: App [alkarrar-app:0] starting in -fork mode-
2026-09-13T12:32:43: PM2 log: App [alkarrar-app:0] online
2026-09-13T12:32:45: PM2 log: App [alkarrar-app:0] exited with code [1] via signal [SIGINT]
2026-09-13T12:32:45: PM2 log: App [alkarrar-app:0] starting in -fork mode-
2026-09-13T12:32:45: PM2 log: App [alkarrar-app:0] online
2026-09-13T12:32:47: PM2 log: App [alkarrar-app:0] exited with code [1] via signal [SIGINT]
2026-09-13T12:32:47: PM2 log: App [alkarrar-app:0] starting in -fork mode-
2026-09-13T12:32:47: PM2 log: App [alkarrar-app:0] online
2026-09-13T12:32:49: PM2 log: App [alkarrar-app:0] exited with code [1] via signal [SIGINT]
2026-09-13T12:32:49: PM2 log: App [alkarrar-app:0] starting in -fork mode-
2026-09-13T12:32:49: PM2 log: App [alkarrar-app:0] online
2026-09-13T12:32:50: PM2 log: App [alkarrar-app:0] exited with code [1] via signal [SIGINT]
2026-09-13T12:32:50: PM2 log: App [alkarrar-app:0] starting in -fork mode-
2026-09-13T12:32:50: PM2 log: App [alkarrar-app:0] online
2026-09-13T12:32:52: PM2 log: App [alkarrar-app:0] exited with code [1] via signal [SIGINT]
2026-09-13T12:32:52: PM2 log: App [alkarrar-app:0] starting in -fork mode-
2026-09-13T12:32:52: PM2 log: App [alkarrar-app:0] online
2026-09-13T12:32:54: PM2 log: App [alkarrar-app:0] exited with code [1] via signal [SIGINT]
2026-09-13T12:32:54: PM2 log: App [alkarrar-app:0] starting in -fork mode-
2026-09-13T12:32:54: PM2 log: App [alkarrar-app:0] online
2026-09-13T12:32:56: PM2 log: App [alkarrar-app:0] exited with code [1] via signal [SIGINT]
2026-09-13T12:32:56: PM2 log: App [alkarrar-app:0] starting in -fork mode-
2026-09-13T12:32:56: PM2 log: App [alkarrar-app:0] online
2026-09-13T12:32:57: PM2 log: App [alkarrar-app:0] exited with code [1] via signal [SIGINT]
2026-09-13T12:32:57: PM2 log: App [alkarrar-app:0] starting in -fork mode-
2026-09-13T12:32:57: PM2 log: App [alkarrar-app:0] online
2026-09-13T12:32:59: PM2 log: App [alkarrar-app:0] exited with code [1] via signal [SIGINT]
2026-09-13T12:32:59: PM2 log: App [alkarrar-app:0] starting in -fork mode-
2026-09-13T12:32:59: PM2 log: App [alkarrar-app:0] online
2026-09-13T12:33:02: PM2 log: Stopping app:alkarrar-app id:0
2026-09-13T12:33:02: PM2 log: App [alkarrar-app:0] exited with code [130] via signal [SIGINT]
2026-09-13T12:33:02: PM2 log: pid=121395 msg=process tree killed (2 pids)
2026-09-13T12:33:02: PM2 log: App [alkarrar-app:0] starting in -fork mode-
2026-09-13T12:33:02: PM2 log: App [alkarrar-app:0] online
2026-09-13T12:33:04: PM2 log: App [alkarrar-app:0] exited with code [1] via signal [SIGINT]
2026-09-13T12:33:04: PM2 log: App [alkarrar-app:0] starting in -fork mode-
2026-09-13T12:33:04: PM2 log: App [alkarrar-app:0] online
2026-09-13T12:33:05: PM2 log: App [alkarrar-app:0] exited with code [1] via signal [SIGINT]
2026-09-13T12:33:05: PM2 log: App [alkarrar-app:0] starting in -fork mode-
2026-09-13T12:33:05: PM2 log: App [alkarrar-app:0] online
2026-09-13T12:33:07: PM2 log: App [alkarrar-app:0] exited with code [1] via signal [SIGINT]
2026-09-13T12:33:07: PM2 log: App [alkarrar-app:0] starting in -fork mode-
2026-09-13T12:33:07: PM2 log: App [alkarrar-app:0] online
2026-09-13T12:33:09: PM2 log: App [alkarrar-app:0] exited with code [1] via signal [SIGINT]
2026-09-13T12:33:09: PM2 log: App [alkarrar-app:0] starting in -fork mode-
2026-09-13T12:33:09: PM2 log: App [alkarrar-app:0] online
2026-09-13T12:33:11: PM2 log: App [alkarrar-app:0] exited with code [1] via signal [SIGINT]
2026-09-13T12:33:11: PM2 log: App [alkarrar-app:0] starting in -fork mode-
2026-09-13T12:33:11: PM2 log: App [alkarrar-app:0] online
2026-09-13T12:33:13: PM2 log: App [alkarrar-app:0] exited with code [1] via signal [SIGINT]
2026-09-13T12:33:13: PM2 log: App [alkarrar-app:0] starting in -fork mode-
2026-09-13T12:33:13: PM2 log: App [alkarrar-app:0] online
2026-09-13T12:33:14: PM2 log: App [alkarrar-app:0] exited with code [1] via signal [SIGINT]
2026-09-13T12:33:14: PM2 log: App [alkarrar-app:0] starting in -fork mode-
2026-09-13T12:33:14: PM2 log: App [alkarrar-app:0] online
2026-09-13T12:33:16: PM2 log: App [alkarrar-app:0] exited with code [1] via signal [SIGINT]
2026-09-13T12:33:16: PM2 log: App [alkarrar-app:0] starting in -fork mode-
2026-09-13T12:33:16: PM2 log: App [alkarrar-app:0] online
2026-09-13T12:33:18: PM2 log: App [alkarrar-app:0] exited with code [1] via signal [SIGINT]
2026-09-13T12:33:18: PM2 log: App [alkarrar-app:0] starting in -fork mode-
2026-09-13T12:33:18: PM2 log: App [alkarrar-app:0] online
2026-09-13T12:33:20: PM2 log: App [alkarrar-app:0] exited with code [1] via signal [SIGINT]
2026-09-13T12:33:20: PM2 log: App [alkarrar-app:0] starting in -fork mode-
2026-09-13T12:33:20: PM2 log: App [alkarrar-app:0] online
2026-09-13T12:33:21: PM2 log: App [alkarrar-app:0] exited with code [1] via signal [SIGINT]
2026-09-13T12:33:21: PM2 log: App [alkarrar-app:0] starting in -fork mode-
2026-09-13T12:33:21: PM2 log: App [alkarrar-app:0] online
2026-09-13T12:33:23: PM2 log: App [alkarrar-app:0] exited with code [1] via signal [SIGINT]
2026-09-13T12:33:23: PM2 log: App [alkarrar-app:0] starting in -fork mode-
2026-09-13T12:33:23: PM2 log: App [alkarrar-app:0] online
2026-09-13T12:33:25: PM2 log: App [alkarrar-app:0] exited with code [1] via signal [SIGINT]
2026-09-13T12:33:25: PM2 log: App [alkarrar-app:0] starting in -fork mode-
2026-09-13T12:33:25: PM2 log: App [alkarrar-app:0] online
2026-09-13T12:33:27: PM2 log: App [alkarrar-app:0] exited with code [1] via signal [SIGINT]
2026-09-13T12:33:27: PM2 log: App [alkarrar-app:0] starting in -fork mode-
2026-09-13T12:33:27: PM2 log: App [alkarrar-app:0] online
2026-09-13T12:33:28: PM2 log: App [alkarrar-app:0] exited with code [1] via signal [SIGINT]
2026-09-13T12:33:28: PM2 log: App [alkarrar-app:0] starting in -fork mode-
2026-09-13T12:33:28: PM2 log: App [alkarrar-app:0] online
2026-09-13T12:33:30: PM2 log: App [alkarrar-app:0] exited with code [1] via signal [SIGINT]
2026-09-13T12:33:30: PM2 log: App [alkarrar-app:0] starting in -fork mode-
2026-09-13T12:33:30: PM2 log: App [alkarrar-app:0] online
2026-09-13T12:33:32: PM2 log: App [alkarrar-app:0] exited with code [1] via signal [SIGINT]
2026-09-13T12:33:32: PM2 log: App [alkarrar-app:0] starting in -fork mode-
2026-09-13T12:33:32: PM2 log: App [alkarrar-app:0] online
2026-09-13T12:33:33: PM2 log: App [alkarrar-app:0] exited with code [1] via signal [SIGINT]
2026-09-13T12:33:33: PM2 log: App [alkarrar-app:0] starting in -fork mode-
2026-09-13T12:33:33: PM2 log: App [alkarrar-app:0] online
2026-09-13T12:33:35: PM2 log: App [alkarrar-app:0] exited with code [1] via signal [SIGINT]
2026-09-13T12:33:35: PM2 log: App [alkarrar-app:0] starting in -fork mode-
2026-09-13T12:33:35: PM2 log: App [alkarrar-app:0] online
2026-09-13T12:33:37: PM2 log: App [alkarrar-app:0] exited with code [1] via signal [SIGINT]
2026-09-13T12:33:37: PM2 log: App [alkarrar-app:0] starting in -fork mode-
2026-09-13T12:33:37: PM2 log: App [alkarrar-app:0] online
2026-09-13T12:33:38: PM2 log: App [alkarrar-app:0] exited with code [1] via signal [SIGINT]
2026-09-13T12:33:38: PM2 log: App [alkarrar-app:0] starting in -fork mode-
2026-09-13T12:33:38: PM2 log: App [alkarrar-app:0] online
2026-09-13T12:33:40: PM2 log: App [alkarrar-app:0] exited with code [1] via signal [SIGINT]
2026-09-13T12:33:40: PM2 log: App [alkarrar-app:0] starting in -fork mode-
2026-09-13T12:33:40: PM2 log: App [alkarrar-app:0] online
2026-09-13T12:33:42: PM2 log: App [alkarrar-app:0] exited with code [1] via signal [SIGINT]
2026-09-13T12:33:42: PM2 log: App [alkarrar-app:0] starting in -fork mode-
2026-09-13T12:33:42: PM2 log: App [alkarrar-app:0] online
2026-09-13T12:33:43: PM2 log: App [alkarrar-app:0] exited with code [1] via signal [SIGINT]
2026-09-13T12:33:43: PM2 log: App [alkarrar-app:0] starting in -fork mode-
2026-09-13T12:33:43: PM2 log: App [alkarrar-app:0] online
2026-09-13T12:33:45: PM2 log: App [alkarrar-app:0] exited with code [1] via signal [SIGINT]
2026-09-13T12:33:45: PM2 log: App [alkarrar-app:0] starting in -fork mode-
2026-09-13T12:33:45: PM2 log: App [alkarrar-app:0] online
2026-09-13T12:33:47: PM2 log: App [alkarrar-app:0] exited with code [1] via signal [SIGINT]
2026-09-13T12:33:47: PM2 log: App [alkarrar-app:0] starting in -fork mode-
2026-09-13T12:33:47: PM2 log: App [alkarrar-app:0] online
2026-09-13T12:33:49: PM2 log: App [alkarrar-app:0] exited with code [1] via signal [SIGINT]
2026-09-13T12:33:49: PM2 log: App [alkarrar-app:0] starting in -fork mode-
2026-09-13T12:33:49: PM2 log: App [alkarrar-app:0] online
2026-09-13T12:33:50: PM2 log: App [alkarrar-app:0] exited with code [1] via signal [SIGINT]
2026-09-13T12:33:50: PM2 log: App [alkarrar-app:0] starting in -fork mode-
2026-09-13T12:33:50: PM2 log: App [alkarrar-app:0] online
2026-09-13T12:33:52: PM2 log: App [alkarrar-app:0] exited with code [1] via signal [SIGINT]
2026-09-13T12:33:52: PM2 log: App [alkarrar-app:0] starting in -fork mode-
2026-09-13T12:33:52: PM2 log: App [alkarrar-app:0] online
2026-09-13T12:33:54: PM2 log: App [alkarrar-app:0] exited with code [1] via signal [SIGINT]
2026-09-13T12:33:54: PM2 log: App [alkarrar-app:0] starting in -fork mode-
2026-09-13T12:33:54: PM2 log: App [alkarrar-app:0] online
2026-09-13T12:33:56: PM2 log: App [alkarrar-app:0] exited with code [1] via signal [SIGINT]
2026-09-13T12:33:56: PM2 log: App [alkarrar-app:0] starting in -fork mode-
2026-09-13T12:33:56: PM2 log: App [alkarrar-app:0] online
2026-09-13T12:33:57: PM2 log: App [alkarrar-app:0] exited with code [1] via signal [SIGINT]
2026-09-13T12:33:57: PM2 log: App [alkarrar-app:0] starting in -fork mode-
2026-09-13T12:33:57: PM2 log: App [alkarrar-app:0] online
2026-09-13T12:33:59: PM2 log: App [alkarrar-app:0] exited with code [1] via signal [SIGINT]
2026-09-13T12:33:59: PM2 log: App [alkarrar-app:0] starting in -fork mode-
2026-09-13T12:33:59: PM2 log: App [alkarrar-app:0] online
2026-09-13T12:34:01: PM2 log: App [alkarrar-app:0] exited with code [1] via signal [SIGINT]
2026-09-13T12:34:01: PM2 log: App [alkarrar-app:0] starting in -fork mode-
2026-09-13T12:34:01: PM2 log: App [alkarrar-app:0] online
2026-09-13T12:34:03: PM2 log: App [alkarrar-app:0] exited with code [1] via signal [SIGINT]
2026-09-13T12:34:03: PM2 log: App [alkarrar-app:0] starting in -fork mode-
2026-09-13T12:34:03: PM2 log: App [alkarrar-app:0] online
2026-09-13T12:34:05: PM2 log: App [alkarrar-app:0] exited with code [1] via signal [SIGINT]
2026-09-13T12:34:05: PM2 log: App [alkarrar-app:0] starting in -fork mode-
2026-09-13T12:34:05: PM2 log: App [alkarrar-app:0] online
2026-09-13T12:34:06: PM2 log: App [alkarrar-app:0] exited with code [1] via signal [SIGINT]
2026-09-13T12:34:06: PM2 log: App [alkarrar-app:0] starting in -fork mode-
2026-09-13T12:34:06: PM2 log: App [alkarrar-app:0] online
2026-09-13T12:34:08: PM2 log: App [alkarrar-app:0] exited with code [1] via signal [SIGINT]
2026-09-13T12:34:08: PM2 log: App [alkarrar-app:0] starting in -fork mode-
2026-09-13T12:34:08: PM2 log: App [alkarrar-app:0] online
2026-09-13T12:34:10: PM2 log: App [alkarrar-app:0] exited with code [1] via signal [SIGINT]
2026-09-13T12:34:10: PM2 log: App [alkarrar-app:0] starting in -fork mode-
2026-09-13T12:34:10: PM2 log: App [alkarrar-app:0] online
2026-09-13T12:34:11: PM2 log: App [alkarrar-app:0] exited with code [1] via signal [SIGINT]
2026-09-13T12:34:11: PM2 log: App [alkarrar-app:0] starting in -fork mode-
2026-09-13T12:34:11: PM2 log: App [alkarrar-app:0] online
2026-09-13T12:34:13: PM2 log: App [alkarrar-app:0] exited with code [1] via signal [SIGINT]
2026-09-13T12:34:13: PM2 log: App [alkarrar-app:0] starting in -fork mode-
2026-09-13T12:34:13: PM2 log: App [alkarrar-app:0] online
2026-09-13T12:34:15: PM2 log: App [alkarrar-app:0] exited with code [1] via signal [SIGINT]
2026-09-13T12:34:15: PM2 log: App [alkarrar-app:0] starting in -fork mode-
2026-09-13T12:34:15: PM2 log: App [alkarrar-app:0] online
2026-09-13T12:34:16: PM2 log: App [alkarrar-app:0] exited with code [1] via signal [SIGINT]
2026-09-13T12:34:16: PM2 log: App [alkarrar-app:0] starting in -fork mode-
2026-09-13T12:34:16: PM2 log: App [alkarrar-app:0] online
2026-09-13T12:34:18: PM2 log: App [alkarrar-app:0] exited with code [1] via signal [SIGINT]
2026-09-13T12:34:18: PM2 log: App [alkarrar-app:0] starting in -fork mode-
2026-09-13T12:34:18: PM2 log: App [alkarrar-app:0] online
2026-09-13T12:34:20: PM2 log: App [alkarrar-app:0] exited with code [1] via signal [SIGINT]
2026-09-13T12:34:20: PM2 log: App [alkarrar-app:0] starting in -fork mode-
2026-09-13T12:34:20: PM2 log: App [alkarrar-app:0] online
2026-09-13T12:34:21: PM2 log: App [alkarrar-app:0] exited with code [1] via signal [SIGINT]
2026-09-13T12:34:21: PM2 log: App [alkarrar-app:0] starting in -fork mode-
2026-09-13T12:34:21: PM2 log: App [alkarrar-app:0] online
2026-09-13T12:34:23: PM2 log: App [alkarrar-app:0] exited with code [1] via signal [SIGINT]
2026-09-13T12:34:23: PM2 log: App [alkarrar-app:0] starting in -fork mode-
2026-09-13T12:34:23: PM2 log: App [alkarrar-app:0] online
2026-09-13T12:34:25: PM2 log: App [alkarrar-app:0] exited with code [1] via signal [SIGINT]
2026-09-13T12:34:25: PM2 log: App [alkarrar-app:0] starting in -fork mode-
2026-09-13T12:34:25: PM2 log: App [alkarrar-app:0] online
2026-09-13T12:34:26: PM2 log: App [alkarrar-app:0] exited with code [1] via signal [SIGINT]
2026-09-13T12:34:26: PM2 log: App [alkarrar-app:0] starting in -fork mode-
2026-09-13T12:34:26: PM2 log: App [alkarrar-app:0] online
2026-09-13T12:34:28: PM2 log: App [alkarrar-app:0] exited with code [1] via signal [SIGINT]
2026-09-13T12:34:28: PM2 log: App [alkarrar-app:0] starting in -fork mode-
2026-09-13T12:34:28: PM2 log: App [alkarrar-app:0] online
2026-09-13T12:34:30: PM2 log: App [alkarrar-app:0] exited with code [1] via signal [SIGINT]
2026-09-13T12:34:30: PM2 log: App [alkarrar-app:0] starting in -fork mode-
2026-09-13T12:34:30: PM2 log: App [alkarrar-app:0] online
2026-09-13T12:34:31: PM2 log: App [alkarrar-app:0] exited with code [1] via signal [SIGINT]
2026-09-13T12:34:31: PM2 log: App [alkarrar-app:0] starting in -fork mode-
2026-09-13T12:34:31: PM2 log: App [alkarrar-app:0] online
2026-09-13T12:34:33: PM2 log: App [alkarrar-app:0] exited with code [1] via signal [SIGINT]
2026-09-13T12:34:33: PM2 log: App [alkarrar-app:0] starting in -fork mode-
2026-09-13T12:34:33: PM2 log: App [alkarrar-app:0] online
2026-09-13T12:34:35: PM2 log: App [alkarrar-app:0] exited with code [1] via signal [SIGINT]
2026-09-13T12:34:35: PM2 log: App [alkarrar-app:0] starting in -fork mode-
2026-09-13T12:34:35: PM2 log: App [alkarrar-app:0] online
2026-09-13T12:34:37: PM2 log: App [alkarrar-app:0] exited with code [1] via signal [SIGINT]
2026-09-13T12:34:37: PM2 log: App [alkarrar-app:0] starting in -fork mode-
2026-09-13T12:34:37: PM2 log: App [alkarrar-app:0] online
2026-09-13T12:34:38: PM2 log: App [alkarrar-app:0] exited with code [1] via signal [SIGINT]
2026-09-13T12:34:38: PM2 log: App [alkarrar-app:0] starting in -fork mode-
2026-09-13T12:34:38: PM2 log: App [alkarrar-app:0] online
2026-09-13T12:34:40: PM2 log: App [alkarrar-app:0] exited with code [1] via signal [SIGINT]
2026-09-13T12:34:40: PM2 log: App [alkarrar-app:0] starting in -fork mode-
2026-09-13T12:34:40: PM2 log: App [alkarrar-app:0] online
2026-09-13T12:34:42: PM2 log: App [alkarrar-app:0] exited with code [1] via signal [SIGINT]
2026-09-13T12:34:42: PM2 log: App [alkarrar-app:0] starting in -fork mode-
2026-09-13T12:34:42: PM2 log: App [alkarrar-app:0] online
2026-09-13T12:34:43: PM2 log: App [alkarrar-app:0] exited with code [1] via signal [SIGINT]
2026-09-13T12:34:43: PM2 log: App [alkarrar-app:0] starting in -fork mode-
2026-09-13T12:34:43: PM2 log: App [alkarrar-app:0] online
2026-09-13T12:34:45: PM2 log: App [alkarrar-app:0] exited with code [1] via signal [SIGINT]
2026-09-13T12:34:45: PM2 log: App [alkarrar-app:0] starting in -fork mode-
2026-09-13T12:34:45: PM2 log: App [alkarrar-app:0] online
2026-09-13T12:34:46: PM2 log: App [alkarrar-app:0] exited with code [1] via signal [SIGINT]
2026-09-13T12:34:46: PM2 log: App [alkarrar-app:0] starting in -fork mode-
2026-09-13T12:34:46: PM2 log: App [alkarrar-app:0] online
2026-09-13T12:34:48: PM2 log: App [alkarrar-app:0] exited with code [1] via signal [SIGINT]
2026-09-13T12:34:48: PM2 log: App [alkarrar-app:0] starting in -fork mode-
2026-09-13T12:34:48: PM2 log: App [alkarrar-app:0] online
2026-09-13T12:34:50: PM2 log: App [alkarrar-app:0] exited with code [1] via signal [SIGINT]
2026-09-13T12:34:50: PM2 log: App [alkarrar-app:0] starting in -fork mode-
2026-09-13T12:34:50: PM2 log: App [alkarrar-app:0] online
2026-09-13T12:34:52: PM2 log: App [alkarrar-app:0] exited with code [1] via signal [SIGINT]
2026-09-13T12:34:52: PM2 log: App [alkarrar-app:0] starting in -fork mode-
2026-09-13T12:34:52: PM2 log: App [alkarrar-app:0] online
2026-09-13T12:34:53: PM2 log: App [alkarrar-app:0] exited with code [1] via signal [SIGINT]
2026-09-13T12:34:53: PM2 log: App [alkarrar-app:0] starting in -fork mode-
2026-09-13T12:34:53: PM2 log: App [alkarrar-app:0] online
2026-09-13T12:34:55: PM2 log: App [alkarrar-app:0] exited with code [1] via signal [SIGINT]
2026-09-13T12:34:55: PM2 log: App [alkarrar-app:0] starting in -fork mode-
2026-09-13T12:34:55: PM2 log: App [alkarrar-app:0] online
2026-09-13T12:34:57: PM2 log: App [alkarrar-app:0] exited with code [1] via signal [SIGINT]
2026-09-13T12:34:57: PM2 log: App [alkarrar-app:0] starting in -fork mode-
2026-09-13T12:34:57: PM2 log: App [alkarrar-app:0] online
2026-09-13T12:34:58: PM2 log: App [alkarrar-app:0] exited with code [1] via signal [SIGINT]
2026-09-13T12:34:58: PM2 log: App [alkarrar-app:0] starting in -fork mode-
2026-09-13T12:34:58: PM2 log: App [alkarrar-app:0] online
2026-09-13T12:35:00: PM2 log: App [alkarrar-app:0] exited with code [1] via signal [SIGINT]
2026-09-13T12:35:00: PM2 log: App [alkarrar-app:0] starting in -fork mode-
2026-09-13T12:35:00: PM2 log: App [alkarrar-app:0] online
2026-09-13T12:35:02: PM2 log: App [alkarrar-app:0] exited with code [1] via signal [SIGINT]
2026-09-13T12:35:02: PM2 log: App [alkarrar-app:0] starting in -fork mode-
2026-09-13T12:35:02: PM2 log: App [alkarrar-app:0] online
2026-09-13T12:35:04: PM2 log: App [alkarrar-app:0] exited with code [1] via signal [SIGINT]
2026-09-13T12:35:04: PM2 log: App [alkarrar-app:0] starting in -fork mode-
2026-09-13T12:35:04: PM2 log: App [alkarrar-app:0] online
2026-09-13T12:35:06: PM2 log: App [alkarrar-app:0] exited with code [1] via signal [SIGINT]
2026-09-13T12:35:06: PM2 log: App [alkarrar-app:0] starting in -fork mode-
2026-09-13T12:35:06: PM2 log: App [alkarrar-app:0] online
2026-09-13T12:35:08: PM2 log: App [alkarrar-app:0] exited with code [1] via signal [SIGINT]
2026-09-13T12:35:08: PM2 log: App [alkarrar-app:0] starting in -fork mode-
2026-09-13T12:35:08: PM2 log: App [alkarrar-app:0] online
2026-09-13T12:35:10: PM2 log: App [alkarrar-app:0] exited with code [1] via signal [SIGINT]
2026-09-13T12:35:10: PM2 log: App [alkarrar-app:0] starting in -fork mode-
2026-09-13T12:35:10: PM2 log: App [alkarrar-app:0] online
2026-09-13T12:35:12: PM2 log: App [alkarrar-app:0] exited with code [1] via signal [SIGINT]
2026-09-13T12:35:12: PM2 log: App [alkarrar-app:0] starting in -fork mode-
2026-09-13T12:35:12: PM2 log: App [alkarrar-app:0] online
2026-09-13T12:35:14: PM2 log: App [alkarrar-app:0] exited with code [1] via signal [SIGINT]
2026-09-13T12:35:14: PM2 log: App [alkarrar-app:0] starting in -fork mode-
2026-09-13T12:35:14: PM2 log: App [alkarrar-app:0] online
2026-09-13T12:35:16: PM2 log: App [alkarrar-app:0] exited with code [1] via signal [SIGINT]
2026-09-13T12:35:16: PM2 log: App [alkarrar-app:0] starting in -fork mode-
2026-09-13T12:35:16: PM2 log: App [alkarrar-app:0] online
2026-09-13T12:35:17: PM2 log: App [alkarrar-app:0] exited with code [1] via signal [SIGINT]
2026-09-13T12:35:17: PM2 log: App [alkarrar-app:0] starting in -fork mode-
2026-09-13T12:35:17: PM2 log: App [alkarrar-app:0] online
2026-09-13T12:35:19: PM2 log: App [alkarrar-app:0] exited with code [1] via signal [SIGINT]
2026-09-13T12:35:19: PM2 log: App [alkarrar-app:0] starting in -fork mode-
2026-09-13T12:35:19: PM2 log: App [alkarrar-app:0] online
2026-09-13T12:35:21: PM2 log: App [alkarrar-app:0] exited with code [1] via signal [SIGINT]
2026-09-13T12:35:21: PM2 log: App [alkarrar-app:0] starting in -fork mode-
2026-09-13T12:35:21: PM2 log: App [alkarrar-app:0] online
2026-09-13T12:35:23: PM2 log: App [alkarrar-app:0] exited with code [1] via signal [SIGINT]
2026-09-13T12:35:23: PM2 log: App [alkarrar-app:0] starting in -fork mode-
2026-09-13T12:35:23: PM2 log: App [alkarrar-app:0] online
2026-09-13T12:35:25: PM2 log: App [alkarrar-app:0] exited with code [1] via signal [SIGINT]
2026-09-13T12:35:25: PM2 log: App [alkarrar-app:0] starting in -fork mode-
2026-09-13T12:35:25: PM2 log: App [alkarrar-app:0] online
2026-09-13T12:35:27: PM2 log: App [alkarrar-app:0] exited with code [1] via signal [SIGINT]
2026-09-13T12:35:27: PM2 log: App [alkarrar-app:0] starting in -fork mode-
2026-09-13T12:35:27: PM2 log: App [alkarrar-app:0] online
2026-09-13T12:35:28: PM2 log: App [alkarrar-app:0] exited with code [1] via signal [SIGINT]
2026-09-13T12:35:28: PM2 log: App [alkarrar-app:0] starting in -fork mode-
2026-09-13T12:35:28: PM2 log: App [alkarrar-app:0] online
2026-09-13T12:35:30: PM2 log: App [alkarrar-app:0] exited with code [1] via signal [SIGINT]
2026-09-13T12:35:30: PM2 log: App [alkarrar-app:0] starting in -fork mode-
2026-09-13T12:35:30: PM2 log: App [alkarrar-app:0] online
2026-09-13T12:35:32: PM2 log: App [alkarrar-app:0] exited with code [1] via signal [SIGINT]
2026-09-13T12:35:32: PM2 log: App [alkarrar-app:0] starting in -fork mode-
2026-09-13T12:35:32: PM2 log: App [alkarrar-app:0] online
2026-09-13T12:35:34: PM2 log: App [alkarrar-app:0] exited with code [1] via signal [SIGINT]
2026-09-13T12:35:34: PM2 log: App [alkarrar-app:0] starting in -fork mode-
2026-09-13T12:35:34: PM2 log: App [alkarrar-app:0] online
2026-09-13T12:35:35: PM2 log: App [alkarrar-app:0] exited with code [1] via signal [SIGINT]
2026-09-13T12:35:35: PM2 log: App [alkarrar-app:0] starting in -fork mode-
2026-09-13T12:35:35: PM2 log: App [alkarrar-app:0] online
2026-09-13T12:35:37: PM2 log: App [alkarrar-app:0] exited with code [1] via signal [SIGINT]
2026-09-13T12:35:37: PM2 log: App [alkarrar-app:0] starting in -fork mode-
2026-09-13T12:35:37: PM2 log: App [alkarrar-app:0] online
2026-09-13T12:35:39: PM2 log: App [alkarrar-app:0] exited with code [1] via signal [SIGINT]
2026-09-13T12:35:39: PM2 log: App [alkarrar-app:0] starting in -fork mode-
2026-09-13T12:35:39: PM2 log: App [alkarrar-app:0] online
2026-09-13T12:35:41: PM2 log: App [alkarrar-app:0] exited with code [1] via signal [SIGINT]
2026-09-13T12:35:41: PM2 log: App [alkarrar-app:0] starting in -fork mode-
2026-09-13T12:35:41: PM2 log: App [alkarrar-app:0] online
2026-09-13T12:35:43: PM2 log: App [alkarrar-app:0] exited with code [1] via signal [SIGINT]
2026-09-13T12:35:43: PM2 log: App [alkarrar-app:0] starting in -fork mode-
2026-09-13T12:35:43: PM2 log: App [alkarrar-app:0] online
2026-09-13T12:35:45: PM2 log: App [alkarrar-app:0] exited with code [1] via signal [SIGINT]
2026-09-13T12:35:45: PM2 log: App [alkarrar-app:0] starting in -fork mode-
2026-09-13T12:35:45: PM2 log: App [alkarrar-app:0] online
2026-09-13T12:35:47: PM2 log: App [alkarrar-app:0] exited with code [1] via signal [SIGINT]
2026-09-13T12:35:47: PM2 log: App [alkarrar-app:0] starting in -fork mode-
2026-09-13T12:35:47: PM2 log: App [alkarrar-app:0] online
2026-09-13T12:35:48: PM2 log: App [alkarrar-app:0] exited with code [1] via signal [SIGINT]
2026-09-13T12:35:48: PM2 log: App [alkarrar-app:0] starting in -fork mode-
2026-09-13T12:35:48: PM2 log: App [alkarrar-app:0] online
2026-09-13T12:35:50: PM2 log: App [alkarrar-app:0] exited with code [1] via signal [SIGINT]
2026-09-13T12:35:50: PM2 log: App [alkarrar-app:0] starting in -fork mode-
2026-09-13T12:35:50: PM2 log: App [alkarrar-app:0] online
2026-09-13T12:35:52: PM2 log: App [alkarrar-app:0] exited with code [1] via signal [SIGINT]
2026-09-13T12:35:52: PM2 log: App [alkarrar-app:0] starting in -fork mode-
2026-09-13T12:35:52: PM2 log: App [alkarrar-app:0] online
2026-09-13T12:35:54: PM2 log: App [alkarrar-app:0] exited with code [1] via signal [SIGINT]
2026-09-13T12:35:54: PM2 log: App [alkarrar-app:0] starting in -fork mode-
2026-09-13T12:35:54: PM2 log: App [alkarrar-app:0] online
2026-09-13T12:35:56: PM2 log: App [alkarrar-app:0] exited with code [1] via signal [SIGINT]
2026-09-13T12:35:56: PM2 log: App [alkarrar-app:0] starting in -fork mode-
2026-09-13T12:35:56: PM2 log: App [alkarrar-app:0] online
2026-09-13T12:35:58: PM2 log: App [alkarrar-app:0] exited with code [1] via signal [SIGINT]
2026-09-13T12:35:58: PM2 log: App [alkarrar-app:0] starting in -fork mode-
2026-09-13T12:35:58: PM2 log: App [alkarrar-app:0] online
2026-09-13T12:36:00: PM2 log: App [alkarrar-app:0] exited with code [1] via signal [SIGINT]
2026-09-13T12:36:00: PM2 log: App [alkarrar-app:0] starting in -fork mode-
2026-09-13T12:36:00: PM2 log: App [alkarrar-app:0] online
2026-09-13T12:36:02: PM2 log: App [alkarrar-app:0] exited with code [1] via signal [SIGINT]
2026-09-13T12:36:02: PM2 log: App [alkarrar-app:0] starting in -fork mode-
2026-09-13T12:36:02: PM2 log: App [alkarrar-app:0] online
2026-09-13T12:36:04: PM2 log: App [alkarrar-app:0] exited with code [1] via signal [SIGINT]
2026-09-13T12:36:04: PM2 log: App [alkarrar-app:0] starting in -fork mode-
2026-09-13T12:36:04: PM2 log: App [alkarrar-app:0] online
2026-09-13T12:36:06: PM2 log: App [alkarrar-app:0] exited with code [1] via signal [SIGINT]
2026-09-13T12:36:06: PM2 log: App [alkarrar-app:0] starting in -fork mode-
2026-09-13T12:36:06: PM2 log: App [alkarrar-app:0] online
2026-09-13T12:36:07: PM2 log: App [alkarrar-app:0] exited with code [1] via signal [SIGINT]
2026-09-13T12:36:07: PM2 log: App [alkarrar-app:0] starting in -fork mode-
2026-09-13T12:36:07: PM2 log: App [alkarrar-app:0] online
2026-09-13T12:36:09: PM2 log: App [alkarrar-app:0] exited with code [1] via signal [SIGINT]
2026-09-13T12:36:09: PM2 log: App [alkarrar-app:0] starting in -fork mode-
2026-09-13T12:36:09: PM2 log: App [alkarrar-app:0] online
2026-09-13T12:36:11: PM2 log: App [alkarrar-app:0] exited with code [1] via signal [SIGINT]
2026-09-13T12:36:11: PM2 log: App [alkarrar-app:0] starting in -fork mode-
2026-09-13T12:36:11: PM2 log: App [alkarrar-app:0] online
2026-09-13T12:36:13: PM2 log: App [alkarrar-app:0] exited with code [1] via signal [SIGINT]
2026-09-13T12:36:13: PM2 log: App [alkarrar-app:0] starting in -fork mode-
2026-09-13T12:36:13: PM2 log: App [alkarrar-app:0] online
2026-09-13T12:36:15: PM2 log: App [alkarrar-app:0] exited with code [1] via signal [SIGINT]
2026-09-13T12:36:15: PM2 log: App [alkarrar-app:0] starting in -fork mode-
2026-09-13T12:36:15: PM2 log: App [alkarrar-app:0] online
2026-09-13T12:36:17: PM2 log: App [alkarrar-app:0] exited with code [1] via signal [SIGINT]
2026-09-13T12:36:17: PM2 log: App [alkarrar-app:0] starting in -fork mode-
2026-09-13T12:36:17: PM2 log: App [alkarrar-app:0] online
2026-09-13T12:36:19: PM2 log: App [alkarrar-app:0] exited with code [1] via signal [SIGINT]
2026-09-13T12:36:19: PM2 log: App [alkarrar-app:0] starting in -fork mode-
2026-09-13T12:36:19: PM2 log: App [alkarrar-app:0] online
2026-09-13T12:36:21: PM2 log: App [alkarrar-app:0] exited with code [1] via signal [SIGINT]
2026-09-13T12:36:21: PM2 log: App [alkarrar-app:0] starting in -fork mode-
2026-09-13T12:36:21: PM2 log: App [alkarrar-app:0] online
2026-09-13T12:36:22: PM2 log: App [alkarrar-app:0] exited with code [1] via signal [SIGINT]
2026-09-13T12:36:22: PM2 log: App [alkarrar-app:0] starting in -fork mode-
2026-09-13T12:36:22: PM2 log: App [alkarrar-app:0] online
2026-09-13T12:36:24: PM2 log: App [alkarrar-app:0] exited with code [1] via signal [SIGINT]
2026-09-13T12:36:24: PM2 log: App [alkarrar-app:0] starting in -fork mode-
2026-09-13T12:36:24: PM2 log: App [alkarrar-app:0] online
2026-09-13T12:36:26: PM2 log: App [alkarrar-app:0] exited with code [1] via signal [SIGINT]
2026-09-13T12:36:26: PM2 log: App [alkarrar-app:0] starting in -fork mode-
2026-09-13T12:36:26: PM2 log: App [alkarrar-app:0] online
2026-09-13T12:36:28: PM2 log: App [alkarrar-app:0] exited with code [1] via signal [SIGINT]
2026-09-13T12:36:28: PM2 log: App [alkarrar-app:0] starting in -fork mode-
2026-09-13T12:36:28: PM2 log: App [alkarrar-app:0] online
2026-09-13T12:36:30: PM2 log: App [alkarrar-app:0] exited with code [1] via signal [SIGINT]
2026-09-13T12:36:30: PM2 log: App [alkarrar-app:0] starting in -fork mode-
2026-09-13T12:36:30: PM2 log: App [alkarrar-app:0] online
2026-09-13T12:36:32: PM2 log: App [alkarrar-app:0] exited with code [1] via signal [SIGINT]
2026-09-13T12:36:32: PM2 log: App [alkarrar-app:0] starting in -fork mode-
2026-09-13T12:36:32: PM2 log: App [alkarrar-app:0] online
2026-09-13T12:36:34: PM2 log: App [alkarrar-app:0] exited with code [1] via signal [SIGINT]
2026-09-13T12:36:34: PM2 log: App [alkarrar-app:0] starting in -fork mode-
2026-09-13T12:36:34: PM2 log: App [alkarrar-app:0] online
2026-09-13T12:36:36: PM2 log: App [alkarrar-app:0] exited with code [1] via signal [SIGINT]
2026-09-13T12:36:36: PM2 log: App [alkarrar-app:0] starting in -fork mode-
2026-09-13T12:36:36: PM2 log: App [alkarrar-app:0] online
2026-09-13T12:36:38: PM2 log: App [alkarrar-app:0] exited with code [1] via signal [SIGINT]
2026-09-13T12:36:38: PM2 log: App [alkarrar-app:0] starting in -fork mode-
2026-09-13T12:36:38: PM2 log: App [alkarrar-app:0] online
2026-09-13T12:36:40: PM2 log: App [alkarrar-app:0] exited with code [1] via signal [SIGINT]
2026-09-13T12:36:40: PM2 log: App [alkarrar-app:0] starting in -fork mode-
2026-09-13T12:36:40: PM2 log: App [alkarrar-app:0] online
2026-09-13T12:36:42: PM2 log: App [alkarrar-app:0] exited with code [1] via signal [SIGINT]
2026-09-13T12:36:42: PM2 log: App [alkarrar-app:0] starting in -fork mode-
2026-09-13T12:36:42: PM2 log: App [alkarrar-app:0] online
2026-09-13T12:36:44: PM2 log: App [alkarrar-app:0] exited with code [1] via signal [SIGINT]
2026-09-13T12:36:44: PM2 log: App [alkarrar-app:0] starting in -fork mode-
2026-09-13T12:36:44: PM2 log: App [alkarrar-app:0] online
2026-09-13T12:36:46: PM2 log: App [alkarrar-app:0] exited with code [1] via signal [SIGINT]
2026-09-13T12:36:46: PM2 log: App [alkarrar-app:0] starting in -fork mode-
2026-09-13T12:36:46: PM2 log: App [alkarrar-app:0] online
2026-09-13T12:36:47: PM2 log: App [alkarrar-app:0] exited with code [1] via signal [SIGINT]
2026-09-13T12:36:47: PM2 log: App [alkarrar-app:0] starting in -fork mode-
2026-09-13T12:36:47: PM2 log: App [alkarrar-app:0] online
2026-09-13T12:36:49: PM2 log: App [alkarrar-app:0] exited with code [1] via signal [SIGINT]
2026-09-13T12:36:49: PM2 log: App [alkarrar-app:0] starting in -fork mode-
2026-09-13T12:36:49: PM2 log: App [alkarrar-app:0] online
2026-09-13T12:36:51: PM2 log: App [alkarrar-app:0] exited with code [1] via signal [SIGINT]
2026-09-13T12:36:51: PM2 log: App [alkarrar-app:0] starting in -fork mode-
2026-09-13T12:36:51: PM2 log: App [alkarrar-app:0] online
2026-09-13T12:36:53: PM2 log: App [alkarrar-app:0] exited with code [1] via signal [SIGINT]
2026-09-13T12:36:53: PM2 log: App [alkarrar-app:0] starting in -fork mode-
2026-09-13T12:36:53: PM2 log: App [alkarrar-app:0] online
2026-09-13T12:36:55: PM2 log: App [alkarrar-app:0] exited with code [1] via signal [SIGINT]
2026-09-13T12:36:55: PM2 log: App [alkarrar-app:0] starting in -fork mode-
2026-09-13T12:36:55: PM2 log: App [alkarrar-app:0] online
2026-09-13T12:36:56: PM2 log: App [alkarrar-app:0] exited with code [1] via signal [SIGINT]
2026-09-13T12:36:56: PM2 log: App [alkarrar-app:0] starting in -fork mode-
2026-09-13T12:36:56: PM2 log: App [alkarrar-app:0] online
2026-09-13T12:36:58: PM2 log: App [alkarrar-app:0] exited with code [1] via signal [SIGINT]
2026-09-13T12:36:58: PM2 log: App [alkarrar-app:0] starting in -fork mode-
2026-09-13T12:36:58: PM2 log: App [alkarrar-app:0] online
2026-09-13T12:37:00: PM2 log: App [alkarrar-app:0] exited with code [1] via signal [SIGINT]
2026-09-13T12:37:00: PM2 log: App [alkarrar-app:0] starting in -fork mode-
2026-09-13T12:37:00: PM2 log: App [alkarrar-app:0] online
2026-09-13T12:37:02: PM2 log: App [alkarrar-app:0] exited with code [1] via signal [SIGINT]
2026-09-13T12:37:02: PM2 log: App [alkarrar-app:0] starting in -fork mode-
2026-09-13T12:37:02: PM2 log: App [alkarrar-app:0] online
2026-09-13T12:37:04: PM2 log: App [alkarrar-app:0] exited with code [1] via signal [SIGINT]
2026-09-13T12:37:04: PM2 log: App [alkarrar-app:0] starting in -fork mode-
2026-09-13T12:37:04: PM2 log: App [alkarrar-app:0] online
2026-09-13T12:37:05: PM2 log: App [alkarrar-app:0] exited with code [1] via signal [SIGINT]
2026-09-13T12:37:05: PM2 log: App [alkarrar-app:0] starting in -fork mode-
2026-09-13T12:37:05: PM2 log: App [alkarrar-app:0] online
2026-09-13T12:37:07: PM2 log: App [alkarrar-app:0] exited with code [1] via signal [SIGINT]
2026-09-13T12:37:07: PM2 log: App [alkarrar-app:0] starting in -fork mode-
2026-09-13T12:37:07: PM2 log: App [alkarrar-app:0] online
2026-09-13T12:37:09: PM2 log: App [alkarrar-app:0] exited with code [1] via signal [SIGINT]
2026-09-13T12:37:09: PM2 log: App [alkarrar-app:0] starting in -fork mode-
2026-09-13T12:37:09: PM2 log: App [alkarrar-app:0] online
2026-09-13T12:37:11: PM2 log: App [alkarrar-app:0] exited with code [1] via signal [SIGINT]
2026-09-13T12:37:11: PM2 log: App [alkarrar-app:0] starting in -fork mode-
2026-09-13T12:37:11: PM2 log: App [alkarrar-app:0] online
2026-09-13T12:37:12: PM2 log: App [alkarrar-app:0] exited with code [1] via signal [SIGINT]
2026-09-13T12:37:12: PM2 log: App [alkarrar-app:0] starting in -fork mode-
2026-09-13T12:37:12: PM2 log: App [alkarrar-app:0] online
2026-09-13T12:37:14: PM2 log: App [alkarrar-app:0] exited with code [1] via signal [SIGINT]
2026-09-13T12:37:14: PM2 log: App [alkarrar-app:0] starting in -fork mode-
2026-09-13T12:37:14: PM2 log: App [alkarrar-app:0] online
2026-09-13T12:37:16: PM2 log: App [alkarrar-app:0] exited with code [1] via signal [SIGINT]
2026-09-13T12:37:16: PM2 log: App [alkarrar-app:0] starting in -fork mode-
2026-09-13T12:37:16: PM2 log: App [alkarrar-app:0] online
2026-09-13T12:37:18: PM2 log: App [alkarrar-app:0] exited with code [1] via signal [SIGINT]
2026-09-13T12:37:18: PM2 log: App [alkarrar-app:0] starting in -fork mode-
2026-09-13T12:37:18: PM2 log: App [alkarrar-app:0] online
2026-09-13T12:37:19: PM2 log: App [alkarrar-app:0] exited with code [1] via signal [SIGINT]
2026-09-13T12:37:19: PM2 log: App [alkarrar-app:0] starting in -fork mode-
2026-09-13T12:37:19: PM2 log: App [alkarrar-app:0] online
2026-09-13T12:37:21: PM2 log: App [alkarrar-app:0] exited with code [1] via signal [SIGINT]
2026-09-13T12:37:21: PM2 log: App [alkarrar-app:0] starting in -fork mode-
2026-09-13T12:37:21: PM2 log: App [alkarrar-app:0] online
2026-09-13T12:37:23: PM2 log: App [alkarrar-app:0] exited with code [1] via signal [SIGINT]
2026-09-13T12:37:23: PM2 log: App [alkarrar-app:0] starting in -fork mode-
2026-09-13T12:37:23: PM2 log: App [alkarrar-app:0] online
2026-09-13T12:37:25: PM2 log: App [alkarrar-app:0] exited with code [1] via signal [SIGINT]
2026-09-13T12:37:25: PM2 log: App [alkarrar-app:0] starting in -fork mode-
2026-09-13T12:37:25: PM2 log: App [alkarrar-app:0] online
2026-09-13T12:37:27: PM2 log: App [alkarrar-app:0] exited with code [1] via signal [SIGINT]
2026-09-13T12:37:27: PM2 log: App [alkarrar-app:0] starting in -fork mode-
2026-09-13T12:37:27: PM2 log: App [alkarrar-app:0] online
2026-09-13T12:37:29: PM2 log: App [alkarrar-app:0] exited with code [1] via signal [SIGINT]
2026-09-13T12:37:29: PM2 log: App [alkarrar-app:0] starting in -fork mode-
2026-09-13T12:37:29: PM2 log: App [alkarrar-app:0] online
2026-09-13T12:37:31: PM2 log: App [alkarrar-app:0] exited with code [1] via signal [SIGINT]
2026-09-13T12:37:31: PM2 log: App [alkarrar-app:0] starting in -fork mode-
2026-09-13T12:37:31: PM2 log: App [alkarrar-app:0] online
2026-09-13T12:37:32: PM2 log: App [alkarrar-app:0] exited with code [1] via signal [SIGINT]
2026-09-13T12:37:32: PM2 log: App [alkarrar-app:0] starting in -fork mode-
2026-09-13T12:37:32: PM2 log: App [alkarrar-app:0] online
2026-09-13T12:37:34: PM2 log: App [alkarrar-app:0] exited with code [1] via signal [SIGINT]
2026-09-13T12:37:34: PM2 log: App [alkarrar-app:0] starting in -fork mode-
2026-09-13T12:37:34: PM2 log: App [alkarrar-app:0] online
2026-09-13T12:37:35: PM2 log: App [alkarrar-app:0] exited with code [1] via signal [SIGINT]
2026-09-13T12:37:35: PM2 log: App [alkarrar-app:0] starting in -fork mode-
2026-09-13T12:37:35: PM2 log: App [alkarrar-app:0] online
2026-09-13T12:37:37: PM2 log: App [alkarrar-app:0] exited with code [1] via signal [SIGINT]
2026-09-13T12:37:37: PM2 log: App [alkarrar-app:0] starting in -fork mode-
2026-09-13T12:37:37: PM2 log: App [alkarrar-app:0] online
2026-09-13T12:37:39: PM2 log: App [alkarrar-app:0] exited with code [1] via signal [SIGINT]
2026-09-13T12:37:39: PM2 log: App [alkarrar-app:0] starting in -fork mode-
2026-09-13T12:37:39: PM2 log: App [alkarrar-app:0] online
2026-09-13T12:37:41: PM2 log: App [alkarrar-app:0] exited with code [1] via signal [SIGINT]
2026-09-13T12:37:41: PM2 log: App [alkarrar-app:0] starting in -fork mode-
2026-09-13T12:37:41: PM2 log: App [alkarrar-app:0] online
2026-09-13T12:37:43: PM2 log: App [alkarrar-app:0] exited with code [1] via signal [SIGINT]
2026-09-13T12:37:43: PM2 log: App [alkarrar-app:0] starting in -fork mode-
2026-09-13T12:37:43: PM2 log: App [alkarrar-app:0] online
2026-09-13T12:37:45: PM2 log: App [alkarrar-app:0] exited with code [1] via signal [SIGINT]
2026-09-13T12:37:45: PM2 log: App [alkarrar-app:0] starting in -fork mode-
2026-09-13T12:37:45: PM2 log: App [alkarrar-app:0] online
2026-09-13T12:37:46: PM2 log: App [alkarrar-app:0] exited with code [1] via signal [SIGINT]
2026-09-13T12:37:46: PM2 log: App [alkarrar-app:0] starting in -fork mode-
2026-09-13T12:37:46: PM2 log: App [alkarrar-app:0] online
2026-09-13T12:37:48: PM2 log: App [alkarrar-app:0] exited with code [1] via signal [SIGINT]
2026-09-13T12:37:48: PM2 log: App [alkarrar-app:0] starting in -fork mode-
2026-09-13T12:37:48: PM2 log: App [alkarrar-app:0] online
2026-09-13T12:37:50: PM2 log: App [alkarrar-app:0] exited with code [1] via signal [SIGINT]
2026-09-13T12:37:50: PM2 log: App [alkarrar-app:0] starting in -fork mode-
2026-09-13T12:37:50: PM2 log: App [alkarrar-app:0] online
2026-09-13T12:37:52: PM2 log: App [alkarrar-app:0] exited with code [1] via signal [SIGINT]
2026-09-13T12:37:52: PM2 log: App [alkarrar-app:0] starting in -fork mode-
2026-09-13T12:37:52: PM2 log: App [alkarrar-app:0] online
2026-09-13T12:37:53: PM2 log: App [alkarrar-app:0] exited with code [1] via signal [SIGINT]
2026-09-13T12:37:53: PM2 log: App [alkarrar-app:0] starting in -fork mode-
2026-09-13T12:37:53: PM2 log: App [alkarrar-app:0] online
2026-09-13T12:37:55: PM2 log: App [alkarrar-app:0] exited with code [1] via signal [SIGINT]
2026-09-13T12:37:55: PM2 log: App [alkarrar-app:0] starting in -fork mode-
2026-09-13T12:37:55: PM2 log: App [alkarrar-app:0] online
2026-09-13T12:37:57: PM2 log: App [alkarrar-app:0] exited with code [1] via signal [SIGINT]
2026-09-13T12:37:57: PM2 log: App [alkarrar-app:0] starting in -fork mode-
2026-09-13T12:37:57: PM2 log: App [alkarrar-app:0] online
2026-09-13T12:37:59: PM2 log: App [alkarrar-app:0] exited with code [1] via signal [SIGINT]
2026-09-13T12:37:59: PM2 log: App [alkarrar-app:0] starting in -fork mode-
2026-09-13T12:37:59: PM2 log: App [alkarrar-app:0] online
2026-09-13T12:38:01: PM2 log: App [alkarrar-app:0] exited with code [1] via signal [SIGINT]
2026-09-13T12:38:01: PM2 log: App [alkarrar-app:0] starting in -fork mode-
2026-09-13T12:38:01: PM2 log: App [alkarrar-app:0] online
2026-09-13T12:38:03: PM2 log: App [alkarrar-app:0] exited with code [1] via signal [SIGINT]
2026-09-13T12:38:03: PM2 log: App [alkarrar-app:0] starting in -fork mode-
2026-09-13T12:38:03: PM2 log: App [alkarrar-app:0] online
2026-09-13T12:38:05: PM2 log: App [alkarrar-app:0] exited with code [1] via signal [SIGINT]
2026-09-13T12:38:05: PM2 log: App [alkarrar-app:0] starting in -fork mode-
2026-09-13T12:38:05: PM2 log: App [alkarrar-app:0] online
2026-09-13T12:38:07: PM2 log: App [alkarrar-app:0] exited with code [1] via signal [SIGINT]
2026-09-13T12:38:07: PM2 log: App [alkarrar-app:0] starting in -fork mode-
2026-09-13T12:38:07: PM2 log: App [alkarrar-app:0] online
2026-09-13T12:38:09: PM2 log: App [alkarrar-app:0] exited with code [1] via signal [SIGINT]
2026-09-13T12:38:09: PM2 log: App [alkarrar-app:0] starting in -fork mode-
2026-09-13T12:38:09: PM2 log: App [alkarrar-app:0] online
2026-09-13T12:38:10: PM2 log: App [alkarrar-app:0] exited with code [1] via signal [SIGINT]
2026-09-13T12:38:10: PM2 log: App [alkarrar-app:0] starting in -fork mode-
2026-09-13T12:38:10: PM2 log: App [alkarrar-app:0] online
2026-09-13T12:38:12: PM2 log: App [alkarrar-app:0] exited with code [1] via signal [SIGINT]
2026-09-13T12:38:12: PM2 log: App [alkarrar-app:0] starting in -fork mode-
2026-09-13T12:38:12: PM2 log: App [alkarrar-app:0] online
2026-09-13T12:38:14: PM2 log: App [alkarrar-app:0] exited with code [1] via signal [SIGINT]
2026-09-13T12:38:14: PM2 log: App [alkarrar-app:0] starting in -fork mode-
2026-09-13T12:38:14: PM2 log: App [alkarrar-app:0] online
2026-09-13T12:38:16: PM2 log: App [alkarrar-app:0] exited with code [1] via signal [SIGINT]
2026-09-13T12:38:16: PM2 log: App [alkarrar-app:0] starting in -fork mode-
2026-09-13T12:38:16: PM2 log: App [alkarrar-app:0] online
2026-09-13T12:38:17: PM2 log: App [alkarrar-app:0] exited with code [1] via signal [SIGINT]
2026-09-13T12:38:17: PM2 log: App [alkarrar-app:0] starting in -fork mode-
2026-09-13T12:38:17: PM2 log: App [alkarrar-app:0] online
2026-09-13T12:38:19: PM2 log: App [alkarrar-app:0] exited with code [1] via signal [SIGINT]
2026-09-13T12:38:19: PM2 log: App [alkarrar-app:0] starting in -fork mode-
2026-09-13T12:38:19: PM2 log: App [alkarrar-app:0] online
2026-09-13T12:38:21: PM2 log: App [alkarrar-app:0] exited with code [1] via signal [SIGINT]
2026-09-13T12:38:21: PM2 log: App [alkarrar-app:0] starting in -fork mode-
2026-09-13T12:38:21: PM2 log: App [alkarrar-app:0] online
2026-09-13T12:38:23: PM2 log: App [alkarrar-app:0] exited with code [1] via signal [SIGINT]
2026-09-13T12:38:23: PM2 log: App [alkarrar-app:0] starting in -fork mode-
2026-09-13T12:38:23: PM2 log: App [alkarrar-app:0] online
2026-09-13T12:38:25: PM2 log: App [alkarrar-app:0] exited with code [1] via signal [SIGINT]
2026-09-13T12:38:25: PM2 log: App [alkarrar-app:0] starting in -fork mode-
2026-09-13T12:38:25: PM2 log: App [alkarrar-app:0] online
2026-09-13T12:38:26: PM2 log: App [alkarrar-app:0] exited with code [1] via signal [SIGINT]
2026-09-13T12:38:26: PM2 log: App [alkarrar-app:0] starting in -fork mode-
2026-09-13T12:38:26: PM2 log: App [alkarrar-app:0] online
2026-09-13T12:38:28: PM2 log: App [alkarrar-app:0] exited with code [1] via signal [SIGINT]
2026-09-13T12:38:28: PM2 log: App [alkarrar-app:0] starting in -fork mode-
2026-09-13T12:38:28: PM2 log: App [alkarrar-app:0] online
2026-09-13T12:38:30: PM2 log: App [alkarrar-app:0] exited with code [1] via signal [SIGINT]
2026-09-13T12:38:30: PM2 log: App [alkarrar-app:0] starting in -fork mode-
2026-09-13T12:38:30: PM2 log: App [alkarrar-app:0] online
2026-09-13T12:38:32: PM2 log: App [alkarrar-app:0] exited with code [1] via signal [SIGINT]
2026-09-13T12:38:32: PM2 log: App [alkarrar-app:0] starting in -fork mode-
2026-09-13T12:38:32: PM2 log: App [alkarrar-app:0] online
2026-09-13T12:38:34: PM2 log: App [alkarrar-app:0] exited with code [1] via signal [SIGINT]
2026-09-13T12:38:34: PM2 log: App [alkarrar-app:0] starting in -fork mode-
2026-09-13T12:38:34: PM2 log: App [alkarrar-app:0] online
2026-09-13T12:38:35: PM2 log: App [alkarrar-app:0] exited with code [1] via signal [SIGINT]
2026-09-13T12:38:35: PM2 log: App [alkarrar-app:0] starting in -fork mode-
2026-09-13T12:38:35: PM2 log: App [alkarrar-app:0] online
2026-09-13T12:38:37: PM2 log: App [alkarrar-app:0] exited with code [1] via signal [SIGINT]
2026-09-13T12:38:37: PM2 log: App [alkarrar-app:0] starting in -fork mode-
2026-09-13T12:38:37: PM2 log: App [alkarrar-app:0] online
2026-09-13T12:38:39: PM2 log: App [alkarrar-app:0] exited with code [1] via signal [SIGINT]
2026-09-13T12:38:39: PM2 log: App [alkarrar-app:0] starting in -fork mode-
2026-09-13T12:38:39: PM2 log: App [alkarrar-app:0] online
2026-09-13T12:38:41: PM2 log: App [alkarrar-app:0] exited with code [1] via signal [SIGINT]
2026-09-13T12:38:41: PM2 log: App [alkarrar-app:0] starting in -fork mode-
2026-09-13T12:38:41: PM2 log: App [alkarrar-app:0] online
2026-09-13T12:38:43: PM2 log: App [alkarrar-app:0] exited with code [1] via signal [SIGINT]
2026-09-13T12:38:43: PM2 log: App [alkarrar-app:0] starting in -fork mode-
2026-09-13T12:38:43: PM2 log: App [alkarrar-app:0] online
2026-09-13T12:38:45: PM2 log: App [alkarrar-app:0] exited with code [1] via signal [SIGINT]
2026-09-13T12:38:45: PM2 log: App [alkarrar-app:0] starting in -fork mode-
2026-09-13T12:38:45: PM2 log: App [alkarrar-app:0] online
2026-09-13T12:38:46: PM2 log: App [alkarrar-app:0] exited with code [1] via signal [SIGINT]
2026-09-13T12:38:46: PM2 log: App [alkarrar-app:0] starting in -fork mode-
2026-09-13T12:38:47: PM2 log: App [alkarrar-app:0] online
2026-09-13T12:38:48: PM2 log: App [alkarrar-app:0] exited with code [1] via signal [SIGINT]
2026-09-13T12:38:48: PM2 log: App [alkarrar-app:0] starting in -fork mode-
2026-09-13T12:38:48: PM2 log: App [alkarrar-app:0] online
2026-09-13T12:38:50: PM2 log: App [alkarrar-app:0] exited with code [1] via signal [SIGINT]
2026-09-13T12:38:50: PM2 log: App [alkarrar-app:0] starting in -fork mode-
2026-09-13T12:38:50: PM2 log: App [alkarrar-app:0] online
2026-09-13T12:38:52: PM2 log: App [alkarrar-app:0] exited with code [1] via signal [SIGINT]
2026-09-13T12:38:52: PM2 log: App [alkarrar-app:0] starting in -fork mode-
2026-09-13T12:38:52: PM2 log: App [alkarrar-app:0] online
2026-09-13T12:38:54: PM2 log: App [alkarrar-app:0] exited with code [1] via signal [SIGINT]
2026-09-13T12:38:54: PM2 log: App [alkarrar-app:0] starting in -fork mode-
2026-09-13T12:38:54: PM2 log: App [alkarrar-app:0] online
2026-09-13T12:38:56: PM2 log: App [alkarrar-app:0] exited with code [1] via signal [SIGINT]
2026-09-13T12:38:56: PM2 log: App [alkarrar-app:0] starting in -fork mode-
2026-09-13T12:38:56: PM2 log: App [alkarrar-app:0] online
2026-09-13T12:38:58: PM2 log: App [alkarrar-app:0] exited with code [1] via signal [SIGINT]
2026-09-13T12:38:58: PM2 log: App [alkarrar-app:0] starting in -fork mode-
2026-09-13T12:38:58: PM2 log: App [alkarrar-app:0] online
2026-09-13T12:38:59: PM2 log: App [alkarrar-app:0] exited with code [1] via signal [SIGINT]
2026-09-13T12:38:59: PM2 log: App [alkarrar-app:0] starting in -fork mode-
2026-09-13T12:38:59: PM2 log: App [alkarrar-app:0] online
2026-09-13T12:39:01: PM2 log: App [alkarrar-app:0] exited with code [1] via signal [SIGINT]
2026-09-13T12:39:01: PM2 log: App [alkarrar-app:0] starting in -fork mode-
2026-09-13T12:39:01: PM2 log: App [alkarrar-app:0] online
2026-09-13T12:39:03: PM2 log: App [alkarrar-app:0] exited with code [1] via signal [SIGINT]
2026-09-13T12:39:03: PM2 log: App [alkarrar-app:0] starting in -fork mode-
2026-09-13T12:39:03: PM2 log: App [alkarrar-app:0] online
2026-09-13T12:39:05: PM2 log: App [alkarrar-app:0] exited with code [1] via signal [SIGINT]
2026-09-13T12:39:05: PM2 log: App [alkarrar-app:0] starting in -fork mode-
2026-09-13T12:39:05: PM2 log: App [alkarrar-app:0] online
2026-09-13T12:39:07: PM2 log: App [alkarrar-app:0] exited with code [1] via signal [SIGINT]
2026-09-13T12:39:07: PM2 log: App [alkarrar-app:0] starting in -fork mode-
2026-09-13T12:39:07: PM2 log: App [alkarrar-app:0] online
2026-09-13T12:39:09: PM2 log: App [alkarrar-app:0] exited with code [1] via signal [SIGINT]
2026-09-13T12:39:09: PM2 log: App [alkarrar-app:0] starting in -fork mode-
2026-09-13T12:39:09: PM2 log: App [alkarrar-app:0] online
2026-09-13T12:39:11: PM2 log: App [alkarrar-app:0] exited with code [1] via signal [SIGINT]
2026-09-13T12:39:11: PM2 log: App [alkarrar-app:0] starting in -fork mode-
2026-09-13T12:39:11: PM2 log: App [alkarrar-app:0] online
2026-09-13T12:39:13: PM2 log: App [alkarrar-app:0] exited with code [1] via signal [SIGINT]
2026-09-13T12:39:13: PM2 log: App [alkarrar-app:0] starting in -fork mode-
2026-09-13T12:39:13: PM2 log: App [alkarrar-app:0] online
2026-09-13T12:39:15: PM2 log: App [alkarrar-app:0] exited with code [1] via signal [SIGINT]
2026-09-13T12:39:15: PM2 log: App [alkarrar-app:0] starting in -fork mode-
2026-09-13T12:39:15: PM2 log: App [alkarrar-app:0] online
2026-09-13T12:39:16: PM2 log: App [alkarrar-app:0] exited with code [1] via signal [SIGINT]
2026-09-13T12:39:16: PM2 log: App [alkarrar-app:0] starting in -fork mode-
2026-09-13T12:39:16: PM2 log: App [alkarrar-app:0] online
2026-09-13T12:39:18: PM2 log: App [alkarrar-app:0] exited with code [1] via signal [SIGINT]
2026-09-13T12:39:18: PM2 log: App [alkarrar-app:0] starting in -fork mode-
2026-09-13T12:39:18: PM2 log: App [alkarrar-app:0] online
2026-09-13T12:39:20: PM2 log: App [alkarrar-app:0] exited with code [1] via signal [SIGINT]
2026-09-13T12:39:20: PM2 log: App [alkarrar-app:0] starting in -fork mode-
2026-09-13T12:39:20: PM2 log: App [alkarrar-app:0] online
2026-09-13T12:39:22: PM2 log: App [alkarrar-app:0] exited with code [1] via signal [SIGINT]
2026-09-13T12:39:22: PM2 log: App [alkarrar-app:0] starting in -fork mode-
2026-09-13T12:39:22: PM2 log: App [alkarrar-app:0] online
2026-09-13T12:39:23: PM2 log: App [alkarrar-app:0] exited with code [1] via signal [SIGINT]
2026-09-13T12:39:23: PM2 log: App [alkarrar-app:0] starting in -fork mode-
2026-09-13T12:39:23: PM2 log: App [alkarrar-app:0] online
2026-09-13T12:39:25: PM2 log: App [alkarrar-app:0] exited with code [1] via signal [SIGINT]
2026-09-13T12:39:25: PM2 log: App [alkarrar-app:0] starting in -fork mode-
2026-09-13T12:39:25: PM2 log: App [alkarrar-app:0] online
2026-09-13T12:39:27: PM2 log: App [alkarrar-app:0] exited with code [1] via signal [SIGINT]
2026-09-13T12:39:27: PM2 log: App [alkarrar-app:0] starting in -fork mode-
2026-09-13T12:39:27: PM2 log: App [alkarrar-app:0] online
2026-09-13T12:39:29: PM2 log: App [alkarrar-app:0] exited with code [1] via signal [SIGINT]
2026-09-13T12:39:29: PM2 log: App [alkarrar-app:0] starting in -fork mode-
2026-09-13T12:39:29: PM2 log: App [alkarrar-app:0] online
2026-09-13T12:39:30: PM2 log: App [alkarrar-app:0] exited with code [1] via signal [SIGINT]
2026-09-13T12:39:30: PM2 log: App [alkarrar-app:0] starting in -fork mode-
2026-09-13T12:39:30: PM2 log: App [alkarrar-app:0] online
2026-09-13T12:39:32: PM2 log: App [alkarrar-app:0] exited with code [1] via signal [SIGINT]
2026-09-13T12:39:32: PM2 log: App [alkarrar-app:0] starting in -fork mode-
2026-09-13T12:39:32: PM2 log: App [alkarrar-app:0] online
2026-09-13T12:39:34: PM2 log: App [alkarrar-app:0] exited with code [1] via signal [SIGINT]
2026-09-13T12:39:34: PM2 log: App [alkarrar-app:0] starting in -fork mode-
2026-09-13T12:39:34: PM2 log: App [alkarrar-app:0] online
2026-09-13T12:39:35: PM2 log: App [alkarrar-app:0] exited with code [1] via signal [SIGINT]
2026-09-13T12:39:35: PM2 log: App [alkarrar-app:0] starting in -fork mode-
2026-09-13T12:39:35: PM2 log: App [alkarrar-app:0] online
2026-09-13T12:39:37: PM2 log: App [alkarrar-app:0] exited with code [1] via signal [SIGINT]
2026-09-13T12:39:37: PM2 log: App [alkarrar-app:0] starting in -fork mode-
2026-09-13T12:39:37: PM2 log: App [alkarrar-app:0] online
2026-09-13T12:39:39: PM2 log: App [alkarrar-app:0] exited with code [1] via signal [SIGINT]
2026-09-13T12:39:39: PM2 log: App [alkarrar-app:0] starting in -fork mode-
2026-09-13T12:39:39: PM2 log: App [alkarrar-app:0] online
2026-09-13T12:39:41: PM2 log: App [alkarrar-app:0] exited with code [1] via signal [SIGINT]
2026-09-13T12:39:41: PM2 log: App [alkarrar-app:0] starting in -fork mode-
2026-09-13T12:39:41: PM2 log: App [alkarrar-app:0] online
2026-09-13T12:39:43: PM2 log: App [alkarrar-app:0] exited with code [1] via signal [SIGINT]
2026-09-13T12:39:43: PM2 log: App [alkarrar-app:0] starting in -fork mode-
2026-09-13T12:39:43: PM2 log: App [alkarrar-app:0] online
2026-09-13T12:39:45: PM2 log: App [alkarrar-app:0] exited with code [1] via signal [SIGINT]
2026-09-13T12:39:45: PM2 log: App [alkarrar-app:0] starting in -fork mode-
2026-09-13T12:39:45: PM2 log: App [alkarrar-app:0] online
2026-09-13T12:39:46: PM2 log: App [alkarrar-app:0] exited with code [1] via signal [SIGINT]
2026-09-13T12:39:46: PM2 log: App [alkarrar-app:0] starting in -fork mode-
2026-09-13T12:39:46: PM2 log: App [alkarrar-app:0] online
2026-09-13T12:39:48: PM2 log: App [alkarrar-app:0] exited with code [1] via signal [SIGINT]
2026-09-13T12:39:48: PM2 log: App [alkarrar-app:0] starting in -fork mode-
2026-09-13T12:39:48: PM2 log: App [alkarrar-app:0] online
2026-09-13T12:39:50: PM2 log: App [alkarrar-app:0] exited with code [1] via signal [SIGINT]
2026-09-13T12:39:50: PM2 log: App [alkarrar-app:0] starting in -fork mode-
2026-09-13T12:39:50: PM2 log: App [alkarrar-app:0] online
2026-09-13T12:39:52: PM2 log: App [alkarrar-app:0] exited with code [1] via signal [SIGINT]
2026-09-13T12:39:52: PM2 log: App [alkarrar-app:0] starting in -fork mode-
2026-09-13T12:39:52: PM2 log: App [alkarrar-app:0] online
2026-09-13T12:39:54: PM2 log: App [alkarrar-app:0] exited with code [1] via signal [SIGINT]
2026-09-13T12:39:54: PM2 log: App [alkarrar-app:0] starting in -fork mode-
2026-09-13T12:39:54: PM2 log: App [alkarrar-app:0] online
2026-09-13T12:39:56: PM2 log: App [alkarrar-app:0] exited with code [1] via signal [SIGINT]
2026-09-13T12:39:56: PM2 log: App [alkarrar-app:0] starting in -fork mode-
2026-09-13T12:39:56: PM2 log: App [alkarrar-app:0] online
2026-09-13T12:39:58: PM2 log: App [alkarrar-app:0] exited with code [1] via signal [SIGINT]
2026-09-13T12:39:58: PM2 log: App [alkarrar-app:0] starting in -fork mode-
2026-09-13T12:39:58: PM2 log: App [alkarrar-app:0] online
2026-09-13T12:40:00: PM2 log: App [alkarrar-app:0] exited with code [1] via signal [SIGINT]
2026-09-13T12:40:00: PM2 log: App [alkarrar-app:0] starting in -fork mode-
2026-09-13T12:40:00: PM2 log: App [alkarrar-app:0] online
2026-09-13T12:40:03: PM2 log: App [alkarrar-app:0] exited with code [1] via signal [SIGINT]
2026-09-13T12:40:03: PM2 log: App [alkarrar-app:0] starting in -fork mode-
2026-09-13T12:40:03: PM2 log: App [alkarrar-app:0] online
2026-09-13T12:40:05: PM2 log: App [alkarrar-app:0] exited with code [1] via signal [SIGINT]
2026-09-13T12:40:05: PM2 log: App [alkarrar-app:0] starting in -fork mode-
2026-09-13T12:40:05: PM2 log: App [alkarrar-app:0] online
2026-09-13T12:40:07: PM2 log: App [alkarrar-app:0] exited with code [1] via signal [SIGINT]
2026-09-13T12:40:07: PM2 log: App [alkarrar-app:0] starting in -fork mode-
2026-09-13T12:40:07: PM2 log: App [alkarrar-app:0] online
2026-09-13T12:40:10: PM2 log: App [alkarrar-app:0] exited with code [1] via signal [SIGINT]
2026-09-13T12:40:10: PM2 log: App [alkarrar-app:0] starting in -fork mode-
2026-09-13T12:40:10: PM2 log: App [alkarrar-app:0] online
2026-09-13T12:40:12: PM2 log: App [alkarrar-app:0] exited with code [1] via signal [SIGINT]
2026-09-13T12:40:12: PM2 log: App [alkarrar-app:0] starting in -fork mode-
2026-09-13T12:40:12: PM2 log: App [alkarrar-app:0] online
2026-09-13T12:40:14: PM2 log: App [alkarrar-app:0] exited with code [1] via signal [SIGINT]
2026-09-13T12:40:14: PM2 log: App [alkarrar-app:0] starting in -fork mode-
2026-09-13T12:40:14: PM2 log: App [alkarrar-app:0] online
2026-09-13T12:40:16: PM2 log: App [alkarrar-app:0] exited with code [1] via signal [SIGINT]
2026-09-13T12:40:16: PM2 log: App [alkarrar-app:0] starting in -fork mode-
2026-09-13T12:40:16: PM2 log: App [alkarrar-app:0] online
2026-09-13T12:40:18: PM2 log: App [alkarrar-app:0] exited with code [1] via signal [SIGINT]
2026-09-13T12:40:18: PM2 log: App [alkarrar-app:0] starting in -fork mode-
2026-09-13T12:40:18: PM2 log: App [alkarrar-app:0] online
2026-09-13T12:40:20: PM2 log: App [alkarrar-app:0] exited with code [1] via signal [SIGINT]
2026-09-13T12:40:20: PM2 log: App [alkarrar-app:0] starting in -fork mode-
2026-09-13T12:40:20: PM2 log: App [alkarrar-app:0] online
2026-09-13T12:40:22: PM2 log: App [alkarrar-app:0] exited with code [1] via signal [SIGINT]
2026-09-13T12:40:22: PM2 log: App [alkarrar-app:0] starting in -fork mode-
2026-09-13T12:40:22: PM2 log: App [alkarrar-app:0] online
2026-09-13T12:40:23: PM2 log: App [alkarrar-app:0] exited with code [1] via signal [SIGINT]
2026-09-13T12:40:23: PM2 log: App [alkarrar-app:0] starting in -fork mode-
2026-09-13T12:40:23: PM2 log: App [alkarrar-app:0] online
2026-09-13T12:40:25: PM2 log: App [alkarrar-app:0] exited with code [1] via signal [SIGINT]
2026-09-13T12:40:25: PM2 log: App [alkarrar-app:0] starting in -fork mode-
2026-09-13T12:40:25: PM2 log: App [alkarrar-app:0] online
2026-09-13T12:40:27: PM2 log: App [alkarrar-app:0] exited with code [1] via signal [SIGINT]
2026-09-13T12:40:27: PM2 log: App [alkarrar-app:0] starting in -fork mode-
2026-09-13T12:40:27: PM2 log: App [alkarrar-app:0] online
2026-09-13T12:40:29: PM2 log: App [alkarrar-app:0] exited with code [1] via signal [SIGINT]
2026-09-13T12:40:29: PM2 log: App [alkarrar-app:0] starting in -fork mode-
2026-09-13T12:40:29: PM2 log: App [alkarrar-app:0] online
2026-09-13T12:40:31: PM2 log: App [alkarrar-app:0] exited with code [1] via signal [SIGINT]
2026-09-13T12:40:31: PM2 log: App [alkarrar-app:0] starting in -fork mode-
2026-09-13T12:40:31: PM2 log: App [alkarrar-app:0] online
2026-09-13T12:40:33: PM2 log: App [alkarrar-app:0] exited with code [1] via signal [SIGINT]
2026-09-13T12:40:33: PM2 log: App [alkarrar-app:0] starting in -fork mode-
2026-09-13T12:40:33: PM2 log: App [alkarrar-app:0] online
2026-09-13T12:40:35: PM2 log: App [alkarrar-app:0] exited with code [1] via signal [SIGINT]
2026-09-13T12:40:35: PM2 log: App [alkarrar-app:0] starting in -fork mode-
2026-09-13T12:40:35: PM2 log: App [alkarrar-app:0] online
2026-09-13T12:40:38: PM2 log: App [alkarrar-app:0] exited with code [1] via signal [SIGINT]
2026-09-13T12:40:38: PM2 log: App [alkarrar-app:0] starting in -fork mode-
2026-09-13T12:40:38: PM2 log: App [alkarrar-app:0] online
2026-09-13T12:40:40: PM2 log: App [alkarrar-app:0] exited with code [1] via signal [SIGINT]
2026-09-13T12:40:40: PM2 log: App [alkarrar-app:0] starting in -fork mode-
2026-09-13T12:40:40: PM2 log: App [alkarrar-app:0] online
2026-09-13T12:40:42: PM2 log: App [alkarrar-app:0] exited with code [1] via signal [SIGINT]
2026-09-13T12:40:42: PM2 log: App [alkarrar-app:0] starting in -fork mode-
2026-09-13T12:40:42: PM2 log: App [alkarrar-app:0] online
2026-09-13T12:40:44: PM2 log: App [alkarrar-app:0] exited with code [1] via signal [SIGINT]
2026-09-13T12:40:44: PM2 log: App [alkarrar-app:0] starting in -fork mode-
2026-09-13T12:40:44: PM2 log: App [alkarrar-app:0] online
2026-09-13T12:40:46: PM2 log: App [alkarrar-app:0] exited with code [1] via signal [SIGINT]
2026-09-13T12:40:46: PM2 log: App [alkarrar-app:0] starting in -fork mode-
2026-09-13T12:40:46: PM2 log: App [alkarrar-app:0] online
2026-09-13T12:40:48: PM2 log: App [alkarrar-app:0] exited with code [1] via signal [SIGINT]
2026-09-13T12:40:48: PM2 log: App [alkarrar-app:0] starting in -fork mode-
2026-09-13T12:40:48: PM2 log: App [alkarrar-app:0] online
2026-09-13T12:40:50: PM2 log: App [alkarrar-app:0] exited with code [1] via signal [SIGINT]
2026-09-13T12:40:50: PM2 log: App [alkarrar-app:0] starting in -fork mode-
2026-09-13T12:40:50: PM2 log: App [alkarrar-app:0] online
2026-09-13T12:40:52: PM2 log: App [alkarrar-app:0] exited with code [1] via signal [SIGINT]
2026-09-13T12:40:52: PM2 log: App [alkarrar-app:0] starting in -fork mode-
2026-09-13T12:40:52: PM2 log: App [alkarrar-app:0] online
2026-09-13T12:40:54: PM2 log: App [alkarrar-app:0] exited with code [1] via signal [SIGINT]
2026-09-13T12:40:54: PM2 log: App [alkarrar-app:0] starting in -fork mode-
2026-09-13T12:40:54: PM2 log: App [alkarrar-app:0] online
2026-09-13T12:40:56: PM2 log: App [alkarrar-app:0] exited with code [1] via signal [SIGINT]
2026-09-13T12:40:56: PM2 log: App [alkarrar-app:0] starting in -fork mode-
2026-09-13T12:40:56: PM2 log: App [alkarrar-app:0] online
2026-09-13T12:40:58: PM2 log: App [alkarrar-app:0] exited with code [1] via signal [SIGINT]
2026-09-13T12:40:58: PM2 log: App [alkarrar-app:0] starting in -fork mode-
2026-09-13T12:40:58: PM2 log: App [alkarrar-app:0] online
2026-09-13T12:41:00: PM2 log: App [alkarrar-app:0] exited with code [1] via signal [SIGINT]
2026-09-13T12:41:00: PM2 log: App [alkarrar-app:0] starting in -fork mode-
2026-09-13T12:41:00: PM2 log: App [alkarrar-app:0] online
2026-09-13T12:41:02: PM2 log: App [alkarrar-app:0] exited with code [1] via signal [SIGINT]
2026-09-13T12:41:02: PM2 log: App [alkarrar-app:0] starting in -fork mode-
2026-09-13T12:41:02: PM2 log: App [alkarrar-app:0] online
2026-09-13T12:41:04: PM2 log: App [alkarrar-app:0] exited with code [1] via signal [SIGINT]
2026-09-13T12:41:04: PM2 log: App [alkarrar-app:0] starting in -fork mode-
2026-09-13T12:41:04: PM2 log: App [alkarrar-app:0] online
2026-09-13T12:41:06: PM2 log: App [alkarrar-app:0] exited with code [1] via signal [SIGINT]
2026-09-13T12:41:06: PM2 log: App [alkarrar-app:0] starting in -fork mode-
2026-09-13T12:41:06: PM2 log: App [alkarrar-app:0] online
2026-09-13T12:41:08: PM2 log: App [alkarrar-app:0] exited with code [1] via signal [SIGINT]
2026-09-13T12:41:08: PM2 log: App [alkarrar-app:0] starting in -fork mode-
2026-09-13T12:41:08: PM2 log: App [alkarrar-app:0] online
2026-09-13T12:41:10: PM2 log: App [alkarrar-app:0] exited with code [1] via signal [SIGINT]
2026-09-13T12:41:10: PM2 log: App [alkarrar-app:0] starting in -fork mode-
2026-09-13T12:41:10: PM2 log: App [alkarrar-app:0] online
2026-09-13T12:41:12: PM2 log: App [alkarrar-app:0] exited with code [1] via signal [SIGINT]
2026-09-13T12:41:12: PM2 log: App [alkarrar-app:0] starting in -fork mode-
2026-09-13T12:41:12: PM2 log: App [alkarrar-app:0] online
2026-09-13T12:41:13: PM2 log: App [alkarrar-app:0] exited with code [1] via signal [SIGINT]
2026-09-13T12:41:13: PM2 log: App [alkarrar-app:0] starting in -fork mode-
2026-09-13T12:41:13: PM2 log: App [alkarrar-app:0] online
2026-09-13T12:41:15: PM2 log: App [alkarrar-app:0] exited with code [1] via signal [SIGINT]
2026-09-13T12:41:15: PM2 log: App [alkarrar-app:0] starting in -fork mode-
2026-09-13T12:41:15: PM2 log: App [alkarrar-app:0] online
2026-09-13T12:41:17: PM2 log: App [alkarrar-app:0] exited with code [1] via signal [SIGINT]
2026-09-13T12:41:17: PM2 log: App [alkarrar-app:0] starting in -fork mode-
2026-09-13T12:41:17: PM2 log: App [alkarrar-app:0] online
2026-09-13T12:41:18: PM2 log: App [alkarrar-app:0] exited with code [1] via signal [SIGINT]
2026-09-13T12:41:18: PM2 log: App [alkarrar-app:0] starting in -fork mode-
2026-09-13T12:41:18: PM2 log: App [alkarrar-app:0] online
2026-09-13T12:41:20: PM2 log: App [alkarrar-app:0] exited with code [1] via signal [SIGINT]
2026-09-13T12:41:20: PM2 log: App [alkarrar-app:0] starting in -fork mode-
2026-09-13T12:41:20: PM2 log: App [alkarrar-app:0] online
2026-09-13T12:41:22: PM2 log: App [alkarrar-app:0] exited with code [1] via signal [SIGINT]
2026-09-13T12:41:22: PM2 log: App [alkarrar-app:0] starting in -fork mode-
2026-09-13T12:41:22: PM2 log: App [alkarrar-app:0] online
2026-09-13T12:41:24: PM2 log: App [alkarrar-app:0] exited with code [1] via signal [SIGINT]
2026-09-13T12:41:24: PM2 log: App [alkarrar-app:0] starting in -fork mode-
2026-09-13T12:41:24: PM2 log: App [alkarrar-app:0] online
2026-09-13T12:41:26: PM2 log: App [alkarrar-app:0] exited with code [1] via signal [SIGINT]
2026-09-13T12:41:26: PM2 log: App [alkarrar-app:0] starting in -fork mode-
2026-09-13T12:41:26: PM2 log: App [alkarrar-app:0] online
2026-09-13T12:41:28: PM2 log: App [alkarrar-app:0] exited with code [1] via signal [SIGINT]
2026-09-13T12:41:28: PM2 log: App [alkarrar-app:0] starting in -fork mode-
2026-09-13T12:41:28: PM2 log: App [alkarrar-app:0] online
2026-09-13T12:41:30: PM2 log: App [alkarrar-app:0] exited with code [1] via signal [SIGINT]
2026-09-13T12:41:30: PM2 log: App [alkarrar-app:0] starting in -fork mode-
2026-09-13T12:41:30: PM2 log: App [alkarrar-app:0] online
2026-09-13T12:41:32: PM2 log: App [alkarrar-app:0] exited with code [1] via signal [SIGINT]
2026-09-13T12:41:32: PM2 log: App [alkarrar-app:0] starting in -fork mode-
2026-09-13T12:41:32: PM2 log: App [alkarrar-app:0] online
2026-09-13T12:41:33: PM2 log: App [alkarrar-app:0] exited with code [1] via signal [SIGINT]
2026-09-13T12:41:33: PM2 log: App [alkarrar-app:0] starting in -fork mode-
2026-09-13T12:41:33: PM2 log: App [alkarrar-app:0] online
2026-09-13T12:41:35: PM2 log: App [alkarrar-app:0] exited with code [1] via signal [SIGINT]
2026-09-13T12:41:35: PM2 log: App [alkarrar-app:0] starting in -fork mode-
2026-09-13T12:41:35: PM2 log: App [alkarrar-app:0] online
2026-09-13T12:41:37: PM2 log: App [alkarrar-app:0] exited with code [1] via signal [SIGINT]
2026-09-13T12:41:37: PM2 log: App [alkarrar-app:0] starting in -fork mode-
2026-09-13T12:41:37: PM2 log: App [alkarrar-app:0] online
2026-09-13T12:41:39: PM2 log: App [alkarrar-app:0] exited with code [1] via signal [SIGINT]
2026-09-13T12:41:39: PM2 log: App [alkarrar-app:0] starting in -fork mode-
2026-09-13T12:41:39: PM2 log: App [alkarrar-app:0] online
2026-09-13T12:41:40: PM2 log: App [alkarrar-app:0] exited with code [1] via signal [SIGINT]
2026-09-13T12:41:40: PM2 log: App [alkarrar-app:0] starting in -fork mode-
2026-09-13T12:41:40: PM2 log: App [alkarrar-app:0] online
2026-09-13T12:41:42: PM2 log: App [alkarrar-app:0] exited with code [1] via signal [SIGINT]
2026-09-13T12:41:42: PM2 log: App [alkarrar-app:0] starting in -fork mode-
2026-09-13T12:41:42: PM2 log: App [alkarrar-app:0] online
2026-09-13T12:41:44: PM2 log: App [alkarrar-app:0] exited with code [1] via signal [SIGINT]
2026-09-13T12:41:44: PM2 log: App [alkarrar-app:0] starting in -fork mode-
2026-09-13T12:41:44: PM2 log: App [alkarrar-app:0] online
2026-09-13T12:41:46: PM2 log: App [alkarrar-app:0] exited with code [1] via signal [SIGINT]
2026-09-13T12:41:46: PM2 log: App [alkarrar-app:0] starting in -fork mode-
2026-09-13T12:41:46: PM2 log: App [alkarrar-app:0] online
2026-09-13T12:41:48: PM2 log: App [alkarrar-app:0] exited with code [1] via signal [SIGINT]
2026-09-13T12:41:48: PM2 log: App [alkarrar-app:0] starting in -fork mode-
2026-09-13T12:41:48: PM2 log: App [alkarrar-app:0] online
2026-09-13T12:41:49: PM2 log: App [alkarrar-app:0] exited with code [1] via signal [SIGINT]
2026-09-13T12:41:49: PM2 log: App [alkarrar-app:0] starting in -fork mode-
2026-09-13T12:41:49: PM2 log: App [alkarrar-app:0] online
2026-09-13T12:41:51: PM2 log: App [alkarrar-app:0] exited with code [1] via signal [SIGINT]
2026-09-13T12:41:51: PM2 log: App [alkarrar-app:0] starting in -fork mode-
2026-09-13T12:41:51: PM2 log: App [alkarrar-app:0] online
2026-09-13T12:41:53: PM2 log: App [alkarrar-app:0] exited with code [1] via signal [SIGINT]
2026-09-13T12:41:53: PM2 log: App [alkarrar-app:0] starting in -fork mode-
2026-09-13T12:41:53: PM2 log: App [alkarrar-app:0] online
2026-09-13T12:41:55: PM2 log: App [alkarrar-app:0] exited with code [1] via signal [SIGINT]
2026-09-13T12:41:55: PM2 log: App [alkarrar-app:0] starting in -fork mode-
2026-09-13T12:41:55: PM2 log: App [alkarrar-app:0] online
2026-09-13T12:41:57: PM2 log: App [alkarrar-app:0] exited with code [1] via signal [SIGINT]
2026-09-13T12:41:57: PM2 log: App [alkarrar-app:0] starting in -fork mode-
2026-09-13T12:41:57: PM2 log: App [alkarrar-app:0] online
2026-09-13T12:41:59: PM2 log: App [alkarrar-app:0] exited with code [1] via signal [SIGINT]
2026-09-13T12:41:59: PM2 log: App [alkarrar-app:0] starting in -fork mode-
2026-09-13T12:41:59: PM2 log: App [alkarrar-app:0] online
2026-09-13T12:42:00: PM2 log: App [alkarrar-app:0] exited with code [1] via signal [SIGINT]
2026-09-13T12:42:00: PM2 log: App [alkarrar-app:0] starting in -fork mode-
2026-09-13T12:42:01: PM2 log: App [alkarrar-app:0] online
2026-09-13T12:42:03: PM2 log: App [alkarrar-app:0] exited with code [1] via signal [SIGINT]
2026-09-13T12:42:03: PM2 log: App [alkarrar-app:0] starting in -fork mode-
2026-09-13T12:42:03: PM2 log: App [alkarrar-app:0] online
2026-09-13T12:42:05: PM2 log: App [alkarrar-app:0] exited with code [1] via signal [SIGINT]
2026-09-13T12:42:05: PM2 log: App [alkarrar-app:0] starting in -fork mode-
2026-09-13T12:42:05: PM2 log: App [alkarrar-app:0] online
2026-09-13T12:42:06: PM2 log: App [alkarrar-app:0] exited with code [1] via signal [SIGINT]
2026-09-13T12:42:06: PM2 log: App [alkarrar-app:0] starting in -fork mode-
2026-09-13T12:42:06: PM2 log: App [alkarrar-app:0] online
2026-09-13T12:42:08: PM2 log: App [alkarrar-app:0] exited with code [1] via signal [SIGINT]
2026-09-13T12:42:08: PM2 log: App [alkarrar-app:0] starting in -fork mode-
2026-09-13T12:42:08: PM2 log: App [alkarrar-app:0] online
2026-09-13T12:42:11: PM2 log: App [alkarrar-app:0] exited with code [1] via signal [SIGINT]
2026-09-13T12:42:11: PM2 log: App [alkarrar-app:0] starting in -fork mode-
2026-09-13T12:42:11: PM2 log: App [alkarrar-app:0] online
2026-09-13T12:42:12: PM2 log: App [alkarrar-app:0] exited with code [1] via signal [SIGINT]
2026-09-13T12:42:12: PM2 log: App [alkarrar-app:0] starting in -fork mode-
2026-09-13T12:42:12: PM2 log: App [alkarrar-app:0] online
2026-09-13T12:42:14: PM2 log: App [alkarrar-app:0] exited with code [1] via signal [SIGINT]
2026-09-13T12:42:14: PM2 log: App [alkarrar-app:0] starting in -fork mode-
2026-09-13T12:42:15: PM2 log: App [alkarrar-app:0] online
2026-09-13T12:42:17: PM2 log: App [alkarrar-app:0] exited with code [1] via signal [SIGINT]
2026-09-13T12:42:17: PM2 log: App [alkarrar-app:0] starting in -fork mode-
2026-09-13T12:42:17: PM2 log: App [alkarrar-app:0] online
2026-09-13T12:42:19: PM2 log: App [alkarrar-app:0] exited with code [1] via signal [SIGINT]
2026-09-13T12:42:19: PM2 log: App [alkarrar-app:0] starting in -fork mode-
2026-09-13T12:42:19: PM2 log: App [alkarrar-app:0] online
2026-09-13T12:42:21: PM2 log: App [alkarrar-app:0] exited with code [1] via signal [SIGINT]
2026-09-13T12:42:21: PM2 log: App [alkarrar-app:0] starting in -fork mode-
2026-09-13T12:42:21: PM2 log: App [alkarrar-app:0] online
2026-09-13T12:42:22: PM2 log: App [alkarrar-app:0] exited with code [1] via signal [SIGINT]
2026-09-13T12:42:22: PM2 log: App [alkarrar-app:0] starting in -fork mode-
2026-09-13T12:42:22: PM2 log: App [alkarrar-app:0] online
2026-09-13T12:42:24: PM2 log: App [alkarrar-app:0] exited with code [1] via signal [SIGINT]
2026-09-13T12:42:24: PM2 log: App [alkarrar-app:0] starting in -fork mode-
2026-09-13T12:42:24: PM2 log: App [alkarrar-app:0] online
2026-09-13T12:42:26: PM2 log: App [alkarrar-app:0] exited with code [1] via signal [SIGINT]
2026-09-13T12:42:26: PM2 log: App [alkarrar-app:0] starting in -fork mode-
2026-09-13T12:42:26: PM2 log: App [alkarrar-app:0] online
2026-09-13T12:42:28: PM2 log: App [alkarrar-app:0] exited with code [1] via signal [SIGINT]
2026-09-13T12:42:28: PM2 log: App [alkarrar-app:0] starting in -fork mode-
2026-09-13T12:42:28: PM2 log: App [alkarrar-app:0] online
2026-09-13T12:42:30: PM2 log: App [alkarrar-app:0] exited with code [1] via signal [SIGINT]
2026-09-13T12:42:30: PM2 log: App [alkarrar-app:0] starting in -fork mode-
2026-09-13T12:42:30: PM2 log: App [alkarrar-app:0] online
2026-09-13T12:42:32: PM2 log: App [alkarrar-app:0] exited with code [1] via signal [SIGINT]
2026-09-13T12:42:32: PM2 log: App [alkarrar-app:0] starting in -fork mode-
2026-09-13T12:42:32: PM2 log: App [alkarrar-app:0] online
2026-09-13T12:42:34: PM2 log: App [alkarrar-app:0] exited with code [1] via signal [SIGINT]
2026-09-13T12:42:34: PM2 log: App [alkarrar-app:0] starting in -fork mode-
2026-09-13T12:42:34: PM2 log: App [alkarrar-app:0] online
2026-09-13T12:42:36: PM2 log: App [alkarrar-app:0] exited with code [1] via signal [SIGINT]
2026-09-13T12:42:36: PM2 log: App [alkarrar-app:0] starting in -fork mode-
2026-09-13T12:42:36: PM2 log: App [alkarrar-app:0] online
2026-09-13T12:42:38: PM2 log: App [alkarrar-app:0] exited with code [1] via signal [SIGINT]
2026-09-13T12:42:38: PM2 log: App [alkarrar-app:0] starting in -fork mode-
2026-09-13T12:42:38: PM2 log: App [alkarrar-app:0] online
2026-09-13T12:42:39: PM2 log: App [alkarrar-app:0] exited with code [1] via signal [SIGINT]
2026-09-13T12:42:39: PM2 log: App [alkarrar-app:0] starting in -fork mode-
2026-09-13T12:42:39: PM2 log: App [alkarrar-app:0] online
2026-09-13T12:42:41: PM2 log: App [alkarrar-app:0] exited with code [1] via signal [SIGINT]
2026-09-13T12:42:41: PM2 log: App [alkarrar-app:0] starting in -fork mode-
2026-09-13T12:42:41: PM2 log: App [alkarrar-app:0] online
2026-09-13T12:42:43: PM2 log: App [alkarrar-app:0] exited with code [1] via signal [SIGINT]
2026-09-13T12:42:43: PM2 log: App [alkarrar-app:0] starting in -fork mode-
2026-09-13T12:42:43: PM2 log: App [alkarrar-app:0] online
2026-09-13T12:42:45: PM2 log: App [alkarrar-app:0] exited with code [1] via signal [SIGINT]
2026-09-13T12:42:45: PM2 log: App [alkarrar-app:0] starting in -fork mode-
2026-09-13T12:42:45: PM2 log: App [alkarrar-app:0] online
2026-09-13T12:42:47: PM2 log: App [alkarrar-app:0] exited with code [1] via signal [SIGINT]
2026-09-13T12:42:47: PM2 log: App [alkarrar-app:0] starting in -fork mode-
2026-09-13T12:42:47: PM2 log: App [alkarrar-app:0] online
2026-09-13T12:42:48: PM2 log: App [alkarrar-app:0] exited with code [1] via signal [SIGINT]
2026-09-13T12:42:48: PM2 log: App [alkarrar-app:0] starting in -fork mode-
2026-09-13T12:42:48: PM2 log: App [alkarrar-app:0] online
2026-09-13T12:42:50: PM2 log: App [alkarrar-app:0] exited with code [1] via signal [SIGINT]
2026-09-13T12:42:50: PM2 log: App [alkarrar-app:0] starting in -fork mode-
2026-09-13T12:42:50: PM2 log: App [alkarrar-app:0] online
2026-09-13T12:42:52: PM2 log: App [alkarrar-app:0] exited with code [1] via signal [SIGINT]
2026-09-13T12:42:52: PM2 log: App [alkarrar-app:0] starting in -fork mode-
2026-09-13T12:42:52: PM2 log: App [alkarrar-app:0] online
2026-09-13T12:42:54: PM2 log: App [alkarrar-app:0] exited with code [1] via signal [SIGINT]
2026-09-13T12:42:54: PM2 log: App [alkarrar-app:0] starting in -fork mode-
2026-09-13T12:42:54: PM2 log: App [alkarrar-app:0] online
2026-09-13T12:42:55: PM2 log: App [alkarrar-app:0] exited with code [1] via signal [SIGINT]
2026-09-13T12:42:55: PM2 log: App [alkarrar-app:0] starting in -fork mode-
2026-09-13T12:42:55: PM2 log: App [alkarrar-app:0] online
2026-09-13T12:42:57: PM2 log: App [alkarrar-app:0] exited with code [1] via signal [SIGINT]
2026-09-13T12:42:57: PM2 log: App [alkarrar-app:0] starting in -fork mode-
2026-09-13T12:42:57: PM2 log: App [alkarrar-app:0] online
2026-09-13T12:42:59: PM2 log: App [alkarrar-app:0] exited with code [1] via signal [SIGINT]
2026-09-13T12:42:59: PM2 log: App [alkarrar-app:0] starting in -fork mode-
2026-09-13T12:42:59: PM2 log: App [alkarrar-app:0] online
2026-09-13T12:43:01: PM2 log: App [alkarrar-app:0] exited with code [1] via signal [SIGINT]
2026-09-13T12:43:01: PM2 log: App [alkarrar-app:0] starting in -fork mode-
2026-09-13T12:43:01: PM2 log: App [alkarrar-app:0] online
2026-09-13T12:43:03: PM2 log: App [alkarrar-app:0] exited with code [1] via signal [SIGINT]
2026-09-13T12:43:03: PM2 log: App [alkarrar-app:0] starting in -fork mode-
2026-09-13T12:43:03: PM2 log: App [alkarrar-app:0] online
2026-09-13T12:43:05: PM2 log: App [alkarrar-app:0] exited with code [1] via signal [SIGINT]
2026-09-13T12:43:05: PM2 log: App [alkarrar-app:0] starting in -fork mode-
2026-09-13T12:43:05: PM2 log: App [alkarrar-app:0] online
2026-09-13T12:43:07: PM2 log: App [alkarrar-app:0] exited with code [1] via signal [SIGINT]
2026-09-13T12:43:07: PM2 log: App [alkarrar-app:0] starting in -fork mode-
2026-09-13T12:43:07: PM2 log: App [alkarrar-app:0] online
2026-09-13T12:43:08: PM2 log: App [alkarrar-app:0] exited with code [1] via signal [SIGINT]
2026-09-13T12:43:08: PM2 log: App [alkarrar-app:0] starting in -fork mode-
2026-09-13T12:43:08: PM2 log: App [alkarrar-app:0] online
2026-09-13T12:43:10: PM2 log: App [alkarrar-app:0] exited with code [1] via signal [SIGINT]
2026-09-13T12:43:10: PM2 log: App [alkarrar-app:0] starting in -fork mode-
2026-09-13T12:43:10: PM2 log: App [alkarrar-app:0] online
2026-09-13T12:43:12: PM2 log: App [alkarrar-app:0] exited with code [1] via signal [SIGINT]
2026-09-13T12:43:12: PM2 log: App [alkarrar-app:0] starting in -fork mode-
2026-09-13T12:43:12: PM2 log: App [alkarrar-app:0] online
2026-09-13T12:43:14: PM2 log: App [alkarrar-app:0] exited with code [1] via signal [SIGINT]
2026-09-13T12:43:14: PM2 log: App [alkarrar-app:0] starting in -fork mode-
2026-09-13T12:43:14: PM2 log: App [alkarrar-app:0] online
2026-09-13T12:43:16: PM2 log: App [alkarrar-app:0] exited with code [1] via signal [SIGINT]
2026-09-13T12:43:16: PM2 log: App [alkarrar-app:0] starting in -fork mode-
2026-09-13T12:43:16: PM2 log: App [alkarrar-app:0] online
2026-09-13T12:43:18: PM2 log: App [alkarrar-app:0] exited with code [1] via signal [SIGINT]
2026-09-13T12:43:18: PM2 log: App [alkarrar-app:0] starting in -fork mode-
2026-09-13T12:43:18: PM2 log: App [alkarrar-app:0] online
2026-09-13T12:43:19: PM2 log: App [alkarrar-app:0] exited with code [1] via signal [SIGINT]
2026-09-13T12:43:19: PM2 log: App [alkarrar-app:0] starting in -fork mode-
2026-09-13T12:43:19: PM2 log: App [alkarrar-app:0] online
2026-09-13T12:43:21: PM2 log: App [alkarrar-app:0] exited with code [1] via signal [SIGINT]
2026-09-13T12:43:21: PM2 log: App [alkarrar-app:0] starting in -fork mode-
2026-09-13T12:43:21: PM2 log: App [alkarrar-app:0] online
2026-09-13T12:43:23: PM2 log: App [alkarrar-app:0] exited with code [1] via signal [SIGINT]
2026-09-13T12:43:23: PM2 log: App [alkarrar-app:0] starting in -fork mode-
2026-09-13T12:43:23: PM2 log: App [alkarrar-app:0] online
2026-09-13T12:43:25: PM2 log: App [alkarrar-app:0] exited with code [1] via signal [SIGINT]
2026-09-13T12:43:25: PM2 log: App [alkarrar-app:0] starting in -fork mode-
2026-09-13T12:43:25: PM2 log: App [alkarrar-app:0] online
2026-09-13T12:43:27: PM2 log: App [alkarrar-app:0] exited with code [1] via signal [SIGINT]
2026-09-13T12:43:27: PM2 log: App [alkarrar-app:0] starting in -fork mode-
2026-09-13T12:43:27: PM2 log: App [alkarrar-app:0] online
2026-09-13T12:43:28: PM2 log: App [alkarrar-app:0] exited with code [1] via signal [SIGINT]
2026-09-13T12:43:28: PM2 log: App [alkarrar-app:0] starting in -fork mode-
2026-09-13T12:43:28: PM2 log: App [alkarrar-app:0] online
2026-09-13T12:43:30: PM2 log: App [alkarrar-app:0] exited with code [1] via signal [SIGINT]
2026-09-13T12:43:30: PM2 log: App [alkarrar-app:0] starting in -fork mode-
2026-09-13T12:43:30: PM2 log: App [alkarrar-app:0] online
2026-09-13T12:43:32: PM2 log: App [alkarrar-app:0] exited with code [1] via signal [SIGINT]
2026-09-13T12:43:32: PM2 log: App [alkarrar-app:0] starting in -fork mode-
2026-09-13T12:43:32: PM2 log: App [alkarrar-app:0] online
2026-09-13T12:43:34: PM2 log: App [alkarrar-app:0] exited with code [1] via signal [SIGINT]
2026-09-13T12:43:34: PM2 log: App [alkarrar-app:0] starting in -fork mode-
2026-09-13T12:43:34: PM2 log: App [alkarrar-app:0] online
2026-09-13T12:43:35: PM2 log: App [alkarrar-app:0] exited with code [1] via signal [SIGINT]
2026-09-13T12:43:35: PM2 log: App [alkarrar-app:0] starting in -fork mode-
2026-09-13T12:43:35: PM2 log: App [alkarrar-app:0] online
2026-09-13T12:43:37: PM2 log: App [alkarrar-app:0] exited with code [1] via signal [SIGINT]
2026-09-13T12:43:37: PM2 log: App [alkarrar-app:0] starting in -fork mode-
2026-09-13T12:43:37: PM2 log: App [alkarrar-app:0] online
2026-09-13T12:43:39: PM2 log: App [alkarrar-app:0] exited with code [1] via signal [SIGINT]
2026-09-13T12:43:39: PM2 log: App [alkarrar-app:0] starting in -fork mode-
2026-09-13T12:43:39: PM2 log: App [alkarrar-app:0] online
2026-09-13T12:43:41: PM2 log: App [alkarrar-app:0] exited with code [1] via signal [SIGINT]
2026-09-13T12:43:41: PM2 log: App [alkarrar-app:0] starting in -fork mode-
2026-09-13T12:43:41: PM2 log: App [alkarrar-app:0] online
2026-09-13T12:43:43: PM2 log: App [alkarrar-app:0] exited with code [1] via signal [SIGINT]
2026-09-13T12:43:43: PM2 log: App [alkarrar-app:0] starting in -fork mode-
2026-09-13T12:43:43: PM2 log: App [alkarrar-app:0] online
2026-09-13T12:43:44: PM2 log: App [alkarrar-app:0] exited with code [1] via signal [SIGINT]
2026-09-13T12:43:44: PM2 log: App [alkarrar-app:0] starting in -fork mode-
2026-09-13T12:43:44: PM2 log: App [alkarrar-app:0] online
2026-09-13T12:43:46: PM2 log: App [alkarrar-app:0] exited with code [1] via signal [SIGINT]
2026-09-13T12:43:46: PM2 log: App [alkarrar-app:0] starting in -fork mode-
2026-09-13T12:43:46: PM2 log: App [alkarrar-app:0] online
2026-09-13T12:43:48: PM2 log: App [alkarrar-app:0] exited with code [1] via signal [SIGINT]
2026-09-13T12:43:48: PM2 log: App [alkarrar-app:0] starting in -fork mode-
2026-09-13T12:43:48: PM2 log: App [alkarrar-app:0] online
2026-09-13T12:43:50: PM2 log: App [alkarrar-app:0] exited with code [1] via signal [SIGINT]
2026-09-13T12:43:50: PM2 log: App [alkarrar-app:0] starting in -fork mode-
2026-09-13T12:43:50: PM2 log: App [alkarrar-app:0] online
2026-09-13T12:43:51: PM2 log: App [alkarrar-app:0] exited with code [1] via signal [SIGINT]
2026-09-13T12:43:51: PM2 log: App [alkarrar-app:0] starting in -fork mode-
2026-09-13T12:43:51: PM2 log: App [alkarrar-app:0] online
2026-09-13T12:43:53: PM2 log: App [alkarrar-app:0] exited with code [1] via signal [SIGINT]
2026-09-13T12:43:53: PM2 log: App [alkarrar-app:0] starting in -fork mode-
2026-09-13T12:43:53: PM2 log: App [alkarrar-app:0] online
2026-09-13T12:43:55: PM2 log: App [alkarrar-app:0] exited with code [1] via signal [SIGINT]
2026-09-13T12:43:55: PM2 log: App [alkarrar-app:0] starting in -fork mode-
2026-09-13T12:43:55: PM2 log: App [alkarrar-app:0] online
2026-09-13T12:43:57: PM2 log: App [alkarrar-app:0] exited with code [1] via signal [SIGINT]
2026-09-13T12:43:57: PM2 log: App [alkarrar-app:0] starting in -fork mode-
2026-09-13T12:43:57: PM2 log: App [alkarrar-app:0] online
2026-09-13T12:43:59: PM2 log: App [alkarrar-app:0] exited with code [1] via signal [SIGINT]
2026-09-13T12:43:59: PM2 log: App [alkarrar-app:0] starting in -fork mode-
2026-09-13T12:43:59: PM2 log: App [alkarrar-app:0] online
2026-09-13T12:44:01: PM2 log: App [alkarrar-app:0] exited with code [1] via signal [SIGINT]
2026-09-13T12:44:01: PM2 log: App [alkarrar-app:0] starting in -fork mode-
2026-09-13T12:44:01: PM2 log: App [alkarrar-app:0] online
2026-09-13T12:44:03: PM2 log: App [alkarrar-app:0] exited with code [1] via signal [SIGINT]
2026-09-13T12:44:03: PM2 log: App [alkarrar-app:0] starting in -fork mode-
2026-09-13T12:44:03: PM2 log: App [alkarrar-app:0] online
2026-09-13T12:44:05: PM2 log: App [alkarrar-app:0] exited with code [1] via signal [SIGINT]
2026-09-13T12:44:05: PM2 log: App [alkarrar-app:0] starting in -fork mode-
2026-09-13T12:44:05: PM2 log: App [alkarrar-app:0] online
2026-09-13T12:44:07: PM2 log: App [alkarrar-app:0] exited with code [1] via signal [SIGINT]
2026-09-13T12:44:07: PM2 log: App [alkarrar-app:0] starting in -fork mode-
2026-09-13T12:44:07: PM2 log: App [alkarrar-app:0] online
2026-09-13T12:44:09: PM2 log: App [alkarrar-app:0] exited with code [1] via signal [SIGINT]
2026-09-13T12:44:09: PM2 log: App [alkarrar-app:0] starting in -fork mode-
2026-09-13T12:44:09: PM2 log: App [alkarrar-app:0] online
2026-09-13T12:44:11: PM2 log: App [alkarrar-app:0] exited with code [1] via signal [SIGINT]
2026-09-13T12:44:11: PM2 log: App [alkarrar-app:0] starting in -fork mode-
2026-09-13T12:44:11: PM2 log: App [alkarrar-app:0] online
2026-09-13T12:44:13: PM2 log: App [alkarrar-app:0] exited with code [1] via signal [SIGINT]
2026-09-13T12:44:13: PM2 log: App [alkarrar-app:0] starting in -fork mode-
2026-09-13T12:44:13: PM2 log: App [alkarrar-app:0] online
2026-09-13T12:44:14: PM2 log: App [alkarrar-app:0] exited with code [1] via signal [SIGINT]
2026-09-13T12:44:14: PM2 log: App [alkarrar-app:0] starting in -fork mode-
2026-09-13T12:44:14: PM2 log: App [alkarrar-app:0] online
2026-09-13T12:44:16: PM2 log: App [alkarrar-app:0] exited with code [1] via signal [SIGINT]
2026-09-13T12:44:16: PM2 log: App [alkarrar-app:0] starting in -fork mode-
2026-09-13T12:44:16: PM2 log: App [alkarrar-app:0] online
2026-09-13T12:44:18: PM2 log: App [alkarrar-app:0] exited with code [1] via signal [SIGINT]
2026-09-13T12:44:18: PM2 log: App [alkarrar-app:0] starting in -fork mode-
2026-09-13T12:44:18: PM2 log: App [alkarrar-app:0] online
2026-09-13T12:44:20: PM2 log: App [alkarrar-app:0] exited with code [1] via signal [SIGINT]
2026-09-13T12:44:20: PM2 log: App [alkarrar-app:0] starting in -fork mode-
2026-09-13T12:44:20: PM2 log: App [alkarrar-app:0] online
2026-09-13T12:44:21: PM2 log: App [alkarrar-app:0] exited with code [1] via signal [SIGINT]
2026-09-13T12:44:21: PM2 log: App [alkarrar-app:0] starting in -fork mode-
2026-09-13T12:44:21: PM2 log: App [alkarrar-app:0] online
2026-09-13T12:44:23: PM2 log: App [alkarrar-app:0] exited with code [1] via signal [SIGINT]
2026-09-13T12:44:23: PM2 log: App [alkarrar-app:0] starting in -fork mode-
2026-09-13T12:44:23: PM2 log: App [alkarrar-app:0] online
2026-09-13T12:44:25: PM2 log: App [alkarrar-app:0] exited with code [1] via signal [SIGINT]
2026-09-13T12:44:25: PM2 log: App [alkarrar-app:0] starting in -fork mode-
2026-09-13T12:44:25: PM2 log: App [alkarrar-app:0] online
2026-09-13T12:44:27: PM2 log: App [alkarrar-app:0] exited with code [1] via signal [SIGINT]
2026-09-13T12:44:27: PM2 log: App [alkarrar-app:0] starting in -fork mode-
2026-09-13T12:44:27: PM2 log: App [alkarrar-app:0] online
2026-09-13T12:44:29: PM2 log: App [alkarrar-app:0] exited with code [1] via signal [SIGINT]
2026-09-13T12:44:29: PM2 log: App [alkarrar-app:0] starting in -fork mode-
2026-09-13T12:44:29: PM2 log: App [alkarrar-app:0] online
2026-09-13T12:44:31: PM2 log: App [alkarrar-app:0] exited with code [1] via signal [SIGINT]
2026-09-13T12:44:31: PM2 log: App [alkarrar-app:0] starting in -fork mode-
2026-09-13T12:44:31: PM2 log: App [alkarrar-app:0] online
2026-09-13T12:44:32: PM2 log: App [alkarrar-app:0] exited with code [1] via signal [SIGINT]
2026-09-13T12:44:32: PM2 log: App [alkarrar-app:0] starting in -fork mode-
2026-09-13T12:44:32: PM2 log: App [alkarrar-app:0] online
2026-09-13T12:44:34: PM2 log: App [alkarrar-app:0] exited with code [1] via signal [SIGINT]
2026-09-13T12:44:34: PM2 log: App [alkarrar-app:0] starting in -fork mode-
2026-09-13T12:44:34: PM2 log: App [alkarrar-app:0] online
2026-09-13T12:44:36: PM2 log: App [alkarrar-app:0] exited with code [1] via signal [SIGINT]
2026-09-13T12:44:36: PM2 log: App [alkarrar-app:0] starting in -fork mode-
2026-09-13T12:44:36: PM2 log: App [alkarrar-app:0] online
2026-09-13T12:44:38: PM2 log: App [alkarrar-app:0] exited with code [1] via signal [SIGINT]
2026-09-13T12:44:38: PM2 log: App [alkarrar-app:0] starting in -fork mode-
2026-09-13T12:44:38: PM2 log: App [alkarrar-app:0] online
2026-09-13T12:44:40: PM2 log: App [alkarrar-app:0] exited with code [1] via signal [SIGINT]
2026-09-13T12:44:40: PM2 log: App [alkarrar-app:0] starting in -fork mode-
2026-09-13T12:44:40: PM2 log: App [alkarrar-app:0] online
2026-09-13T12:44:42: PM2 log: App [alkarrar-app:0] exited with code [1] via signal [SIGINT]
2026-09-13T12:44:42: PM2 log: App [alkarrar-app:0] starting in -fork mode-
2026-09-13T12:44:42: PM2 log: App [alkarrar-app:0] online
2026-09-13T12:44:44: PM2 log: App [alkarrar-app:0] exited with code [1] via signal [SIGINT]
2026-09-13T12:44:44: PM2 log: App [alkarrar-app:0] starting in -fork mode-
2026-09-13T12:44:44: PM2 log: App [alkarrar-app:0] online
2026-09-13T12:44:46: PM2 log: App [alkarrar-app:0] exited with code [1] via signal [SIGINT]
2026-09-13T12:44:46: PM2 log: App [alkarrar-app:0] starting in -fork mode-
2026-09-13T12:44:46: PM2 log: App [alkarrar-app:0] online
2026-09-13T12:44:47: PM2 log: App [alkarrar-app:0] exited with code [1] via signal [SIGINT]
2026-09-13T12:44:47: PM2 log: App [alkarrar-app:0] starting in -fork mode-
2026-09-13T12:44:47: PM2 log: App [alkarrar-app:0] online
2026-09-13T12:44:49: PM2 log: App [alkarrar-app:0] exited with code [1] via signal [SIGINT]
2026-09-13T12:44:49: PM2 log: App [alkarrar-app:0] starting in -fork mode-
2026-09-13T12:44:49: PM2 log: App [alkarrar-app:0] online
2026-09-13T12:44:51: PM2 log: App [alkarrar-app:0] exited with code [1] via signal [SIGINT]
2026-09-13T12:44:51: PM2 log: App [alkarrar-app:0] starting in -fork mode-
2026-09-13T12:44:51: PM2 log: App [alkarrar-app:0] online
2026-09-13T12:44:53: PM2 log: App [alkarrar-app:0] exited with code [1] via signal [SIGINT]
2026-09-13T12:44:53: PM2 log: App [alkarrar-app:0] starting in -fork mode-
2026-09-13T12:44:53: PM2 log: App [alkarrar-app:0] online
2026-09-13T12:44:54: PM2 log: App [alkarrar-app:0] exited with code [1] via signal [SIGINT]
2026-09-13T12:44:54: PM2 log: App [alkarrar-app:0] starting in -fork mode-
2026-09-13T12:44:54: PM2 log: App [alkarrar-app:0] online
2026-09-13T12:44:56: PM2 log: App [alkarrar-app:0] exited with code [1] via signal [SIGINT]
2026-09-13T12:44:56: PM2 log: App [alkarrar-app:0] starting in -fork mode-
2026-09-13T12:44:56: PM2 log: App [alkarrar-app:0] online
2026-09-13T12:44:58: PM2 log: App [alkarrar-app:0] exited with code [1] via signal [SIGINT]
2026-09-13T12:44:58: PM2 log: App [alkarrar-app:0] starting in -fork mode-
2026-09-13T12:44:58: PM2 log: App [alkarrar-app:0] online
2026-09-13T12:45:01: PM2 log: App [alkarrar-app:0] exited with code [1] via signal [SIGINT]
2026-09-13T12:45:01: PM2 log: App [alkarrar-app:0] starting in -fork mode-
2026-09-13T12:45:01: PM2 log: App [alkarrar-app:0] online
2026-09-13T12:45:03: PM2 log: App [alkarrar-app:0] exited with code [1] via signal [SIGINT]
2026-09-13T12:45:03: PM2 log: App [alkarrar-app:0] starting in -fork mode-
2026-09-13T12:45:03: PM2 log: App [alkarrar-app:0] online
2026-09-13T12:45:05: PM2 log: App [alkarrar-app:0] exited with code [1] via signal [SIGINT]
2026-09-13T12:45:05: PM2 log: App [alkarrar-app:0] starting in -fork mode-
2026-09-13T12:45:05: PM2 log: App [alkarrar-app:0] online
2026-09-13T12:45:07: PM2 log: App [alkarrar-app:0] exited with code [1] via signal [SIGINT]
2026-09-13T12:45:07: PM2 log: App [alkarrar-app:0] starting in -fork mode-
2026-09-13T12:45:07: PM2 log: App [alkarrar-app:0] online
2026-09-13T12:45:09: PM2 log: App [alkarrar-app:0] exited with code [1] via signal [SIGINT]
2026-09-13T12:45:09: PM2 log: App [alkarrar-app:0] starting in -fork mode-
2026-09-13T12:45:09: PM2 log: App [alkarrar-app:0] online
2026-09-13T12:45:12: PM2 log: App [alkarrar-app:0] exited with code [1] via signal [SIGINT]
2026-09-13T12:45:12: PM2 log: App [alkarrar-app:0] starting in -fork mode-
2026-09-13T12:45:12: PM2 log: App [alkarrar-app:0] online
2026-09-13T12:45:14: PM2 log: App [alkarrar-app:0] exited with code [1] via signal [SIGINT]
2026-09-13T12:45:14: PM2 log: App [alkarrar-app:0] starting in -fork mode-
2026-09-13T12:45:14: PM2 log: App [alkarrar-app:0] online
2026-09-13T12:45:16: PM2 log: App [alkarrar-app:0] exited with code [1] via signal [SIGINT]
2026-09-13T12:45:16: PM2 log: App [alkarrar-app:0] starting in -fork mode-
2026-09-13T12:45:16: PM2 log: App [alkarrar-app:0] online
2026-09-13T12:45:17: PM2 log: App [alkarrar-app:0] exited with code [1] via signal [SIGINT]
2026-09-13T12:45:17: PM2 log: App [alkarrar-app:0] starting in -fork mode-
2026-09-13T12:45:17: PM2 log: App [alkarrar-app:0] online
2026-09-13T12:45:19: PM2 log: App [alkarrar-app:0] exited with code [1] via signal [SIGINT]
2026-09-13T12:45:19: PM2 log: App [alkarrar-app:0] starting in -fork mode-
2026-09-13T12:45:19: PM2 log: App [alkarrar-app:0] online
2026-09-13T12:45:21: PM2 log: App [alkarrar-app:0] exited with code [1] via signal [SIGINT]
2026-09-13T12:45:21: PM2 log: App [alkarrar-app:0] starting in -fork mode-
2026-09-13T12:45:21: PM2 log: App [alkarrar-app:0] online
2026-09-13T12:45:23: PM2 log: App [alkarrar-app:0] exited with code [1] via signal [SIGINT]
2026-09-13T12:45:23: PM2 log: App [alkarrar-app:0] starting in -fork mode-
2026-09-13T12:45:23: PM2 log: App [alkarrar-app:0] online
2026-09-13T12:45:25: PM2 log: App [alkarrar-app:0] exited with code [1] via signal [SIGINT]
2026-09-13T12:45:25: PM2 log: App [alkarrar-app:0] starting in -fork mode-
2026-09-13T12:45:25: PM2 log: App [alkarrar-app:0] online
2026-09-13T12:45:27: PM2 log: App [alkarrar-app:0] exited with code [1] via signal [SIGINT]
2026-09-13T12:45:27: PM2 log: App [alkarrar-app:0] starting in -fork mode-
2026-09-13T12:45:27: PM2 log: App [alkarrar-app:0] online
2026-09-13T12:45:29: PM2 log: App [alkarrar-app:0] exited with code [1] via signal [SIGINT]
2026-09-13T12:45:29: PM2 log: App [alkarrar-app:0] starting in -fork mode-
2026-09-13T12:45:29: PM2 log: App [alkarrar-app:0] online
2026-09-13T12:45:31: PM2 log: App [alkarrar-app:0] exited with code [1] via signal [SIGINT]
2026-09-13T12:45:31: PM2 log: App [alkarrar-app:0] starting in -fork mode-
2026-09-13T12:45:31: PM2 log: App [alkarrar-app:0] online
2026-09-13T12:45:33: PM2 log: App [alkarrar-app:0] exited with code [1] via signal [SIGINT]
2026-09-13T12:45:33: PM2 log: App [alkarrar-app:0] starting in -fork mode-
2026-09-13T12:45:33: PM2 log: App [alkarrar-app:0] online
2026-09-13T12:45:35: PM2 log: App [alkarrar-app:0] exited with code [1] via signal [SIGINT]
2026-09-13T12:45:35: PM2 log: App [alkarrar-app:0] starting in -fork mode-
2026-09-13T12:45:35: PM2 log: App [alkarrar-app:0] online
2026-09-13T12:45:37: PM2 log: App [alkarrar-app:0] exited with code [1] via signal [SIGINT]
2026-09-13T12:45:37: PM2 log: App [alkarrar-app:0] starting in -fork mode-
2026-09-13T12:45:37: PM2 log: App [alkarrar-app:0] online
2026-09-13T12:45:39: PM2 log: App [alkarrar-app:0] exited with code [1] via signal [SIGINT]
2026-09-13T12:45:39: PM2 log: App [alkarrar-app:0] starting in -fork mode-
2026-09-13T12:45:39: PM2 log: App [alkarrar-app:0] online
2026-09-13T12:45:40: PM2 log: App [alkarrar-app:0] exited with code [1] via signal [SIGINT]
2026-09-13T12:45:40: PM2 log: App [alkarrar-app:0] starting in -fork mode-
2026-09-13T12:45:40: PM2 log: App [alkarrar-app:0] online
2026-09-13T12:45:42: PM2 log: App [alkarrar-app:0] exited with code [1] via signal [SIGINT]
2026-09-13T12:45:42: PM2 log: App [alkarrar-app:0] starting in -fork mode-
2026-09-13T12:45:42: PM2 log: App [alkarrar-app:0] online
2026-09-13T12:45:44: PM2 log: App [alkarrar-app:0] exited with code [1] via signal [SIGINT]
2026-09-13T12:45:44: PM2 log: App [alkarrar-app:0] starting in -fork mode-
2026-09-13T12:45:44: PM2 log: App [alkarrar-app:0] online
2026-09-13T12:45:45: PM2 log: App [alkarrar-app:0] exited with code [1] via signal [SIGINT]
2026-09-13T12:45:45: PM2 log: App [alkarrar-app:0] starting in -fork mode-
2026-09-13T12:45:45: PM2 log: App [alkarrar-app:0] online
2026-09-13T12:45:47: PM2 log: App [alkarrar-app:0] exited with code [1] via signal [SIGINT]
2026-09-13T12:45:47: PM2 log: App [alkarrar-app:0] starting in -fork mode-
2026-09-13T12:45:47: PM2 log: App [alkarrar-app:0] online
2026-09-13T12:45:49: PM2 log: App [alkarrar-app:0] exited with code [1] via signal [SIGINT]
2026-09-13T12:45:49: PM2 log: App [alkarrar-app:0] starting in -fork mode-
2026-09-13T12:45:49: PM2 log: App [alkarrar-app:0] online
2026-09-13T12:45:51: PM2 log: App [alkarrar-app:0] exited with code [1] via signal [SIGINT]
2026-09-13T12:45:51: PM2 log: App [alkarrar-app:0] starting in -fork mode-
2026-09-13T12:45:51: PM2 log: App [alkarrar-app:0] online
2026-09-13T12:45:53: PM2 log: App [alkarrar-app:0] exited with code [1] via signal [SIGINT]
2026-09-13T12:45:53: PM2 log: App [alkarrar-app:0] starting in -fork mode-
2026-09-13T12:45:53: PM2 log: App [alkarrar-app:0] online
2026-09-13T12:45:55: PM2 log: App [alkarrar-app:0] exited with code [1] via signal [SIGINT]
2026-09-13T12:45:55: PM2 log: App [alkarrar-app:0] starting in -fork mode-
2026-09-13T12:45:55: PM2 log: App [alkarrar-app:0] online
2026-09-13T12:45:57: PM2 log: App [alkarrar-app:0] exited with code [1] via signal [SIGINT]
2026-09-13T12:45:57: PM2 log: App [alkarrar-app:0] starting in -fork mode-
2026-09-13T12:45:57: PM2 log: App [alkarrar-app:0] online
2026-09-13T12:45:59: PM2 log: App [alkarrar-app:0] exited with code [1] via signal [SIGINT]
2026-09-13T12:45:59: PM2 log: App [alkarrar-app:0] starting in -fork mode-
2026-09-13T12:45:59: PM2 log: App [alkarrar-app:0] online
2026-09-13T12:46:01: PM2 log: App [alkarrar-app:0] exited with code [1] via signal [SIGINT]
2026-09-13T12:46:01: PM2 log: App [alkarrar-app:0] starting in -fork mode-
2026-09-13T12:46:01: PM2 log: App [alkarrar-app:0] online
2026-09-13T12:46:03: PM2 log: App [alkarrar-app:0] exited with code [1] via signal [SIGINT]
2026-09-13T12:46:03: PM2 log: App [alkarrar-app:0] starting in -fork mode-
2026-09-13T12:46:03: PM2 log: App [alkarrar-app:0] online
2026-09-13T12:46:05: PM2 log: App [alkarrar-app:0] exited with code [1] via signal [SIGINT]
2026-09-13T12:46:05: PM2 log: App [alkarrar-app:0] starting in -fork mode-
2026-09-13T12:46:05: PM2 log: App [alkarrar-app:0] online
2026-09-13T12:46:06: PM2 log: App [alkarrar-app:0] exited with code [1] via signal [SIGINT]
2026-09-13T12:46:06: PM2 log: App [alkarrar-app:0] starting in -fork mode-
2026-09-13T12:46:06: PM2 log: App [alkarrar-app:0] online
2026-09-13T12:46:08: PM2 log: App [alkarrar-app:0] exited with code [1] via signal [SIGINT]
2026-09-13T12:46:08: PM2 log: App [alkarrar-app:0] starting in -fork mode-
2026-09-13T12:46:08: PM2 log: App [alkarrar-app:0] online
2026-09-13T12:46:10: PM2 log: App [alkarrar-app:0] exited with code [1] via signal [SIGINT]
2026-09-13T12:46:10: PM2 log: App [alkarrar-app:0] starting in -fork mode-
2026-09-13T12:46:10: PM2 log: App [alkarrar-app:0] online
2026-09-13T12:46:12: PM2 log: App [alkarrar-app:0] exited with code [1] via signal [SIGINT]
2026-09-13T12:46:12: PM2 log: App [alkarrar-app:0] starting in -fork mode-
2026-09-13T12:46:12: PM2 log: App [alkarrar-app:0] online
2026-09-13T12:46:14: PM2 log: App [alkarrar-app:0] exited with code [1] via signal [SIGINT]
2026-09-13T12:46:14: PM2 log: App [alkarrar-app:0] starting in -fork mode-
2026-09-13T12:46:14: PM2 log: App [alkarrar-app:0] online
2026-09-13T12:46:16: PM2 log: App [alkarrar-app:0] exited with code [1] via signal [SIGINT]
2026-09-13T12:46:16: PM2 log: App [alkarrar-app:0] starting in -fork mode-
2026-09-13T12:46:16: PM2 log: App [alkarrar-app:0] online
2026-09-13T12:46:17: PM2 log: App [alkarrar-app:0] exited with code [1] via signal [SIGINT]
2026-09-13T12:46:17: PM2 log: App [alkarrar-app:0] starting in -fork mode-
2026-09-13T12:46:17: PM2 log: App [alkarrar-app:0] online
2026-09-13T12:46:19: PM2 log: App [alkarrar-app:0] exited with code [1] via signal [SIGINT]
2026-09-13T12:46:19: PM2 log: App [alkarrar-app:0] starting in -fork mode-
2026-09-13T12:46:19: PM2 log: App [alkarrar-app:0] online
2026-09-13T12:46:21: PM2 log: App [alkarrar-app:0] exited with code [1] via signal [SIGINT]
2026-09-13T12:46:21: PM2 log: App [alkarrar-app:0] starting in -fork mode-
2026-09-13T12:46:21: PM2 log: App [alkarrar-app:0] online
2026-09-13T12:46:23: PM2 log: App [alkarrar-app:0] exited with code [1] via signal [SIGINT]
2026-09-13T12:46:23: PM2 log: App [alkarrar-app:0] starting in -fork mode-
2026-09-13T12:46:23: PM2 log: App [alkarrar-app:0] online
2026-09-13T12:46:25: PM2 log: App [alkarrar-app:0] exited with code [1] via signal [SIGINT]
2026-09-13T12:46:25: PM2 log: App [alkarrar-app:0] starting in -fork mode-
2026-09-13T12:46:25: PM2 log: App [alkarrar-app:0] online
2026-09-13T12:46:27: PM2 log: App [alkarrar-app:0] exited with code [1] via signal [SIGINT]
2026-09-13T12:46:27: PM2 log: App [alkarrar-app:0] starting in -fork mode-
2026-09-13T12:46:27: PM2 log: App [alkarrar-app:0] online
2026-09-13T12:46:29: PM2 log: App [alkarrar-app:0] exited with code [1] via signal [SIGINT]
2026-09-13T12:46:29: PM2 log: App [alkarrar-app:0] starting in -fork mode-
2026-09-13T12:46:29: PM2 log: App [alkarrar-app:0] online
2026-09-13T12:46:31: PM2 log: App [alkarrar-app:0] exited with code [1] via signal [SIGINT]
2026-09-13T12:46:31: PM2 log: App [alkarrar-app:0] starting in -fork mode-
2026-09-13T12:46:31: PM2 log: App [alkarrar-app:0] online
2026-09-13T12:46:32: PM2 log: App [alkarrar-app:0] exited with code [1] via signal [SIGINT]
2026-09-13T12:46:32: PM2 log: App [alkarrar-app:0] starting in -fork mode-
2026-09-13T12:46:32: PM2 log: App [alkarrar-app:0] online
2026-09-13T12:46:34: PM2 log: App [alkarrar-app:0] exited with code [1] via signal [SIGINT]
2026-09-13T12:46:34: PM2 log: App [alkarrar-app:0] starting in -fork mode-
2026-09-13T12:46:34: PM2 log: App [alkarrar-app:0] online
2026-09-13T12:46:36: PM2 log: App [alkarrar-app:0] exited with code [1] via signal [SIGINT]
2026-09-13T12:46:36: PM2 log: App [alkarrar-app:0] starting in -fork mode-
2026-09-13T12:46:36: PM2 log: App [alkarrar-app:0] online
2026-09-13T12:46:38: PM2 log: App [alkarrar-app:0] exited with code [1] via signal [SIGINT]
2026-09-13T12:46:38: PM2 log: App [alkarrar-app:0] starting in -fork mode-
2026-09-13T12:46:38: PM2 log: App [alkarrar-app:0] online
2026-09-13T12:46:40: PM2 log: App [alkarrar-app:0] exited with code [1] via signal [SIGINT]
2026-09-13T12:46:40: PM2 log: App [alkarrar-app:0] starting in -fork mode-
2026-09-13T12:46:40: PM2 log: App [alkarrar-app:0] online
2026-09-13T12:46:42: PM2 log: App [alkarrar-app:0] exited with code [1] via signal [SIGINT]
2026-09-13T12:46:42: PM2 log: App [alkarrar-app:0] starting in -fork mode-
2026-09-13T12:46:42: PM2 log: App [alkarrar-app:0] online
2026-09-13T12:46:44: PM2 log: App [alkarrar-app:0] exited with code [1] via signal [SIGINT]
2026-09-13T12:46:44: PM2 log: App [alkarrar-app:0] starting in -fork mode-
2026-09-13T12:46:44: PM2 log: App [alkarrar-app:0] online
2026-09-13T12:46:46: PM2 log: App [alkarrar-app:0] exited with code [1] via signal [SIGINT]
2026-09-13T12:46:46: PM2 log: App [alkarrar-app:0] starting in -fork mode-
2026-09-13T12:46:46: PM2 log: App [alkarrar-app:0] online
2026-09-13T12:46:47: PM2 log: App [alkarrar-app:0] exited with code [1] via signal [SIGINT]
2026-09-13T12:46:47: PM2 log: App [alkarrar-app:0] starting in -fork mode-
2026-09-13T12:46:47: PM2 log: App [alkarrar-app:0] online
2026-09-13T12:46:49: PM2 log: App [alkarrar-app:0] exited with code [1] via signal [SIGINT]
2026-09-13T12:46:49: PM2 log: App [alkarrar-app:0] starting in -fork mode-
2026-09-13T12:46:49: PM2 log: App [alkarrar-app:0] online
2026-09-13T12:46:51: PM2 log: App [alkarrar-app:0] exited with code [1] via signal [SIGINT]
2026-09-13T12:46:51: PM2 log: App [alkarrar-app:0] starting in -fork mode-
2026-09-13T12:46:51: PM2 log: App [alkarrar-app:0] online
2026-09-13T12:46:53: PM2 log: App [alkarrar-app:0] exited with code [1] via signal [SIGINT]
2026-09-13T12:46:53: PM2 log: App [alkarrar-app:0] starting in -fork mode-
2026-09-13T12:46:53: PM2 log: App [alkarrar-app:0] online
2026-09-13T12:46:54: PM2 log: App [alkarrar-app:0] exited with code [1] via signal [SIGINT]
2026-09-13T12:46:54: PM2 log: App [alkarrar-app:0] starting in -fork mode-
2026-09-13T12:46:54: PM2 log: App [alkarrar-app:0] online
2026-09-13T12:46:56: PM2 log: App [alkarrar-app:0] exited with code [1] via signal [SIGINT]
2026-09-13T12:46:56: PM2 log: App [alkarrar-app:0] starting in -fork mode-
2026-09-13T12:46:56: PM2 log: App [alkarrar-app:0] online
2026-09-13T12:46:58: PM2 log: App [alkarrar-app:0] exited with code [1] via signal [SIGINT]
2026-09-13T12:46:58: PM2 log: App [alkarrar-app:0] starting in -fork mode-
2026-09-13T12:46:58: PM2 log: App [alkarrar-app:0] online
2026-09-13T12:47:00: PM2 log: App [alkarrar-app:0] exited with code [1] via signal [SIGINT]
2026-09-13T12:47:00: PM2 log: App [alkarrar-app:0] starting in -fork mode-
2026-09-13T12:47:00: PM2 log: App [alkarrar-app:0] online
2026-09-13T12:47:03: PM2 log: App [alkarrar-app:0] exited with code [1] via signal [SIGINT]
2026-09-13T12:47:03: PM2 log: App [alkarrar-app:0] starting in -fork mode-
2026-09-13T12:47:03: PM2 log: App [alkarrar-app:0] online
2026-09-13T12:47:05: PM2 log: App [alkarrar-app:0] exited with code [1] via signal [SIGINT]
2026-09-13T12:47:05: PM2 log: App [alkarrar-app:0] starting in -fork mode-
2026-09-13T12:47:05: PM2 log: App [alkarrar-app:0] online
2026-09-13T12:47:07: PM2 log: App [alkarrar-app:0] exited with code [1] via signal [SIGINT]
2026-09-13T12:47:07: PM2 log: App [alkarrar-app:0] starting in -fork mode-
2026-09-13T12:47:07: PM2 log: App [alkarrar-app:0] online
2026-09-13T12:47:08: PM2 log: App [alkarrar-app:0] exited with code [1] via signal [SIGINT]
2026-09-13T12:47:08: PM2 log: App [alkarrar-app:0] starting in -fork mode-
2026-09-13T12:47:08: PM2 log: App [alkarrar-app:0] online
2026-09-13T12:47:10: PM2 log: App [alkarrar-app:0] exited with code [1] via signal [SIGINT]
2026-09-13T12:47:10: PM2 log: App [alkarrar-app:0] starting in -fork mode-
2026-09-13T12:47:10: PM2 log: App [alkarrar-app:0] online
2026-09-13T12:47:12: PM2 log: App [alkarrar-app:0] exited with code [1] via signal [SIGINT]
2026-09-13T12:47:12: PM2 log: App [alkarrar-app:0] starting in -fork mode-
2026-09-13T12:47:12: PM2 log: App [alkarrar-app:0] online
2026-09-13T12:47:14: PM2 log: App [alkarrar-app:0] exited with code [1] via signal [SIGINT]
2026-09-13T12:47:14: PM2 log: App [alkarrar-app:0] starting in -fork mode-
2026-09-13T12:47:14: PM2 log: App [alkarrar-app:0] online
2026-09-13T12:47:16: PM2 log: App [alkarrar-app:0] exited with code [1] via signal [SIGINT]
2026-09-13T12:47:16: PM2 log: App [alkarrar-app:0] starting in -fork mode-
2026-09-13T12:47:16: PM2 log: App [alkarrar-app:0] online
2026-09-13T12:47:18: PM2 log: App [alkarrar-app:0] exited with code [1] via signal [SIGINT]
2026-09-13T12:47:18: PM2 log: App [alkarrar-app:0] starting in -fork mode-
2026-09-13T12:47:18: PM2 log: App [alkarrar-app:0] online
2026-09-13T12:47:19: PM2 log: App [alkarrar-app:0] exited with code [1] via signal [SIGINT]
2026-09-13T12:47:19: PM2 log: App [alkarrar-app:0] starting in -fork mode-
2026-09-13T12:47:19: PM2 log: App [alkarrar-app:0] online
2026-09-13T12:47:21: PM2 log: App [alkarrar-app:0] exited with code [1] via signal [SIGINT]
2026-09-13T12:47:21: PM2 log: App [alkarrar-app:0] starting in -fork mode-
2026-09-13T12:47:21: PM2 log: App [alkarrar-app:0] online
2026-09-13T12:47:23: PM2 log: App [alkarrar-app:0] exited with code [1] via signal [SIGINT]
2026-09-13T12:47:23: PM2 log: App [alkarrar-app:0] starting in -fork mode-
2026-09-13T12:47:23: PM2 log: App [alkarrar-app:0] online
2026-09-13T12:47:25: PM2 log: App [alkarrar-app:0] exited with code [1] via signal [SIGINT]
2026-09-13T12:47:25: PM2 log: App [alkarrar-app:0] starting in -fork mode-
2026-09-13T12:47:25: PM2 log: App [alkarrar-app:0] online
2026-09-13T12:47:27: PM2 log: App [alkarrar-app:0] exited with code [1] via signal [SIGINT]
2026-09-13T12:47:27: PM2 log: App [alkarrar-app:0] starting in -fork mode-
2026-09-13T12:47:27: PM2 log: App [alkarrar-app:0] online
2026-09-13T12:47:29: PM2 log: App [alkarrar-app:0] exited with code [1] via signal [SIGINT]
2026-09-13T12:47:29: PM2 log: App [alkarrar-app:0] starting in -fork mode-
2026-09-13T12:47:29: PM2 log: App [alkarrar-app:0] online
2026-09-13T12:47:31: PM2 log: App [alkarrar-app:0] exited with code [1] via signal [SIGINT]
2026-09-13T12:47:31: PM2 log: App [alkarrar-app:0] starting in -fork mode-
2026-09-13T12:47:31: PM2 log: App [alkarrar-app:0] online
2026-09-13T12:47:33: PM2 log: App [alkarrar-app:0] exited with code [1] via signal [SIGINT]
2026-09-13T12:47:33: PM2 log: App [alkarrar-app:0] starting in -fork mode-
2026-09-13T12:47:33: PM2 log: App [alkarrar-app:0] online
2026-09-13T12:47:35: PM2 log: App [alkarrar-app:0] exited with code [1] via signal [SIGINT]
2026-09-13T12:47:35: PM2 log: App [alkarrar-app:0] starting in -fork mode-
2026-09-13T12:47:35: PM2 log: App [alkarrar-app:0] online
2026-09-13T12:47:37: PM2 log: App [alkarrar-app:0] exited with code [1] via signal [SIGINT]
2026-09-13T12:47:37: PM2 log: App [alkarrar-app:0] starting in -fork mode-
2026-09-13T12:47:37: PM2 log: App [alkarrar-app:0] online
2026-09-13T12:47:39: PM2 log: App [alkarrar-app:0] exited with code [1] via signal [SIGINT]
2026-09-13T12:47:39: PM2 log: App [alkarrar-app:0] starting in -fork mode-
2026-09-13T12:47:39: PM2 log: App [alkarrar-app:0] online
2026-09-13T12:47:41: PM2 log: App [alkarrar-app:0] exited with code [1] via signal [SIGINT]
2026-09-13T12:47:41: PM2 log: App [alkarrar-app:0] starting in -fork mode-
2026-09-13T12:47:41: PM2 log: App [alkarrar-app:0] online
2026-09-13T12:47:43: PM2 log: App [alkarrar-app:0] exited with code [1] via signal [SIGINT]
2026-09-13T12:47:43: PM2 log: App [alkarrar-app:0] starting in -fork mode-
2026-09-13T12:47:43: PM2 log: App [alkarrar-app:0] online
2026-09-13T12:47:44: PM2 log: App [alkarrar-app:0] exited with code [1] via signal [SIGINT]
2026-09-13T12:47:44: PM2 log: App [alkarrar-app:0] starting in -fork mode-
2026-09-13T12:47:44: PM2 log: App [alkarrar-app:0] online
2026-09-13T12:47:46: PM2 log: App [alkarrar-app:0] exited with code [1] via signal [SIGINT]
2026-09-13T12:47:46: PM2 log: App [alkarrar-app:0] starting in -fork mode-
2026-09-13T12:47:46: PM2 log: App [alkarrar-app:0] online
2026-09-13T12:47:48: PM2 log: App [alkarrar-app:0] exited with code [1] via signal [SIGINT]
2026-09-13T12:47:48: PM2 log: App [alkarrar-app:0] starting in -fork mode-
2026-09-13T12:47:48: PM2 log: App [alkarrar-app:0] online
2026-09-13T12:47:50: PM2 log: App [alkarrar-app:0] exited with code [1] via signal [SIGINT]
2026-09-13T12:47:50: PM2 log: App [alkarrar-app:0] starting in -fork mode-
2026-09-13T12:47:50: PM2 log: App [alkarrar-app:0] online
2026-09-13T12:47:51: PM2 log: App [alkarrar-app:0] exited with code [1] via signal [SIGINT]
2026-09-13T12:47:51: PM2 log: App [alkarrar-app:0] starting in -fork mode-
2026-09-13T12:47:51: PM2 log: App [alkarrar-app:0] online
2026-09-13T12:47:54: PM2 log: App [alkarrar-app:0] exited with code [1] via signal [SIGINT]
2026-09-13T12:47:54: PM2 log: App [alkarrar-app:0] starting in -fork mode-
2026-09-13T12:47:54: PM2 log: App [alkarrar-app:0] online
2026-09-13T12:47:56: PM2 log: App [alkarrar-app:0] exited with code [1] via signal [SIGINT]
2026-09-13T12:47:56: PM2 log: App [alkarrar-app:0] starting in -fork mode-
2026-09-13T12:47:56: PM2 log: App [alkarrar-app:0] online
2026-09-13T12:47:58: PM2 log: App [alkarrar-app:0] exited with code [1] via signal [SIGINT]
2026-09-13T12:47:58: PM2 log: App [alkarrar-app:0] starting in -fork mode-
2026-09-13T12:47:58: PM2 log: App [alkarrar-app:0] online
2026-09-13T12:47:59: PM2 log: App [alkarrar-app:0] exited with code [1] via signal [SIGINT]
2026-09-13T12:47:59: PM2 log: App [alkarrar-app:0] starting in -fork mode-
2026-09-13T12:47:59: PM2 log: App [alkarrar-app:0] online
2026-09-13T12:48:02: PM2 log: App [alkarrar-app:0] exited with code [1] via signal [SIGINT]
2026-09-13T12:48:02: PM2 log: App [alkarrar-app:0] starting in -fork mode-
2026-09-13T12:48:02: PM2 log: App [alkarrar-app:0] online
2026-09-13T12:48:04: PM2 log: App [alkarrar-app:0] exited with code [1] via signal [SIGINT]
2026-09-13T12:48:04: PM2 log: App [alkarrar-app:0] starting in -fork mode-
2026-09-13T12:48:04: PM2 log: App [alkarrar-app:0] online
2026-09-13T12:48:06: PM2 log: App [alkarrar-app:0] exited with code [1] via signal [SIGINT]
2026-09-13T12:48:06: PM2 log: App [alkarrar-app:0] starting in -fork mode-
2026-09-13T12:48:06: PM2 log: App [alkarrar-app:0] online
2026-09-13T12:48:08: PM2 log: App [alkarrar-app:0] exited with code [1] via signal [SIGINT]
2026-09-13T12:48:08: PM2 log: App [alkarrar-app:0] starting in -fork mode-
2026-09-13T12:48:08: PM2 log: App [alkarrar-app:0] online
2026-09-13T12:48:10: PM2 log: App [alkarrar-app:0] exited with code [1] via signal [SIGINT]
2026-09-13T12:48:10: PM2 log: App [alkarrar-app:0] starting in -fork mode-
2026-09-13T12:48:10: PM2 log: App [alkarrar-app:0] online
2026-09-13T12:48:12: PM2 log: App [alkarrar-app:0] exited with code [1] via signal [SIGINT]
2026-09-13T12:48:12: PM2 log: App [alkarrar-app:0] starting in -fork mode-
2026-09-13T12:48:12: PM2 log: App [alkarrar-app:0] online
2026-09-13T12:48:14: PM2 log: App [alkarrar-app:0] exited with code [1] via signal [SIGINT]
2026-09-13T12:48:14: PM2 log: App [alkarrar-app:0] starting in -fork mode-
2026-09-13T12:48:14: PM2 log: App [alkarrar-app:0] online
2026-09-13T12:48:16: PM2 log: App [alkarrar-app:0] exited with code [1] via signal [SIGINT]
2026-09-13T12:48:16: PM2 log: App [alkarrar-app:0] starting in -fork mode-
2026-09-13T12:48:16: PM2 log: App [alkarrar-app:0] online
2026-09-13T12:48:18: PM2 log: App [alkarrar-app:0] exited with code [1] via signal [SIGINT]
2026-09-13T12:48:18: PM2 log: App [alkarrar-app:0] starting in -fork mode-
2026-09-13T12:48:18: PM2 log: App [alkarrar-app:0] online
2026-09-13T12:48:20: PM2 log: App [alkarrar-app:0] exited with code [1] via signal [SIGINT]
2026-09-13T12:48:20: PM2 log: App [alkarrar-app:0] starting in -fork mode-
2026-09-13T12:48:20: PM2 log: App [alkarrar-app:0] online
2026-09-13T12:48:22: PM2 log: App [alkarrar-app:0] exited with code [1] via signal [SIGINT]
2026-09-13T12:48:22: PM2 log: App [alkarrar-app:0] starting in -fork mode-
2026-09-13T12:48:22: PM2 log: App [alkarrar-app:0] online
2026-09-13T12:48:24: PM2 log: App [alkarrar-app:0] exited with code [1] via signal [SIGINT]
2026-09-13T12:48:24: PM2 log: App [alkarrar-app:0] starting in -fork mode-
2026-09-13T12:48:24: PM2 log: App [alkarrar-app:0] online
2026-09-13T12:48:26: PM2 log: App [alkarrar-app:0] exited with code [1] via signal [SIGINT]
2026-09-13T12:48:26: PM2 log: App [alkarrar-app:0] starting in -fork mode-
2026-09-13T12:48:26: PM2 log: App [alkarrar-app:0] online
2026-09-13T12:48:28: PM2 log: App [alkarrar-app:0] exited with code [1] via signal [SIGINT]
2026-09-13T12:48:28: PM2 log: App [alkarrar-app:0] starting in -fork mode-
2026-09-13T12:48:28: PM2 log: App [alkarrar-app:0] online
2026-09-13T12:48:30: PM2 log: App [alkarrar-app:0] exited with code [1] via signal [SIGINT]
2026-09-13T12:48:30: PM2 log: App [alkarrar-app:0] starting in -fork mode-
2026-09-13T12:48:30: PM2 log: App [alkarrar-app:0] online
2026-09-13T12:48:31: PM2 log: App [alkarrar-app:0] exited with code [1] via signal [SIGINT]
2026-09-13T12:48:31: PM2 log: App [alkarrar-app:0] starting in -fork mode-
2026-09-13T12:48:31: PM2 log: App [alkarrar-app:0] online
2026-09-13T12:48:33: PM2 log: App [alkarrar-app:0] exited with code [1] via signal [SIGINT]
2026-09-13T12:48:33: PM2 log: App [alkarrar-app:0] starting in -fork mode-
2026-09-13T12:48:33: PM2 log: App [alkarrar-app:0] online
2026-09-13T12:48:35: PM2 log: App [alkarrar-app:0] exited with code [1] via signal [SIGINT]
2026-09-13T12:48:35: PM2 log: App [alkarrar-app:0] starting in -fork mode-
2026-09-13T12:48:35: PM2 log: App [alkarrar-app:0] online
2026-09-13T12:48:37: PM2 log: App [alkarrar-app:0] exited with code [1] via signal [SIGINT]
2026-09-13T12:48:37: PM2 log: App [alkarrar-app:0] starting in -fork mode-
2026-09-13T12:48:37: PM2 log: App [alkarrar-app:0] online
2026-09-13T12:48:39: PM2 log: App [alkarrar-app:0] exited with code [1] via signal [SIGINT]
2026-09-13T12:48:39: PM2 log: App [alkarrar-app:0] starting in -fork mode-
2026-09-13T12:48:39: PM2 log: App [alkarrar-app:0] online
2026-09-13T12:48:41: PM2 log: App [alkarrar-app:0] exited with code [1] via signal [SIGINT]
2026-09-13T12:48:41: PM2 log: App [alkarrar-app:0] starting in -fork mode-
2026-09-13T12:48:41: PM2 log: App [alkarrar-app:0] online
2026-09-13T12:48:43: PM2 log: App [alkarrar-app:0] exited with code [1] via signal [SIGINT]
2026-09-13T12:48:43: PM2 log: App [alkarrar-app:0] starting in -fork mode-
2026-09-13T12:48:43: PM2 log: App [alkarrar-app:0] online
2026-09-13T12:48:45: PM2 log: App [alkarrar-app:0] exited with code [1] via signal [SIGINT]
2026-09-13T12:48:45: PM2 log: App [alkarrar-app:0] starting in -fork mode-
2026-09-13T12:48:45: PM2 log: App [alkarrar-app:0] online
2026-09-13T12:48:47: PM2 log: App [alkarrar-app:0] exited with code [1] via signal [SIGINT]
2026-09-13T12:48:47: PM2 log: App [alkarrar-app:0] starting in -fork mode-
2026-09-13T12:48:47: PM2 log: App [alkarrar-app:0] online
2026-09-13T12:48:48: PM2 log: App [alkarrar-app:0] exited with code [1] via signal [SIGINT]
2026-09-13T12:48:48: PM2 log: App [alkarrar-app:0] starting in -fork mode-
2026-09-13T12:48:48: PM2 log: App [alkarrar-app:0] online
2026-09-13T12:48:50: PM2 log: App [alkarrar-app:0] exited with code [1] via signal [SIGINT]
2026-09-13T12:48:50: PM2 log: App [alkarrar-app:0] starting in -fork mode-
2026-09-13T12:48:50: PM2 log: App [alkarrar-app:0] online
2026-09-13T12:48:52: PM2 log: App [alkarrar-app:0] exited with code [1] via signal [SIGINT]
2026-09-13T12:48:52: PM2 log: App [alkarrar-app:0] starting in -fork mode-
2026-09-13T12:48:52: PM2 log: App [alkarrar-app:0] online
2026-09-13T12:48:54: PM2 log: App [alkarrar-app:0] exited with code [1] via signal [SIGINT]
2026-09-13T12:48:54: PM2 log: App [alkarrar-app:0] starting in -fork mode-
2026-09-13T12:48:54: PM2 log: App [alkarrar-app:0] online
2026-09-13T12:48:56: PM2 log: App [alkarrar-app:0] exited with code [1] via signal [SIGINT]
2026-09-13T12:48:56: PM2 log: App [alkarrar-app:0] starting in -fork mode-
2026-09-13T12:48:56: PM2 log: App [alkarrar-app:0] online
2026-09-13T12:48:57: PM2 log: App [alkarrar-app:0] exited with code [1] via signal [SIGINT]
2026-09-13T12:48:57: PM2 log: App [alkarrar-app:0] starting in -fork mode-
2026-09-13T12:48:57: PM2 log: App [alkarrar-app:0] online
2026-09-13T12:48:59: PM2 log: App [alkarrar-app:0] exited with code [1] via signal [SIGINT]
2026-09-13T12:48:59: PM2 log: App [alkarrar-app:0] starting in -fork mode-
2026-09-13T12:48:59: PM2 log: App [alkarrar-app:0] online
2026-09-13T12:49:01: PM2 log: App [alkarrar-app:0] exited with code [1] via signal [SIGINT]
2026-09-13T12:49:01: PM2 log: App [alkarrar-app:0] starting in -fork mode-
2026-09-13T12:49:01: PM2 log: App [alkarrar-app:0] online
2026-09-13T12:49:03: PM2 log: App [alkarrar-app:0] exited with code [1] via signal [SIGINT]
2026-09-13T12:49:03: PM2 log: App [alkarrar-app:0] starting in -fork mode-
2026-09-13T12:49:03: PM2 log: App [alkarrar-app:0] online
2026-09-13T12:49:05: PM2 log: App [alkarrar-app:0] exited with code [1] via signal [SIGINT]
2026-09-13T12:49:05: PM2 log: App [alkarrar-app:0] starting in -fork mode-
2026-09-13T12:49:05: PM2 log: App [alkarrar-app:0] online
2026-09-13T12:49:07: PM2 log: App [alkarrar-app:0] exited with code [1] via signal [SIGINT]
2026-09-13T12:49:07: PM2 log: App [alkarrar-app:0] starting in -fork mode-
2026-09-13T12:49:07: PM2 log: App [alkarrar-app:0] online
2026-09-13T12:49:09: PM2 log: App [alkarrar-app:0] exited with code [1] via signal [SIGINT]
2026-09-13T12:49:09: PM2 log: App [alkarrar-app:0] starting in -fork mode-
2026-09-13T12:49:09: PM2 log: App [alkarrar-app:0] online
2026-09-13T12:49:11: PM2 log: App [alkarrar-app:0] exited with code [1] via signal [SIGINT]
2026-09-13T12:49:11: PM2 log: App [alkarrar-app:0] starting in -fork mode-
2026-09-13T12:49:11: PM2 log: App [alkarrar-app:0] online
2026-09-13T12:49:13: PM2 log: App [alkarrar-app:0] exited with code [1] via signal [SIGINT]
2026-09-13T12:49:13: PM2 log: App [alkarrar-app:0] starting in -fork mode-
2026-09-13T12:49:13: PM2 log: App [alkarrar-app:0] online
2026-09-13T12:49:15: PM2 log: App [alkarrar-app:0] exited with code [1] via signal [SIGINT]
2026-09-13T12:49:15: PM2 log: App [alkarrar-app:0] starting in -fork mode-
2026-09-13T12:49:15: PM2 log: App [alkarrar-app:0] online
2026-09-13T12:49:16: PM2 log: App [alkarrar-app:0] exited with code [1] via signal [SIGINT]
2026-09-13T12:49:16: PM2 log: App [alkarrar-app:0] starting in -fork mode-
2026-09-13T12:49:16: PM2 log: App [alkarrar-app:0] online
2026-09-13T12:49:18: PM2 log: App [alkarrar-app:0] exited with code [1] via signal [SIGINT]
2026-09-13T12:49:18: PM2 log: App [alkarrar-app:0] starting in -fork mode-
2026-09-13T12:49:18: PM2 log: App [alkarrar-app:0] online
2026-09-13T12:49:20: PM2 log: App [alkarrar-app:0] exited with code [1] via signal [SIGINT]
2026-09-13T12:49:20: PM2 log: App [alkarrar-app:0] starting in -fork mode-
2026-09-13T12:49:20: PM2 log: App [alkarrar-app:0] online
2026-09-13T12:49:21: PM2 log: App [alkarrar-app:0] exited with code [1] via signal [SIGINT]
2026-09-13T12:49:21: PM2 log: App [alkarrar-app:0] starting in -fork mode-
2026-09-13T12:49:21: PM2 log: App [alkarrar-app:0] online
2026-09-13T12:49:23: PM2 log: App [alkarrar-app:0] exited with code [1] via signal [SIGINT]
2026-09-13T12:49:23: PM2 log: App [alkarrar-app:0] starting in -fork mode-
2026-09-13T12:49:23: PM2 log: App [alkarrar-app:0] online
2026-09-13T12:49:25: PM2 log: App [alkarrar-app:0] exited with code [1] via signal [SIGINT]
2026-09-13T12:49:25: PM2 log: App [alkarrar-app:0] starting in -fork mode-
2026-09-13T12:49:25: PM2 log: App [alkarrar-app:0] online
2026-09-13T12:49:27: PM2 log: App [alkarrar-app:0] exited with code [1] via signal [SIGINT]
2026-09-13T12:49:27: PM2 log: App [alkarrar-app:0] starting in -fork mode-
2026-09-13T12:49:27: PM2 log: App [alkarrar-app:0] online
2026-09-13T12:49:29: PM2 log: App [alkarrar-app:0] exited with code [1] via signal [SIGINT]
2026-09-13T12:49:29: PM2 log: App [alkarrar-app:0] starting in -fork mode-
2026-09-13T12:49:29: PM2 log: App [alkarrar-app:0] online
2026-09-13T12:49:30: PM2 log: App [alkarrar-app:0] exited with code [1] via signal [SIGINT]
2026-09-13T12:49:30: PM2 log: App [alkarrar-app:0] starting in -fork mode-
2026-09-13T12:49:30: PM2 log: App [alkarrar-app:0] online
2026-09-13T12:49:32: PM2 log: App [alkarrar-app:0] exited with code [1] via signal [SIGINT]
2026-09-13T12:49:32: PM2 log: App [alkarrar-app:0] starting in -fork mode-
2026-09-13T12:49:32: PM2 log: App [alkarrar-app:0] online
2026-09-13T12:49:34: PM2 log: App [alkarrar-app:0] exited with code [1] via signal [SIGINT]
2026-09-13T12:49:34: PM2 log: App [alkarrar-app:0] starting in -fork mode-
2026-09-13T12:49:34: PM2 log: App [alkarrar-app:0] online
2026-09-13T12:49:36: PM2 log: App [alkarrar-app:0] exited with code [1] via signal [SIGINT]
2026-09-13T12:49:36: PM2 log: App [alkarrar-app:0] starting in -fork mode-
2026-09-13T12:49:36: PM2 log: App [alkarrar-app:0] online
2026-09-13T12:49:38: PM2 log: App [alkarrar-app:0] exited with code [1] via signal [SIGINT]
2026-09-13T12:49:38: PM2 log: App [alkarrar-app:0] starting in -fork mode-
2026-09-13T12:49:38: PM2 log: App [alkarrar-app:0] online
2026-09-13T12:49:39: PM2 log: App [alkarrar-app:0] exited with code [1] via signal [SIGINT]
2026-09-13T12:49:39: PM2 log: App [alkarrar-app:0] starting in -fork mode-
2026-09-13T12:49:39: PM2 log: App [alkarrar-app:0] online
2026-09-13T12:49:41: PM2 log: App [alkarrar-app:0] exited with code [1] via signal [SIGINT]
2026-09-13T12:49:41: PM2 log: App [alkarrar-app:0] starting in -fork mode-
2026-09-13T12:49:41: PM2 log: App [alkarrar-app:0] online
2026-09-13T12:49:43: PM2 log: App [alkarrar-app:0] exited with code [1] via signal [SIGINT]
2026-09-13T12:49:43: PM2 log: App [alkarrar-app:0] starting in -fork mode-
2026-09-13T12:49:43: PM2 log: App [alkarrar-app:0] online
2026-09-13T12:49:45: PM2 log: App [alkarrar-app:0] exited with code [1] via signal [SIGINT]
2026-09-13T12:49:45: PM2 log: App [alkarrar-app:0] starting in -fork mode-
2026-09-13T12:49:45: PM2 log: App [alkarrar-app:0] online
2026-09-13T12:49:47: PM2 log: App [alkarrar-app:0] exited with code [1] via signal [SIGINT]
2026-09-13T12:49:47: PM2 log: App [alkarrar-app:0] starting in -fork mode-
2026-09-13T12:49:47: PM2 log: App [alkarrar-app:0] online
2026-09-13T12:49:49: PM2 log: App [alkarrar-app:0] exited with code [1] via signal [SIGINT]
2026-09-13T12:49:49: PM2 log: App [alkarrar-app:0] starting in -fork mode-
2026-09-13T12:49:49: PM2 log: App [alkarrar-app:0] online
2026-09-13T12:49:50: PM2 log: App [alkarrar-app:0] exited with code [1] via signal [SIGINT]
2026-09-13T12:49:50: PM2 log: App [alkarrar-app:0] starting in -fork mode-
2026-09-13T12:49:50: PM2 log: App [alkarrar-app:0] online
2026-09-13T12:49:52: PM2 log: App [alkarrar-app:0] exited with code [1] via signal [SIGINT]
2026-09-13T12:49:52: PM2 log: App [alkarrar-app:0] starting in -fork mode-
2026-09-13T12:49:52: PM2 log: App [alkarrar-app:0] online
2026-09-13T12:49:54: PM2 log: App [alkarrar-app:0] exited with code [1] via signal [SIGINT]
2026-09-13T12:49:54: PM2 log: App [alkarrar-app:0] starting in -fork mode-
2026-09-13T12:49:54: PM2 log: App [alkarrar-app:0] online
2026-09-13T12:49:56: PM2 log: App [alkarrar-app:0] exited with code [1] via signal [SIGINT]
2026-09-13T12:49:56: PM2 log: App [alkarrar-app:0] starting in -fork mode-
2026-09-13T12:49:56: PM2 log: App [alkarrar-app:0] online
2026-09-13T12:49:58: PM2 log: App [alkarrar-app:0] exited with code [1] via signal [SIGINT]
2026-09-13T12:49:58: PM2 log: App [alkarrar-app:0] starting in -fork mode-
2026-09-13T12:49:58: PM2 log: App [alkarrar-app:0] online
2026-09-13T12:50:00: PM2 log: App [alkarrar-app:0] exited with code [1] via signal [SIGINT]
2026-09-13T12:50:00: PM2 log: App [alkarrar-app:0] starting in -fork mode-
2026-09-13T12:50:00: PM2 log: App [alkarrar-app:0] online
2026-09-13T12:50:02: PM2 log: App [alkarrar-app:0] exited with code [1] via signal [SIGINT]
2026-09-13T12:50:02: PM2 log: App [alkarrar-app:0] starting in -fork mode-
2026-09-13T12:50:02: PM2 log: App [alkarrar-app:0] online
2026-09-13T12:50:05: PM2 log: App [alkarrar-app:0] exited with code [1] via signal [SIGINT]
2026-09-13T12:50:05: PM2 log: App [alkarrar-app:0] starting in -fork mode-
2026-09-13T12:50:05: PM2 log: App [alkarrar-app:0] online
2026-09-13T12:50:07: PM2 log: App [alkarrar-app:0] exited with code [1] via signal [SIGINT]
2026-09-13T12:50:07: PM2 log: App [alkarrar-app:0] starting in -fork mode-
2026-09-13T12:50:07: PM2 log: App [alkarrar-app:0] online
2026-09-13T12:50:09: PM2 log: App [alkarrar-app:0] exited with code [1] via signal [SIGINT]
2026-09-13T12:50:09: PM2 log: App [alkarrar-app:0] starting in -fork mode-
2026-09-13T12:50:09: PM2 log: App [alkarrar-app:0] online
2026-09-13T12:50:11: PM2 log: App [alkarrar-app:0] exited with code [1] via signal [SIGINT]
2026-09-13T12:50:11: PM2 log: App [alkarrar-app:0] starting in -fork mode-
2026-09-13T12:50:11: PM2 log: App [alkarrar-app:0] online
2026-09-13T12:50:13: PM2 log: App [alkarrar-app:0] exited with code [1] via signal [SIGINT]
2026-09-13T12:50:13: PM2 log: App [alkarrar-app:0] starting in -fork mode-
2026-09-13T12:50:13: PM2 log: App [alkarrar-app:0] online
2026-09-13T12:50:15: PM2 log: App [alkarrar-app:0] exited with code [1] via signal [SIGINT]
2026-09-13T12:50:15: PM2 log: App [alkarrar-app:0] starting in -fork mode-
2026-09-13T12:50:15: PM2 log: App [alkarrar-app:0] online
2026-09-13T12:50:17: PM2 log: App [alkarrar-app:0] exited with code [1] via signal [SIGINT]
2026-09-13T12:50:17: PM2 log: App [alkarrar-app:0] starting in -fork mode-
2026-09-13T12:50:17: PM2 log: App [alkarrar-app:0] online
2026-09-13T12:50:18: PM2 log: App [alkarrar-app:0] exited with code [1] via signal [SIGINT]
2026-09-13T12:50:18: PM2 log: App [alkarrar-app:0] starting in -fork mode-
2026-09-13T12:50:18: PM2 log: App [alkarrar-app:0] online
2026-09-13T12:50:20: PM2 log: App [alkarrar-app:0] exited with code [1] via signal [SIGINT]
2026-09-13T12:50:20: PM2 log: App [alkarrar-app:0] starting in -fork mode-
2026-09-13T12:50:20: PM2 log: App [alkarrar-app:0] online
2026-09-13T12:50:22: PM2 log: App [alkarrar-app:0] exited with code [1] via signal [SIGINT]
2026-09-13T12:50:22: PM2 log: App [alkarrar-app:0] starting in -fork mode-
2026-09-13T12:50:22: PM2 log: App [alkarrar-app:0] online
2026-09-13T12:50:24: PM2 log: App [alkarrar-app:0] exited with code [1] via signal [SIGINT]
2026-09-13T12:50:24: PM2 log: App [alkarrar-app:0] starting in -fork mode-
2026-09-13T12:50:24: PM2 log: App [alkarrar-app:0] online
2026-09-13T12:50:26: PM2 log: App [alkarrar-app:0] exited with code [1] via signal [SIGINT]
2026-09-13T12:50:26: PM2 log: App [alkarrar-app:0] starting in -fork mode-
2026-09-13T12:50:26: PM2 log: App [alkarrar-app:0] online
2026-09-13T12:50:27: PM2 log: App [alkarrar-app:0] exited with code [1] via signal [SIGINT]
2026-09-13T12:50:27: PM2 log: App [alkarrar-app:0] starting in -fork mode-
2026-09-13T12:50:27: PM2 log: App [alkarrar-app:0] online
2026-09-13T12:50:29: PM2 log: App [alkarrar-app:0] exited with code [1] via signal [SIGINT]
2026-09-13T12:50:29: PM2 log: App [alkarrar-app:0] starting in -fork mode-
2026-09-13T12:50:29: PM2 log: App [alkarrar-app:0] online
2026-09-13T12:50:31: PM2 log: App [alkarrar-app:0] exited with code [1] via signal [SIGINT]
2026-09-13T12:50:31: PM2 log: App [alkarrar-app:0] starting in -fork mode-
2026-09-13T12:50:31: PM2 log: App [alkarrar-app:0] online
2026-09-13T12:50:33: PM2 log: App [alkarrar-app:0] exited with code [1] via signal [SIGINT]
2026-09-13T12:50:33: PM2 log: App [alkarrar-app:0] starting in -fork mode-
2026-09-13T12:50:33: PM2 log: App [alkarrar-app:0] online
2026-09-13T12:50:35: PM2 log: App [alkarrar-app:0] exited with code [1] via signal [SIGINT]
2026-09-13T12:50:35: PM2 log: App [alkarrar-app:0] starting in -fork mode-
2026-09-13T12:50:35: PM2 log: App [alkarrar-app:0] online
2026-09-13T12:50:37: PM2 log: App [alkarrar-app:0] exited with code [1] via signal [SIGINT]
2026-09-13T12:50:37: PM2 log: App [alkarrar-app:0] starting in -fork mode-
2026-09-13T12:50:37: PM2 log: App [alkarrar-app:0] online
2026-09-13T12:50:39: PM2 log: App [alkarrar-app:0] exited with code [1] via signal [SIGINT]
2026-09-13T12:50:39: PM2 log: App [alkarrar-app:0] starting in -fork mode-
2026-09-13T12:50:39: PM2 log: App [alkarrar-app:0] online
2026-09-13T12:50:41: PM2 log: App [alkarrar-app:0] exited with code [1] via signal [SIGINT]
2026-09-13T12:50:41: PM2 log: App [alkarrar-app:0] starting in -fork mode-
2026-09-13T12:50:41: PM2 log: App [alkarrar-app:0] online
2026-09-13T12:50:43: PM2 log: App [alkarrar-app:0] exited with code [1] via signal [SIGINT]
2026-09-13T12:50:43: PM2 log: App [alkarrar-app:0] starting in -fork mode-
2026-09-13T12:50:43: PM2 log: App [alkarrar-app:0] online
2026-09-13T12:50:45: PM2 log: App [alkarrar-app:0] exited with code [1] via signal [SIGINT]
2026-09-13T12:50:45: PM2 log: App [alkarrar-app:0] starting in -fork mode-
2026-09-13T12:50:45: PM2 log: App [alkarrar-app:0] online
2026-09-13T12:50:47: PM2 log: App [alkarrar-app:0] exited with code [1] via signal [SIGINT]
2026-09-13T12:50:47: PM2 log: App [alkarrar-app:0] starting in -fork mode-
2026-09-13T12:50:47: PM2 log: App [alkarrar-app:0] online
2026-09-13T12:50:48: PM2 log: App [alkarrar-app:0] exited with code [1] via signal [SIGINT]
2026-09-13T12:50:48: PM2 log: App [alkarrar-app:0] starting in -fork mode-
2026-09-13T12:50:48: PM2 log: App [alkarrar-app:0] online
2026-09-13T12:50:50: PM2 log: App [alkarrar-app:0] exited with code [1] via signal [SIGINT]
2026-09-13T12:50:50: PM2 log: App [alkarrar-app:0] starting in -fork mode-
2026-09-13T12:50:50: PM2 log: App [alkarrar-app:0] online
2026-09-13T12:50:52: PM2 log: App [alkarrar-app:0] exited with code [1] via signal [SIGINT]
2026-09-13T12:50:52: PM2 log: App [alkarrar-app:0] starting in -fork mode-
2026-09-13T12:50:52: PM2 log: App [alkarrar-app:0] online
2026-09-13T12:50:54: PM2 log: App [alkarrar-app:0] exited with code [1] via signal [SIGINT]
2026-09-13T12:50:54: PM2 log: App [alkarrar-app:0] starting in -fork mode-
2026-09-13T12:50:54: PM2 log: App [alkarrar-app:0] online
2026-09-13T12:50:56: PM2 log: App [alkarrar-app:0] exited with code [1] via signal [SIGINT]
2026-09-13T12:50:56: PM2 log: App [alkarrar-app:0] starting in -fork mode-
2026-09-13T12:50:56: PM2 log: App [alkarrar-app:0] online
2026-09-13T12:50:58: PM2 log: App [alkarrar-app:0] exited with code [1] via signal [SIGINT]
2026-09-13T12:50:58: PM2 log: App [alkarrar-app:0] starting in -fork mode-
2026-09-13T12:50:58: PM2 log: App [alkarrar-app:0] online
2026-09-13T12:51:00: PM2 log: App [alkarrar-app:0] exited with code [1] via signal [SIGINT]
2026-09-13T12:51:00: PM2 log: App [alkarrar-app:0] starting in -fork mode-
2026-09-13T12:51:00: PM2 log: App [alkarrar-app:0] online
2026-09-13T12:51:02: PM2 log: App [alkarrar-app:0] exited with code [1] via signal [SIGINT]
2026-09-13T12:51:02: PM2 log: App [alkarrar-app:0] starting in -fork mode-
2026-09-13T12:51:02: PM2 log: App [alkarrar-app:0] online
2026-09-13T12:51:04: PM2 log: App [alkarrar-app:0] exited with code [1] via signal [SIGINT]
2026-09-13T12:51:04: PM2 log: App [alkarrar-app:0] starting in -fork mode-
2026-09-13T12:51:04: PM2 log: App [alkarrar-app:0] online
2026-09-13T12:51:05: PM2 log: App [alkarrar-app:0] exited with code [1] via signal [SIGINT]
2026-09-13T12:51:05: PM2 log: App [alkarrar-app:0] starting in -fork mode-
2026-09-13T12:51:05: PM2 log: App [alkarrar-app:0] online
2026-09-13T12:51:07: PM2 log: App [alkarrar-app:0] exited with code [1] via signal [SIGINT]
2026-09-13T12:51:07: PM2 log: App [alkarrar-app:0] starting in -fork mode-
2026-09-13T12:51:07: PM2 log: App [alkarrar-app:0] online
2026-09-13T12:51:09: PM2 log: App [alkarrar-app:0] exited with code [1] via signal [SIGINT]
2026-09-13T12:51:09: PM2 log: App [alkarrar-app:0] starting in -fork mode-
2026-09-13T12:51:09: PM2 log: App [alkarrar-app:0] online
2026-09-13T12:51:11: PM2 log: App [alkarrar-app:0] exited with code [1] via signal [SIGINT]
2026-09-13T12:51:11: PM2 log: App [alkarrar-app:0] starting in -fork mode-
2026-09-13T12:51:11: PM2 log: App [alkarrar-app:0] online
2026-09-13T12:51:13: PM2 log: App [alkarrar-app:0] exited with code [1] via signal [SIGINT]
2026-09-13T12:51:13: PM2 log: App [alkarrar-app:0] starting in -fork mode-
2026-09-13T12:51:13: PM2 log: App [alkarrar-app:0] online
2026-09-13T12:51:14: PM2 log: App [alkarrar-app:0] exited with code [1] via signal [SIGINT]
2026-09-13T12:51:14: PM2 log: App [alkarrar-app:0] starting in -fork mode-
2026-09-13T12:51:14: PM2 log: App [alkarrar-app:0] online
2026-09-13T12:51:16: PM2 log: App [alkarrar-app:0] exited with code [1] via signal [SIGINT]
2026-09-13T12:51:16: PM2 log: App [alkarrar-app:0] starting in -fork mode-
2026-09-13T12:51:16: PM2 log: App [alkarrar-app:0] online
2026-09-13T12:51:18: PM2 log: App [alkarrar-app:0] exited with code [1] via signal [SIGINT]
2026-09-13T12:51:18: PM2 log: App [alkarrar-app:0] starting in -fork mode-
2026-09-13T12:51:18: PM2 log: App [alkarrar-app:0] online
2026-09-13T12:51:20: PM2 log: App [alkarrar-app:0] exited with code [1] via signal [SIGINT]
2026-09-13T12:51:20: PM2 log: App [alkarrar-app:0] starting in -fork mode-
2026-09-13T12:51:20: PM2 log: App [alkarrar-app:0] online
2026-09-13T12:51:22: PM2 log: App [alkarrar-app:0] exited with code [1] via signal [SIGINT]
2026-09-13T12:51:22: PM2 log: App [alkarrar-app:0] starting in -fork mode-
2026-09-13T12:51:22: PM2 log: App [alkarrar-app:0] online
2026-09-13T12:51:24: PM2 log: App [alkarrar-app:0] exited with code [1] via signal [SIGINT]
2026-09-13T12:51:24: PM2 log: App [alkarrar-app:0] starting in -fork mode-
2026-09-13T12:51:24: PM2 log: App [alkarrar-app:0] online
2026-09-13T12:51:26: PM2 log: App [alkarrar-app:0] exited with code [1] via signal [SIGINT]
2026-09-13T12:51:26: PM2 log: App [alkarrar-app:0] starting in -fork mode-
2026-09-13T12:51:26: PM2 log: App [alkarrar-app:0] online
2026-09-13T12:51:27: PM2 log: App [alkarrar-app:0] exited with code [1] via signal [SIGINT]
2026-09-13T12:51:27: PM2 log: App [alkarrar-app:0] starting in -fork mode-
2026-09-13T12:51:27: PM2 log: App [alkarrar-app:0] online
2026-09-13T12:51:29: PM2 log: App [alkarrar-app:0] exited with code [1] via signal [SIGINT]
2026-09-13T12:51:29: PM2 log: App [alkarrar-app:0] starting in -fork mode-
2026-09-13T12:51:29: PM2 log: App [alkarrar-app:0] online
2026-09-13T12:51:31: PM2 log: App [alkarrar-app:0] exited with code [1] via signal [SIGINT]
2026-09-13T12:51:31: PM2 log: App [alkarrar-app:0] starting in -fork mode-
2026-09-13T12:51:31: PM2 log: App [alkarrar-app:0] online
2026-09-13T12:51:33: PM2 log: App [alkarrar-app:0] exited with code [1] via signal [SIGINT]
2026-09-13T12:51:33: PM2 log: App [alkarrar-app:0] starting in -fork mode-
2026-09-13T12:51:33: PM2 log: App [alkarrar-app:0] online
2026-09-13T12:51:35: PM2 log: App [alkarrar-app:0] exited with code [1] via signal [SIGINT]
2026-09-13T12:51:35: PM2 log: App [alkarrar-app:0] starting in -fork mode-
2026-09-13T12:51:35: PM2 log: App [alkarrar-app:0] online
2026-09-13T12:51:36: PM2 log: App [alkarrar-app:0] exited with code [1] via signal [SIGINT]
2026-09-13T12:51:36: PM2 log: App [alkarrar-app:0] starting in -fork mode-
2026-09-13T12:51:36: PM2 log: App [alkarrar-app:0] online
2026-09-13T12:51:38: PM2 log: App [alkarrar-app:0] exited with code [1] via signal [SIGINT]
2026-09-13T12:51:38: PM2 log: App [alkarrar-app:0] starting in -fork mode-
2026-09-13T12:51:38: PM2 log: App [alkarrar-app:0] online
2026-09-13T12:51:40: PM2 log: App [alkarrar-app:0] exited with code [1] via signal [SIGINT]
2026-09-13T12:51:40: PM2 log: App [alkarrar-app:0] starting in -fork mode-
2026-09-13T12:51:40: PM2 log: App [alkarrar-app:0] online
2026-09-13T12:51:42: PM2 log: App [alkarrar-app:0] exited with code [1] via signal [SIGINT]
2026-09-13T12:51:42: PM2 log: App [alkarrar-app:0] starting in -fork mode-
2026-09-13T12:51:42: PM2 log: App [alkarrar-app:0] online
2026-09-13T12:51:44: PM2 log: App [alkarrar-app:0] exited with code [1] via signal [SIGINT]
2026-09-13T12:51:44: PM2 log: App [alkarrar-app:0] starting in -fork mode-
2026-09-13T12:51:44: PM2 log: App [alkarrar-app:0] online
2026-09-13T12:51:45: PM2 log: App [alkarrar-app:0] exited with code [1] via signal [SIGINT]
2026-09-13T12:51:45: PM2 log: App [alkarrar-app:0] starting in -fork mode-
2026-09-13T12:51:45: PM2 log: App [alkarrar-app:0] online
2026-09-13T12:51:47: PM2 log: App [alkarrar-app:0] exited with code [1] via signal [SIGINT]
2026-09-13T12:51:47: PM2 log: App [alkarrar-app:0] starting in -fork mode-
2026-09-13T12:51:47: PM2 log: App [alkarrar-app:0] online
2026-09-13T12:51:49: PM2 log: App [alkarrar-app:0] exited with code [1] via signal [SIGINT]
2026-09-13T12:51:49: PM2 log: App [alkarrar-app:0] starting in -fork mode-
2026-09-13T12:51:49: PM2 log: App [alkarrar-app:0] online
2026-09-13T12:51:51: PM2 log: App [alkarrar-app:0] exited with code [1] via signal [SIGINT]
2026-09-13T12:51:51: PM2 log: App [alkarrar-app:0] starting in -fork mode-
2026-09-13T12:51:51: PM2 log: App [alkarrar-app:0] online
2026-09-13T12:51:53: PM2 log: App [alkarrar-app:0] exited with code [1] via signal [SIGINT]
2026-09-13T12:51:53: PM2 log: App [alkarrar-app:0] starting in -fork mode-
2026-09-13T12:51:53: PM2 log: App [alkarrar-app:0] online
2026-09-13T12:51:54: PM2 log: App [alkarrar-app:0] exited with code [1] via signal [SIGINT]
2026-09-13T12:51:54: PM2 log: App [alkarrar-app:0] starting in -fork mode-
2026-09-13T12:51:54: PM2 log: App [alkarrar-app:0] online
2026-09-13T12:51:56: PM2 log: App [alkarrar-app:0] exited with code [1] via signal [SIGINT]
2026-09-13T12:51:56: PM2 log: App [alkarrar-app:0] starting in -fork mode-
2026-09-13T12:51:56: PM2 log: App [alkarrar-app:0] online
2026-09-13T12:51:58: PM2 log: App [alkarrar-app:0] exited with code [1] via signal [SIGINT]
2026-09-13T12:51:58: PM2 log: App [alkarrar-app:0] starting in -fork mode-
2026-09-13T12:51:58: PM2 log: App [alkarrar-app:0] online
2026-09-13T12:52:00: PM2 log: App [alkarrar-app:0] exited with code [1] via signal [SIGINT]
2026-09-13T12:52:00: PM2 log: App [alkarrar-app:0] starting in -fork mode-
2026-09-13T12:52:00: PM2 log: App [alkarrar-app:0] online
2026-09-13T12:52:02: PM2 log: App [alkarrar-app:0] exited with code [1] via signal [SIGINT]
2026-09-13T12:52:02: PM2 log: App [alkarrar-app:0] starting in -fork mode-
2026-09-13T12:52:02: PM2 log: App [alkarrar-app:0] online
2026-09-13T12:52:04: PM2 log: App [alkarrar-app:0] exited with code [1] via signal [SIGINT]
2026-09-13T12:52:04: PM2 log: App [alkarrar-app:0] starting in -fork mode-
2026-09-13T12:52:04: PM2 log: App [alkarrar-app:0] online
2026-09-13T12:52:06: PM2 log: App [alkarrar-app:0] exited with code [1] via signal [SIGINT]
2026-09-13T12:52:06: PM2 log: App [alkarrar-app:0] starting in -fork mode-
2026-09-13T12:52:06: PM2 log: App [alkarrar-app:0] online
2026-09-13T12:52:08: PM2 log: App [alkarrar-app:0] exited with code [1] via signal [SIGINT]
2026-09-13T12:52:08: PM2 log: App [alkarrar-app:0] starting in -fork mode-
2026-09-13T12:52:08: PM2 log: App [alkarrar-app:0] online
2026-09-13T12:52:10: PM2 log: App [alkarrar-app:0] exited with code [1] via signal [SIGINT]
2026-09-13T12:52:10: PM2 log: App [alkarrar-app:0] starting in -fork mode-
2026-09-13T12:52:10: PM2 log: App [alkarrar-app:0] online
2026-09-13T12:52:12: PM2 log: App [alkarrar-app:0] exited with code [1] via signal [SIGINT]
2026-09-13T12:52:12: PM2 log: App [alkarrar-app:0] starting in -fork mode-
2026-09-13T12:52:12: PM2 log: App [alkarrar-app:0] online
2026-09-13T12:52:13: PM2 log: App [alkarrar-app:0] exited with code [1] via signal [SIGINT]
2026-09-13T12:52:13: PM2 log: App [alkarrar-app:0] starting in -fork mode-
2026-09-13T12:52:13: PM2 log: App [alkarrar-app:0] online
2026-09-13T12:52:15: PM2 log: App [alkarrar-app:0] exited with code [1] via signal [SIGINT]
2026-09-13T12:52:15: PM2 log: App [alkarrar-app:0] starting in -fork mode-
2026-09-13T12:52:15: PM2 log: App [alkarrar-app:0] online
2026-09-13T12:52:17: PM2 log: App [alkarrar-app:0] exited with code [1] via signal [SIGINT]
2026-09-13T12:52:17: PM2 log: App [alkarrar-app:0] starting in -fork mode-
2026-09-13T12:52:17: PM2 log: App [alkarrar-app:0] online
2026-09-13T12:52:19: PM2 log: App [alkarrar-app:0] exited with code [1] via signal [SIGINT]
2026-09-13T12:52:19: PM2 log: App [alkarrar-app:0] starting in -fork mode-
2026-09-13T12:52:19: PM2 log: App [alkarrar-app:0] online
2026-09-13T12:52:20: PM2 log: App [alkarrar-app:0] exited with code [1] via signal [SIGINT]
2026-09-13T12:52:20: PM2 log: App [alkarrar-app:0] starting in -fork mode-
2026-09-13T12:52:20: PM2 log: App [alkarrar-app:0] online
2026-09-13T12:52:22: PM2 log: App [alkarrar-app:0] exited with code [1] via signal [SIGINT]
2026-09-13T12:52:22: PM2 log: App [alkarrar-app:0] starting in -fork mode-
2026-09-13T12:52:22: PM2 log: App [alkarrar-app:0] online
2026-09-13T12:52:24: PM2 log: App [alkarrar-app:0] exited with code [1] via signal [SIGINT]
2026-09-13T12:52:24: PM2 log: App [alkarrar-app:0] starting in -fork mode-
2026-09-13T12:52:24: PM2 log: App [alkarrar-app:0] online
2026-09-13T12:52:26: PM2 log: App [alkarrar-app:0] exited with code [1] via signal [SIGINT]
2026-09-13T12:52:26: PM2 log: App [alkarrar-app:0] starting in -fork mode-
2026-09-13T12:52:26: PM2 log: App [alkarrar-app:0] online
2026-09-13T12:52:28: PM2 log: App [alkarrar-app:0] exited with code [1] via signal [SIGINT]
2026-09-13T12:52:28: PM2 log: App [alkarrar-app:0] starting in -fork mode-
2026-09-13T12:52:28: PM2 log: App [alkarrar-app:0] online
2026-09-13T12:52:30: PM2 log: App [alkarrar-app:0] exited with code [1] via signal [SIGINT]
2026-09-13T12:52:30: PM2 log: App [alkarrar-app:0] starting in -fork mode-
2026-09-13T12:52:30: PM2 log: App [alkarrar-app:0] online
2026-09-13T12:52:31: PM2 log: App [alkarrar-app:0] exited with code [1] via signal [SIGINT]
2026-09-13T12:52:31: PM2 log: App [alkarrar-app:0] starting in -fork mode-
2026-09-13T12:52:31: PM2 log: App [alkarrar-app:0] online
2026-09-13T12:52:33: PM2 log: App [alkarrar-app:0] exited with code [1] via signal [SIGINT]
2026-09-13T12:52:33: PM2 log: App [alkarrar-app:0] starting in -fork mode-
2026-09-13T12:52:33: PM2 log: App [alkarrar-app:0] online
2026-09-13T12:52:35: PM2 log: App [alkarrar-app:0] exited with code [1] via signal [SIGINT]
2026-09-13T12:52:35: PM2 log: App [alkarrar-app:0] starting in -fork mode-
2026-09-13T12:52:35: PM2 log: App [alkarrar-app:0] online
2026-09-13T12:52:37: PM2 log: App [alkarrar-app:0] exited with code [1] via signal [SIGINT]
2026-09-13T12:52:37: PM2 log: App [alkarrar-app:0] starting in -fork mode-
2026-09-13T12:52:37: PM2 log: App [alkarrar-app:0] online
2026-09-13T12:52:38: PM2 log: App [alkarrar-app:0] exited with code [1] via signal [SIGINT]
2026-09-13T12:52:38: PM2 log: App [alkarrar-app:0] starting in -fork mode-
2026-09-13T12:52:38: PM2 log: App [alkarrar-app:0] online
2026-09-13T12:52:40: PM2 log: App [alkarrar-app:0] exited with code [1] via signal [SIGINT]
2026-09-13T12:52:40: PM2 log: App [alkarrar-app:0] starting in -fork mode-
2026-09-13T12:52:40: PM2 log: App [alkarrar-app:0] online
2026-09-13T12:52:42: PM2 log: App [alkarrar-app:0] exited with code [1] via signal [SIGINT]
2026-09-13T12:52:42: PM2 log: App [alkarrar-app:0] starting in -fork mode-
2026-09-13T12:52:42: PM2 log: App [alkarrar-app:0] online
2026-09-13T12:52:44: PM2 log: App [alkarrar-app:0] exited with code [1] via signal [SIGINT]
2026-09-13T12:52:44: PM2 log: App [alkarrar-app:0] starting in -fork mode-
2026-09-13T12:52:44: PM2 log: App [alkarrar-app:0] online
2026-09-13T12:52:46: PM2 log: App [alkarrar-app:0] exited with code [1] via signal [SIGINT]
2026-09-13T12:52:46: PM2 log: App [alkarrar-app:0] starting in -fork mode-
2026-09-13T12:52:46: PM2 log: App [alkarrar-app:0] online
2026-09-13T12:52:48: PM2 log: App [alkarrar-app:0] exited with code [1] via signal [SIGINT]
2026-09-13T12:52:48: PM2 log: App [alkarrar-app:0] starting in -fork mode-
2026-09-13T12:52:48: PM2 log: App [alkarrar-app:0] online
2026-09-13T12:52:49: PM2 log: App [alkarrar-app:0] exited with code [1] via signal [SIGINT]
2026-09-13T12:52:49: PM2 log: App [alkarrar-app:0] starting in -fork mode-
2026-09-13T12:52:49: PM2 log: App [alkarrar-app:0] online
2026-09-13T12:52:51: PM2 log: App [alkarrar-app:0] exited with code [1] via signal [SIGINT]
2026-09-13T12:52:51: PM2 log: App [alkarrar-app:0] starting in -fork mode-
2026-09-13T12:52:51: PM2 log: App [alkarrar-app:0] online
2026-09-13T12:52:53: PM2 log: App [alkarrar-app:0] exited with code [1] via signal [SIGINT]
2026-09-13T12:52:53: PM2 log: App [alkarrar-app:0] starting in -fork mode-
2026-09-13T12:52:53: PM2 log: App [alkarrar-app:0] online
2026-09-13T12:52:55: PM2 log: App [alkarrar-app:0] exited with code [1] via signal [SIGINT]
2026-09-13T12:52:55: PM2 log: App [alkarrar-app:0] starting in -fork mode-
2026-09-13T12:52:55: PM2 log: App [alkarrar-app:0] online
2026-09-13T12:52:57: PM2 log: App [alkarrar-app:0] exited with code [1] via signal [SIGINT]
2026-09-13T12:52:57: PM2 log: App [alkarrar-app:0] starting in -fork mode-
2026-09-13T12:52:57: PM2 log: App [alkarrar-app:0] online
2026-09-13T12:52:58: PM2 log: App [alkarrar-app:0] exited with code [1] via signal [SIGINT]
2026-09-13T12:52:58: PM2 log: App [alkarrar-app:0] starting in -fork mode-
2026-09-13T12:52:58: PM2 log: App [alkarrar-app:0] online
2026-09-13T12:53:00: PM2 log: App [alkarrar-app:0] exited with code [1] via signal [SIGINT]
2026-09-13T12:53:00: PM2 log: App [alkarrar-app:0] starting in -fork mode-
2026-09-13T12:53:00: PM2 log: App [alkarrar-app:0] online
2026-09-13T12:53:02: PM2 log: App [alkarrar-app:0] exited with code [1] via signal [SIGINT]
2026-09-13T12:53:02: PM2 log: App [alkarrar-app:0] starting in -fork mode-
2026-09-13T12:53:02: PM2 log: App [alkarrar-app:0] online
2026-09-13T12:53:04: PM2 log: App [alkarrar-app:0] exited with code [1] via signal [SIGINT]
2026-09-13T12:53:04: PM2 log: App [alkarrar-app:0] starting in -fork mode-
2026-09-13T12:53:04: PM2 log: App [alkarrar-app:0] online
2026-09-13T12:53:06: PM2 log: App [alkarrar-app:0] exited with code [1] via signal [SIGINT]
2026-09-13T12:53:06: PM2 log: App [alkarrar-app:0] starting in -fork mode-
2026-09-13T12:53:06: PM2 log: App [alkarrar-app:0] online
2026-09-13T12:53:08: PM2 log: App [alkarrar-app:0] exited with code [1] via signal [SIGINT]
2026-09-13T12:53:08: PM2 log: App [alkarrar-app:0] starting in -fork mode-
2026-09-13T12:53:08: PM2 log: App [alkarrar-app:0] online
2026-09-13T12:53:09: PM2 log: App [alkarrar-app:0] exited with code [1] via signal [SIGINT]
2026-09-13T12:53:09: PM2 log: App [alkarrar-app:0] starting in -fork mode-
2026-09-13T12:53:09: PM2 log: App [alkarrar-app:0] online
2026-09-13T12:53:11: PM2 log: App [alkarrar-app:0] exited with code [1] via signal [SIGINT]
2026-09-13T12:53:11: PM2 log: App [alkarrar-app:0] starting in -fork mode-
2026-09-13T12:53:11: PM2 log: App [alkarrar-app:0] online
2026-09-13T12:53:13: PM2 log: App [alkarrar-app:0] exited with code [1] via signal [SIGINT]
2026-09-13T12:53:13: PM2 log: App [alkarrar-app:0] starting in -fork mode-
2026-09-13T12:53:13: PM2 log: App [alkarrar-app:0] online
2026-09-13T12:53:15: PM2 log: App [alkarrar-app:0] exited with code [1] via signal [SIGINT]
2026-09-13T12:53:15: PM2 log: App [alkarrar-app:0] starting in -fork mode-
2026-09-13T12:53:15: PM2 log: App [alkarrar-app:0] online
2026-09-13T12:53:17: PM2 log: App [alkarrar-app:0] exited with code [1] via signal [SIGINT]
2026-09-13T12:53:17: PM2 log: App [alkarrar-app:0] starting in -fork mode-
2026-09-13T12:53:17: PM2 log: App [alkarrar-app:0] online
2026-09-13T12:53:19: PM2 log: App [alkarrar-app:0] exited with code [1] via signal [SIGINT]
2026-09-13T12:53:19: PM2 log: App [alkarrar-app:0] starting in -fork mode-
2026-09-13T12:53:19: PM2 log: App [alkarrar-app:0] online
2026-09-13T12:53:23: PM2 log: App [alkarrar-app:0] exited with code [1] via signal [SIGINT]
2026-09-13T12:53:23: PM2 log: App [alkarrar-app:0] starting in -fork mode-
2026-09-13T12:53:23: PM2 log: App [alkarrar-app:0] online
2026-09-13T12:53:27: PM2 log: App [alkarrar-app:0] exited with code [1] via signal [SIGINT]
2026-09-13T12:53:27: PM2 log: App [alkarrar-app:0] starting in -fork mode-
2026-09-13T12:53:27: PM2 log: App [alkarrar-app:0] online
2026-09-13T12:53:31: PM2 log: App [alkarrar-app:0] exited with code [1] via signal [SIGINT]
2026-09-13T12:53:31: PM2 log: App [alkarrar-app:0] starting in -fork mode-
2026-09-13T12:53:31: PM2 log: App [alkarrar-app:0] online
2026-09-13T12:53:35: PM2 log: App [alkarrar-app:0] exited with code [1] via signal [SIGINT]
2026-09-13T12:53:35: PM2 log: App [alkarrar-app:0] starting in -fork mode-
2026-09-13T12:53:35: PM2 log: App [alkarrar-app:0] online
2026-09-13T12:53:38: PM2 log: App [alkarrar-app:0] exited with code [1] via signal [SIGINT]
2026-09-13T12:53:38: PM2 log: App [alkarrar-app:0] starting in -fork mode-
2026-09-13T12:53:38: PM2 log: App [alkarrar-app:0] online
2026-09-13T12:53:41: PM2 log: App [alkarrar-app:0] exited with code [1] via signal [SIGINT]
2026-09-13T12:53:41: PM2 log: App [alkarrar-app:0] starting in -fork mode-
2026-09-13T12:53:41: PM2 log: App [alkarrar-app:0] online
2026-09-13T12:53:44: PM2 log: Stopping app:alkarrar-app id:0
2026-09-13T12:53:44: PM2 log: pid=136956 msg=failed to kill - retrying in 100ms
2026-09-13T12:53:44: PM2 log: App [alkarrar-app:0] exited with code [130] via signal [SIGINT]
2026-09-13T12:53:44: PM2 log: pid=136956 msg=process tree killed (2 pids)
2026-09-13T12:53:44: PM2 log: App [alkarrar-app:0] starting in -fork mode-
2026-09-13T12:53:44: PM2 log: App [alkarrar-app:0] online
2026-09-13T12:53:46: PM2 log: App [alkarrar-app:0] exited with code [1] via signal [SIGINT]
2026-09-13T12:53:46: PM2 log: App [alkarrar-app:0] starting in -fork mode-
2026-09-13T12:53:46: PM2 log: App [alkarrar-app:0] online
2026-09-13T12:53:48: PM2 log: App [alkarrar-app:0] exited with code [1] via signal [SIGINT]
2026-09-13T12:53:48: PM2 log: App [alkarrar-app:0] starting in -fork mode-
2026-09-13T12:53:48: PM2 log: App [alkarrar-app:0] online
2026-09-13T12:53:49: PM2 log: App [alkarrar-app:0] exited with code [1] via signal [SIGINT]
2026-09-13T12:53:49: PM2 log: App [alkarrar-app:0] starting in -fork mode-
2026-09-13T12:53:49: PM2 log: App [alkarrar-app:0] online
2026-09-13T12:53:51: PM2 log: App [alkarrar-app:0] exited with code [1] via signal [SIGINT]
2026-09-13T12:53:51: PM2 log: App [alkarrar-app:0] starting in -fork mode-
2026-09-13T12:53:51: PM2 log: App [alkarrar-app:0] online
2026-09-13T12:53:53: PM2 log: App [alkarrar-app:0] exited with code [1] via signal [SIGINT]
2026-09-13T12:53:53: PM2 log: App [alkarrar-app:0] starting in -fork mode-
2026-09-13T12:53:53: PM2 log: App [alkarrar-app:0] online
2026-09-13T12:53:55: PM2 log: App [alkarrar-app:0] exited with code [1] via signal [SIGINT]
2026-09-13T12:53:55: PM2 log: App [alkarrar-app:0] starting in -fork mode-
2026-09-13T12:53:55: PM2 log: App [alkarrar-app:0] online
2026-09-13T12:53:57: PM2 log: App [alkarrar-app:0] exited with code [1] via signal [SIGINT]
2026-09-13T12:53:57: PM2 log: App [alkarrar-app:0] starting in -fork mode-
2026-09-13T12:53:57: PM2 log: App [alkarrar-app:0] online
2026-09-13T12:53:59: PM2 log: App [alkarrar-app:0] exited with code [1] via signal [SIGINT]
2026-09-13T12:53:59: PM2 log: App [alkarrar-app:0] starting in -fork mode-
2026-09-13T12:53:59: PM2 log: App [alkarrar-app:0] online
2026-09-13T12:54:01: PM2 log: App [alkarrar-app:0] exited with code [1] via signal [SIGINT]
2026-09-13T12:54:01: PM2 log: App [alkarrar-app:0] starting in -fork mode-
2026-09-13T12:54:01: PM2 log: App [alkarrar-app:0] online
2026-09-13T12:54:03: PM2 log: App [alkarrar-app:0] exited with code [1] via signal [SIGINT]
2026-09-13T12:54:03: PM2 log: App [alkarrar-app:0] starting in -fork mode-
2026-09-13T12:54:03: PM2 log: App [alkarrar-app:0] online
2026-09-13T12:54:05: PM2 log: App [alkarrar-app:0] exited with code [1] via signal [SIGINT]
2026-09-13T12:54:05: PM2 log: App [alkarrar-app:0] starting in -fork mode-
2026-09-13T12:54:05: PM2 log: App [alkarrar-app:0] online
2026-09-13T12:54:06: PM2 log: App [alkarrar-app:0] exited with code [1] via signal [SIGINT]
2026-09-13T12:54:06: PM2 log: App [alkarrar-app:0] starting in -fork mode-
2026-09-13T12:54:06: PM2 log: App [alkarrar-app:0] online
2026-09-13T12:54:08: PM2 log: App [alkarrar-app:0] exited with code [1] via signal [SIGINT]
2026-09-13T12:54:08: PM2 log: App [alkarrar-app:0] starting in -fork mode-
2026-09-13T12:54:08: PM2 log: App [alkarrar-app:0] online
2026-09-13T12:54:10: PM2 log: App [alkarrar-app:0] exited with code [1] via signal [SIGINT]
2026-09-13T12:54:10: PM2 log: App [alkarrar-app:0] starting in -fork mode-
2026-09-13T12:54:10: PM2 log: App [alkarrar-app:0] online
2026-09-13T12:54:12: PM2 log: App [alkarrar-app:0] exited with code [1] via signal [SIGINT]
2026-09-13T12:54:12: PM2 log: App [alkarrar-app:0] starting in -fork mode-
2026-09-13T12:54:12: PM2 log: App [alkarrar-app:0] online
2026-09-13T12:54:14: PM2 log: App [alkarrar-app:0] exited with code [1] via signal [SIGINT]
2026-09-13T12:54:14: PM2 log: App [alkarrar-app:0] starting in -fork mode-
2026-09-13T12:54:14: PM2 log: App [alkarrar-app:0] online
2026-09-13T12:54:16: PM2 log: App [alkarrar-app:0] exited with code [1] via signal [SIGINT]
2026-09-13T12:54:16: PM2 log: App [alkarrar-app:0] starting in -fork mode-
2026-09-13T12:54:16: PM2 log: App [alkarrar-app:0] online
2026-09-13T12:54:17: PM2 log: App [alkarrar-app:0] exited with code [1] via signal [SIGINT]
2026-09-13T12:54:17: PM2 log: App [alkarrar-app:0] starting in -fork mode-
2026-09-13T12:54:17: PM2 log: App [alkarrar-app:0] online
2026-09-13T12:54:19: PM2 log: App [alkarrar-app:0] exited with code [1] via signal [SIGINT]
2026-09-13T12:54:19: PM2 log: App [alkarrar-app:0] starting in -fork mode-
2026-09-13T12:54:19: PM2 log: App [alkarrar-app:0] online
2026-09-13T12:54:21: PM2 log: App [alkarrar-app:0] exited with code [1] via signal [SIGINT]
2026-09-13T12:54:21: PM2 log: App [alkarrar-app:0] starting in -fork mode-
2026-09-13T12:54:21: PM2 log: App [alkarrar-app:0] online
2026-09-13T12:54:22: PM2 log: App [alkarrar-app:0] exited with code [1] via signal [SIGINT]
2026-09-13T12:54:22: PM2 log: App [alkarrar-app:0] starting in -fork mode-
2026-09-13T12:54:22: PM2 log: App [alkarrar-app:0] online
2026-09-13T12:54:24: PM2 log: App [alkarrar-app:0] exited with code [1] via signal [SIGINT]
2026-09-13T12:54:24: PM2 log: App [alkarrar-app:0] starting in -fork mode-
2026-09-13T12:54:24: PM2 log: App [alkarrar-app:0] online
2026-09-13T12:54:26: PM2 log: App [alkarrar-app:0] exited with code [1] via signal [SIGINT]
2026-09-13T12:54:26: PM2 log: App [alkarrar-app:0] starting in -fork mode-
2026-09-13T12:54:26: PM2 log: App [alkarrar-app:0] online
2026-09-13T12:54:28: PM2 log: App [alkarrar-app:0] exited with code [1] via signal [SIGINT]
2026-09-13T12:54:28: PM2 log: App [alkarrar-app:0] starting in -fork mode-
2026-09-13T12:54:28: PM2 log: App [alkarrar-app:0] online
2026-09-13T12:54:30: PM2 log: App [alkarrar-app:0] exited with code [1] via signal [SIGINT]
2026-09-13T12:54:30: PM2 log: App [alkarrar-app:0] starting in -fork mode-
2026-09-13T12:54:30: PM2 log: App [alkarrar-app:0] online
2026-09-13T12:54:32: PM2 log: App [alkarrar-app:0] exited with code [1] via signal [SIGINT]
2026-09-13T12:54:32: PM2 log: App [alkarrar-app:0] starting in -fork mode-
2026-09-13T12:54:32: PM2 log: App [alkarrar-app:0] online
2026-09-13T12:54:33: PM2 log: App [alkarrar-app:0] exited with code [1] via signal [SIGINT]
2026-09-13T12:54:33: PM2 log: App [alkarrar-app:0] starting in -fork mode-
2026-09-13T12:54:33: PM2 log: App [alkarrar-app:0] online
2026-09-13T12:54:35: PM2 log: App [alkarrar-app:0] exited with code [1] via signal [SIGINT]
2026-09-13T12:54:35: PM2 log: App [alkarrar-app:0] starting in -fork mode-
2026-09-13T12:54:35: PM2 log: App [alkarrar-app:0] online
2026-09-13T12:54:37: PM2 log: App [alkarrar-app:0] exited with code [1] via signal [SIGINT]
2026-09-13T12:54:37: PM2 log: App [alkarrar-app:0] starting in -fork mode-
2026-09-13T12:54:37: PM2 log: App [alkarrar-app:0] online
2026-09-13T12:54:39: PM2 log: App [alkarrar-app:0] exited with code [1] via signal [SIGINT]
2026-09-13T12:54:39: PM2 log: App [alkarrar-app:0] starting in -fork mode-
2026-09-13T12:54:39: PM2 log: App [alkarrar-app:0] online
2026-09-13T12:54:41: PM2 log: App [alkarrar-app:0] exited with code [1] via signal [SIGINT]
2026-09-13T12:54:41: PM2 log: App [alkarrar-app:0] starting in -fork mode-
2026-09-13T12:54:41: PM2 log: App [alkarrar-app:0] online
2026-09-13T12:54:42: PM2 log: App [alkarrar-app:0] exited with code [1] via signal [SIGINT]
2026-09-13T12:54:42: PM2 log: App [alkarrar-app:0] starting in -fork mode-
2026-09-13T12:54:42: PM2 log: App [alkarrar-app:0] online
2026-09-13T12:54:44: PM2 log: App [alkarrar-app:0] exited with code [1] via signal [SIGINT]
2026-09-13T12:54:44: PM2 log: App [alkarrar-app:0] starting in -fork mode-
2026-09-13T12:54:44: PM2 log: App [alkarrar-app:0] online
2026-09-13T12:54:46: PM2 log: App [alkarrar-app:0] exited with code [1] via signal [SIGINT]
2026-09-13T12:54:46: PM2 log: App [alkarrar-app:0] starting in -fork mode-
2026-09-13T12:54:46: PM2 log: App [alkarrar-app:0] online
2026-09-13T12:54:48: PM2 log: App [alkarrar-app:0] exited with code [1] via signal [SIGINT]
2026-09-13T12:54:48: PM2 log: App [alkarrar-app:0] starting in -fork mode-
2026-09-13T12:54:48: PM2 log: App [alkarrar-app:0] online
2026-09-13T12:54:49: PM2 log: App [alkarrar-app:0] exited with code [1] via signal [SIGINT]
2026-09-13T12:54:49: PM2 log: App [alkarrar-app:0] starting in -fork mode-
2026-09-13T12:54:49: PM2 log: App [alkarrar-app:0] online
2026-09-13T12:54:51: PM2 log: App [alkarrar-app:0] exited with code [1] via signal [SIGINT]
2026-09-13T12:54:51: PM2 log: App [alkarrar-app:0] starting in -fork mode-
2026-09-13T12:54:51: PM2 log: App [alkarrar-app:0] online
2026-09-13T12:54:53: PM2 log: App [alkarrar-app:0] exited with code [1] via signal [SIGINT]
2026-09-13T12:54:53: PM2 log: App [alkarrar-app:0] starting in -fork mode-
2026-09-13T12:54:53: PM2 log: App [alkarrar-app:0] online
2026-09-13T12:54:55: PM2 log: App [alkarrar-app:0] exited with code [1] via signal [SIGINT]
2026-09-13T12:54:55: PM2 log: App [alkarrar-app:0] starting in -fork mode-
2026-09-13T12:54:55: PM2 log: App [alkarrar-app:0] online
2026-09-13T12:54:57: PM2 log: App [alkarrar-app:0] exited with code [1] via signal [SIGINT]
2026-09-13T12:54:57: PM2 log: App [alkarrar-app:0] starting in -fork mode-
2026-09-13T12:54:57: PM2 log: App [alkarrar-app:0] online
2026-09-13T12:54:58: PM2 log: App [alkarrar-app:0] exited with code [1] via signal [SIGINT]
2026-09-13T12:54:58: PM2 log: App [alkarrar-app:0] starting in -fork mode-
2026-09-13T12:54:58: PM2 log: App [alkarrar-app:0] online
2026-09-13T12:55:00: PM2 log: App [alkarrar-app:0] exited with code [1] via signal [SIGINT]
2026-09-13T12:55:00: PM2 log: App [alkarrar-app:0] starting in -fork mode-
2026-09-13T12:55:00: PM2 log: App [alkarrar-app:0] online
2026-09-13T12:55:02: PM2 log: App [alkarrar-app:0] exited with code [1] via signal [SIGINT]
2026-09-13T12:55:02: PM2 log: App [alkarrar-app:0] starting in -fork mode-
2026-09-13T12:55:02: PM2 log: App [alkarrar-app:0] online
2026-09-13T12:55:05: PM2 log: App [alkarrar-app:0] exited with code [1] via signal [SIGINT]
2026-09-13T12:55:05: PM2 log: App [alkarrar-app:0] starting in -fork mode-
2026-09-13T12:55:05: PM2 log: App [alkarrar-app:0] online
2026-09-13T12:55:07: PM2 log: App [alkarrar-app:0] exited with code [1] via signal [SIGINT]
2026-09-13T12:55:07: PM2 log: App [alkarrar-app:0] starting in -fork mode-
2026-09-13T12:55:07: PM2 log: App [alkarrar-app:0] online
2026-09-13T12:55:09: PM2 log: App [alkarrar-app:0] exited with code [1] via signal [SIGINT]
2026-09-13T12:55:09: PM2 log: App [alkarrar-app:0] starting in -fork mode-
2026-09-13T12:55:09: PM2 log: App [alkarrar-app:0] online
2026-09-13T12:55:11: PM2 log: App [alkarrar-app:0] exited with code [1] via signal [SIGINT]
2026-09-13T12:55:11: PM2 log: App [alkarrar-app:0] starting in -fork mode-
2026-09-13T12:55:11: PM2 log: App [alkarrar-app:0] online
2026-09-13T12:55:13: PM2 log: App [alkarrar-app:0] exited with code [1] via signal [SIGINT]
2026-09-13T12:55:13: PM2 log: App [alkarrar-app:0] starting in -fork mode-
2026-09-13T12:55:13: PM2 log: App [alkarrar-app:0] online
2026-09-13T12:55:15: PM2 log: App [alkarrar-app:0] exited with code [1] via signal [SIGINT]
2026-09-13T12:55:15: PM2 log: App [alkarrar-app:0] starting in -fork mode-
2026-09-13T12:55:15: PM2 log: App [alkarrar-app:0] online
2026-09-13T12:55:16: PM2 log: App [alkarrar-app:0] exited with code [1] via signal [SIGINT]
2026-09-13T12:55:16: PM2 log: App [alkarrar-app:0] starting in -fork mode-
2026-09-13T12:55:16: PM2 log: App [alkarrar-app:0] online
2026-09-13T12:55:18: PM2 log: App [alkarrar-app:0] exited with code [1] via signal [SIGINT]
2026-09-13T12:55:18: PM2 log: App [alkarrar-app:0] starting in -fork mode-
2026-09-13T12:55:18: PM2 log: App [alkarrar-app:0] online
2026-09-13T12:55:20: PM2 log: App [alkarrar-app:0] exited with code [1] via signal [SIGINT]
2026-09-13T12:55:20: PM2 log: App [alkarrar-app:0] starting in -fork mode-
2026-09-13T12:55:20: PM2 log: App [alkarrar-app:0] online
2026-09-13T12:55:22: PM2 log: App [alkarrar-app:0] exited with code [1] via signal [SIGINT]
2026-09-13T12:55:22: PM2 log: App [alkarrar-app:0] starting in -fork mode-
2026-09-13T12:55:22: PM2 log: App [alkarrar-app:0] online
2026-09-13T12:55:23: PM2 log: App [alkarrar-app:0] exited with code [1] via signal [SIGINT]
2026-09-13T12:55:23: PM2 log: App [alkarrar-app:0] starting in -fork mode-
2026-09-13T12:55:23: PM2 log: App [alkarrar-app:0] online
2026-09-13T12:55:26: PM2 log: App [alkarrar-app:0] exited with code [1] via signal [SIGINT]
2026-09-13T12:55:26: PM2 log: App [alkarrar-app:0] starting in -fork mode-
2026-09-13T12:55:26: PM2 log: App [alkarrar-app:0] online
2026-09-13T12:55:28: PM2 log: App [alkarrar-app:0] exited with code [1] via signal [SIGINT]
2026-09-13T12:55:28: PM2 log: App [alkarrar-app:0] starting in -fork mode-
2026-09-13T12:55:28: PM2 log: App [alkarrar-app:0] online
2026-09-13T12:55:30: PM2 log: App [alkarrar-app:0] exited with code [1] via signal [SIGINT]
2026-09-13T12:55:30: PM2 log: App [alkarrar-app:0] starting in -fork mode-
2026-09-13T12:55:30: PM2 log: App [alkarrar-app:0] online
2026-09-13T12:55:31: PM2 log: App [alkarrar-app:0] exited with code [1] via signal [SIGINT]
2026-09-13T12:55:31: PM2 log: App [alkarrar-app:0] starting in -fork mode-
2026-09-13T12:55:31: PM2 log: App [alkarrar-app:0] online
2026-09-13T12:55:33: PM2 log: App [alkarrar-app:0] exited with code [1] via signal [SIGINT]
2026-09-13T12:55:33: PM2 log: App [alkarrar-app:0] starting in -fork mode-
2026-09-13T12:55:33: PM2 log: App [alkarrar-app:0] online
2026-09-13T12:55:35: PM2 log: App [alkarrar-app:0] exited with code [1] via signal [SIGINT]
2026-09-13T12:55:35: PM2 log: App [alkarrar-app:0] starting in -fork mode-
2026-09-13T12:55:35: PM2 log: App [alkarrar-app:0] online
2026-09-13T12:55:37: PM2 log: App [alkarrar-app:0] exited with code [1] via signal [SIGINT]
2026-09-13T12:55:37: PM2 log: App [alkarrar-app:0] starting in -fork mode-
2026-09-13T12:55:37: PM2 log: App [alkarrar-app:0] online
2026-09-13T12:55:38: PM2 log: App [alkarrar-app:0] exited with code [1] via signal [SIGINT]
2026-09-13T12:55:38: PM2 log: App [alkarrar-app:0] starting in -fork mode-
2026-09-13T12:55:38: PM2 log: App [alkarrar-app:0] online
2026-09-13T12:55:40: PM2 log: App [alkarrar-app:0] exited with code [1] via signal [SIGINT]
2026-09-13T12:55:40: PM2 log: App [alkarrar-app:0] starting in -fork mode-
2026-09-13T12:55:40: PM2 log: App [alkarrar-app:0] online
2026-09-13T12:55:42: PM2 log: App [alkarrar-app:0] exited with code [1] via signal [SIGINT]
2026-09-13T12:55:42: PM2 log: App [alkarrar-app:0] starting in -fork mode-
2026-09-13T12:55:42: PM2 log: App [alkarrar-app:0] online
2026-09-13T12:55:44: PM2 log: App [alkarrar-app:0] exited with code [1] via signal [SIGINT]
2026-09-13T12:55:44: PM2 log: App [alkarrar-app:0] starting in -fork mode-
2026-09-13T12:55:44: PM2 log: App [alkarrar-app:0] online
2026-09-13T12:55:46: PM2 log: App [alkarrar-app:0] exited with code [1] via signal [SIGINT]
2026-09-13T12:55:46: PM2 log: App [alkarrar-app:0] starting in -fork mode-
2026-09-13T12:55:46: PM2 log: App [alkarrar-app:0] online
2026-09-13T12:55:48: PM2 log: App [alkarrar-app:0] exited with code [1] via signal [SIGINT]
2026-09-13T12:55:48: PM2 log: App [alkarrar-app:0] starting in -fork mode-
2026-09-13T12:55:48: PM2 log: App [alkarrar-app:0] online
2026-09-13T12:55:50: PM2 log: App [alkarrar-app:0] exited with code [1] via signal [SIGINT]
2026-09-13T12:55:50: PM2 log: App [alkarrar-app:0] starting in -fork mode-
2026-09-13T12:55:50: PM2 log: App [alkarrar-app:0] online
2026-09-13T12:55:51: PM2 log: App [alkarrar-app:0] exited with code [1] via signal [SIGINT]
2026-09-13T12:55:51: PM2 log: App [alkarrar-app:0] starting in -fork mode-
2026-09-13T12:55:51: PM2 log: App [alkarrar-app:0] online
2026-09-13T12:55:53: PM2 log: App [alkarrar-app:0] exited with code [1] via signal [SIGINT]
2026-09-13T12:55:53: PM2 log: App [alkarrar-app:0] starting in -fork mode-
2026-09-13T12:55:53: PM2 log: App [alkarrar-app:0] online
2026-09-13T12:55:55: PM2 log: App [alkarrar-app:0] exited with code [1] via signal [SIGINT]
2026-09-13T12:55:55: PM2 log: App [alkarrar-app:0] starting in -fork mode-
2026-09-13T12:55:55: PM2 log: App [alkarrar-app:0] online
2026-09-13T12:55:58: PM2 log: App [alkarrar-app:0] exited with code [1] via signal [SIGINT]
2026-09-13T12:55:58: PM2 log: App [alkarrar-app:0] starting in -fork mode-
2026-09-13T12:55:58: PM2 log: App [alkarrar-app:0] online
2026-09-13T12:56:00: PM2 log: App [alkarrar-app:0] exited with code [1] via signal [SIGINT]
2026-09-13T12:56:00: PM2 log: App [alkarrar-app:0] starting in -fork mode-
2026-09-13T12:56:00: PM2 log: App [alkarrar-app:0] online
2026-09-13T12:56:02: PM2 log: App [alkarrar-app:0] exited with code [1] via signal [SIGINT]
2026-09-13T12:56:02: PM2 log: App [alkarrar-app:0] starting in -fork mode-
2026-09-13T12:56:02: PM2 log: App [alkarrar-app:0] online
2026-09-13T12:56:04: PM2 log: App [alkarrar-app:0] exited with code [1] via signal [SIGINT]
2026-09-13T12:56:04: PM2 log: App [alkarrar-app:0] starting in -fork mode-
2026-09-13T12:56:04: PM2 log: App [alkarrar-app:0] online
2026-09-13T12:56:06: PM2 log: App [alkarrar-app:0] exited with code [1] via signal [SIGINT]
2026-09-13T12:56:06: PM2 log: App [alkarrar-app:0] starting in -fork mode-
2026-09-13T12:56:06: PM2 log: App [alkarrar-app:0] online
2026-09-13T12:56:08: PM2 log: App [alkarrar-app:0] exited with code [1] via signal [SIGINT]
2026-09-13T12:56:08: PM2 log: App [alkarrar-app:0] starting in -fork mode-
2026-09-13T12:56:08: PM2 log: App [alkarrar-app:0] online
2026-09-13T12:56:10: PM2 log: App [alkarrar-app:0] exited with code [1] via signal [SIGINT]
2026-09-13T12:56:10: PM2 log: App [alkarrar-app:0] starting in -fork mode-
2026-09-13T12:56:10: PM2 log: App [alkarrar-app:0] online
2026-09-13T12:56:12: PM2 log: App [alkarrar-app:0] exited with code [1] via signal [SIGINT]
2026-09-13T12:56:12: PM2 log: App [alkarrar-app:0] starting in -fork mode-
2026-09-13T12:56:12: PM2 log: App [alkarrar-app:0] online
2026-09-13T12:56:14: PM2 log: App [alkarrar-app:0] exited with code [1] via signal [SIGINT]
2026-09-13T12:56:14: PM2 log: App [alkarrar-app:0] starting in -fork mode-
2026-09-13T12:56:14: PM2 log: App [alkarrar-app:0] online
2026-09-13T12:56:16: PM2 log: App [alkarrar-app:0] exited with code [1] via signal [SIGINT]
2026-09-13T12:56:16: PM2 log: App [alkarrar-app:0] starting in -fork mode-
2026-09-13T12:56:16: PM2 log: App [alkarrar-app:0] online
2026-09-13T12:56:18: PM2 log: App [alkarrar-app:0] exited with code [1] via signal [SIGINT]
2026-09-13T12:56:18: PM2 log: App [alkarrar-app:0] starting in -fork mode-
2026-09-13T12:56:18: PM2 log: App [alkarrar-app:0] online
2026-09-13T12:56:19: PM2 log: App [alkarrar-app:0] exited with code [1] via signal [SIGINT]
2026-09-13T12:56:19: PM2 log: App [alkarrar-app:0] starting in -fork mode-
2026-09-13T12:56:19: PM2 log: App [alkarrar-app:0] online
2026-09-13T12:56:21: PM2 log: App [alkarrar-app:0] exited with code [1] via signal [SIGINT]
2026-09-13T12:56:21: PM2 log: App [alkarrar-app:0] starting in -fork mode-
2026-09-13T12:56:21: PM2 log: App [alkarrar-app:0] online
2026-09-13T12:56:23: PM2 log: App [alkarrar-app:0] exited with code [1] via signal [SIGINT]
2026-09-13T12:56:23: PM2 log: App [alkarrar-app:0] starting in -fork mode-
2026-09-13T12:56:23: PM2 log: App [alkarrar-app:0] online
2026-09-13T12:56:25: PM2 log: App [alkarrar-app:0] exited with code [1] via signal [SIGINT]
2026-09-13T12:56:25: PM2 log: App [alkarrar-app:0] starting in -fork mode-
2026-09-13T12:56:25: PM2 log: App [alkarrar-app:0] online
2026-09-13T12:56:28: PM2 log: App [alkarrar-app:0] exited with code [1] via signal [SIGINT]
2026-09-13T12:56:28: PM2 log: App [alkarrar-app:0] starting in -fork mode-
2026-09-13T12:56:28: PM2 log: App [alkarrar-app:0] online
2026-09-13T12:56:30: PM2 log: App [alkarrar-app:0] exited with code [1] via signal [SIGINT]
2026-09-13T12:56:30: PM2 log: App [alkarrar-app:0] starting in -fork mode-
2026-09-13T12:56:30: PM2 log: App [alkarrar-app:0] online
2026-09-13T12:56:32: PM2 log: App [alkarrar-app:0] exited with code [1] via signal [SIGINT]
2026-09-13T12:56:32: PM2 log: App [alkarrar-app:0] starting in -fork mode-
2026-09-13T12:56:32: PM2 log: App [alkarrar-app:0] online
2026-09-13T12:56:34: PM2 log: App [alkarrar-app:0] exited with code [1] via signal [SIGINT]
2026-09-13T12:56:34: PM2 log: App [alkarrar-app:0] starting in -fork mode-
2026-09-13T12:56:34: PM2 log: App [alkarrar-app:0] online
2026-09-13T12:56:36: PM2 log: App [alkarrar-app:0] exited with code [1] via signal [SIGINT]
2026-09-13T12:56:36: PM2 log: App [alkarrar-app:0] starting in -fork mode-
2026-09-13T12:56:36: PM2 log: App [alkarrar-app:0] online
2026-09-13T12:56:38: PM2 log: App [alkarrar-app:0] exited with code [1] via signal [SIGINT]
2026-09-13T12:56:38: PM2 log: App [alkarrar-app:0] starting in -fork mode-
2026-09-13T12:56:38: PM2 log: App [alkarrar-app:0] online
2026-09-13T12:56:40: PM2 log: App [alkarrar-app:0] exited with code [1] via signal [SIGINT]
2026-09-13T12:56:40: PM2 log: App [alkarrar-app:0] starting in -fork mode-
2026-09-13T12:56:40: PM2 log: App [alkarrar-app:0] online
2026-09-13T12:56:42: PM2 log: App [alkarrar-app:0] exited with code [1] via signal [SIGINT]
2026-09-13T12:56:42: PM2 log: App [alkarrar-app:0] starting in -fork mode-
2026-09-13T12:56:42: PM2 log: App [alkarrar-app:0] online
2026-09-13T12:56:44: PM2 log: Stopping app:alkarrar-app id:0
2026-09-13T12:56:44: PM2 log: App [alkarrar-app:0] exited with code [130] via signal [SIGINT]
2026-09-13T12:56:44: PM2 log: pid=139171 msg=process tree killed (2 pids)
2026-09-13T12:56:44: PM2 log: App [alkarrar-app:0] starting in -fork mode-
2026-09-13T12:56:44: PM2 log: App [alkarrar-app:0] online
2026-09-13T12:56:46: PM2 log: App [alkarrar-app:0] exited with code [1] via signal [SIGINT]
2026-09-13T12:56:46: PM2 log: App [alkarrar-app:0] starting in -fork mode-
2026-09-13T12:56:46: PM2 log: App [alkarrar-app:0] online
2026-09-13T12:56:48: PM2 log: App [alkarrar-app:0] exited with code [1] via signal [SIGINT]
2026-09-13T12:56:48: PM2 log: App [alkarrar-app:0] starting in -fork mode-
2026-09-13T12:56:48: PM2 log: App [alkarrar-app:0] online
2026-09-13T12:56:50: PM2 log: App [alkarrar-app:0] exited with code [1] via signal [SIGINT]
2026-09-13T12:56:50: PM2 log: App [alkarrar-app:0] starting in -fork mode-
2026-09-13T12:56:50: PM2 log: App [alkarrar-app:0] online
2026-09-13T12:56:52: PM2 log: App [alkarrar-app:0] exited with code [1] via signal [SIGINT]
2026-09-13T12:56:52: PM2 log: App [alkarrar-app:0] starting in -fork mode-
2026-09-13T12:56:52: PM2 log: App [alkarrar-app:0] online
2026-09-13T12:56:54: PM2 log: App [alkarrar-app:0] exited with code [1] via signal [SIGINT]
2026-09-13T12:56:54: PM2 log: App [alkarrar-app:0] starting in -fork mode-
2026-09-13T12:56:54: PM2 log: App [alkarrar-app:0] online
2026-09-13T12:56:56: PM2 log: App [alkarrar-app:0] exited with code [1] via signal [SIGINT]
2026-09-13T12:56:56: PM2 log: App [alkarrar-app:0] starting in -fork mode-
2026-09-13T12:56:56: PM2 log: App [alkarrar-app:0] online
2026-09-13T12:56:58: PM2 log: App [alkarrar-app:0] exited with code [1] via signal [SIGINT]
2026-09-13T12:56:58: PM2 log: App [alkarrar-app:0] starting in -fork mode-
2026-09-13T12:56:58: PM2 log: App [alkarrar-app:0] online
2026-09-13T12:57:00: PM2 log: App [alkarrar-app:0] exited with code [1] via signal [SIGINT]
2026-09-13T12:57:00: PM2 log: App [alkarrar-app:0] starting in -fork mode-
2026-09-13T12:57:00: PM2 log: App [alkarrar-app:0] online
2026-09-13T12:57:03: PM2 log: App [alkarrar-app:0] exited with code [1] via signal [SIGINT]
2026-09-13T12:57:03: PM2 log: App [alkarrar-app:0] starting in -fork mode-
2026-09-13T12:57:03: PM2 log: App [alkarrar-app:0] online
2026-09-13T12:57:04: PM2 log: App [alkarrar-app:0] exited with code [1] via signal [SIGINT]
2026-09-13T12:57:04: PM2 log: App [alkarrar-app:0] starting in -fork mode-
2026-09-13T12:57:04: PM2 log: App [alkarrar-app:0] online
2026-09-13T12:57:06: PM2 log: App [alkarrar-app:0] exited with code [1] via signal [SIGINT]
2026-09-13T12:57:06: PM2 log: App [alkarrar-app:0] starting in -fork mode-
2026-09-13T12:57:06: PM2 log: App [alkarrar-app:0] online
2026-09-13T12:57:08: PM2 log: App [alkarrar-app:0] exited with code [1] via signal [SIGINT]
2026-09-13T12:57:08: PM2 log: App [alkarrar-app:0] starting in -fork mode-
2026-09-13T12:57:08: PM2 log: App [alkarrar-app:0] online
2026-09-13T12:57:10: PM2 log: App [alkarrar-app:0] exited with code [1] via signal [SIGINT]
2026-09-13T12:57:10: PM2 log: App [alkarrar-app:0] starting in -fork mode-
2026-09-13T12:57:10: PM2 log: App [alkarrar-app:0] online
2026-09-13T12:57:11: PM2 log: App [alkarrar-app:0] exited with code [1] via signal [SIGINT]
2026-09-13T12:57:11: PM2 log: App [alkarrar-app:0] starting in -fork mode-
2026-09-13T12:57:11: PM2 log: App [alkarrar-app:0] online
2026-09-13T12:57:13: PM2 log: App [alkarrar-app:0] exited with code [1] via signal [SIGINT]
2026-09-13T12:57:13: PM2 log: App [alkarrar-app:0] starting in -fork mode-
2026-09-13T12:57:13: PM2 log: App [alkarrar-app:0] online
2026-09-13T12:57:15: PM2 log: App [alkarrar-app:0] exited with code [1] via signal [SIGINT]
2026-09-13T12:57:15: PM2 log: App [alkarrar-app:0] starting in -fork mode-
2026-09-13T12:57:15: PM2 log: App [alkarrar-app:0] online
2026-09-13T12:57:17: PM2 log: App [alkarrar-app:0] exited with code [1] via signal [SIGINT]
2026-09-13T12:57:17: PM2 log: App [alkarrar-app:0] starting in -fork mode-
2026-09-13T12:57:17: PM2 log: App [alkarrar-app:0] online
2026-09-13T12:57:18: PM2 log: App [alkarrar-app:0] exited with code [1] via signal [SIGINT]
2026-09-13T12:57:18: PM2 log: App [alkarrar-app:0] starting in -fork mode-
2026-09-13T12:57:18: PM2 log: App [alkarrar-app:0] online
2026-09-13T12:57:20: PM2 log: App [alkarrar-app:0] exited with code [1] via signal [SIGINT]
2026-09-13T12:57:20: PM2 log: App [alkarrar-app:0] starting in -fork mode-
2026-09-13T12:57:20: PM2 log: App [alkarrar-app:0] online
2026-09-13T12:57:22: PM2 log: App [alkarrar-app:0] exited with code [1] via signal [SIGINT]
2026-09-13T12:57:22: PM2 log: App [alkarrar-app:0] starting in -fork mode-
2026-09-13T12:57:22: PM2 log: App [alkarrar-app:0] online
2026-09-13T12:57:24: PM2 log: App [alkarrar-app:0] exited with code [1] via signal [SIGINT]
2026-09-13T12:57:24: PM2 log: App [alkarrar-app:0] starting in -fork mode-
2026-09-13T12:57:24: PM2 log: App [alkarrar-app:0] online
2026-09-13T12:57:26: PM2 log: App [alkarrar-app:0] exited with code [1] via signal [SIGINT]
2026-09-13T12:57:26: PM2 log: App [alkarrar-app:0] starting in -fork mode-
2026-09-13T12:57:26: PM2 log: App [alkarrar-app:0] online
2026-09-13T12:57:27: PM2 log: App [alkarrar-app:0] exited with code [1] via signal [SIGINT]
2026-09-13T12:57:27: PM2 log: App [alkarrar-app:0] starting in -fork mode-
2026-09-13T12:57:27: PM2 log: App [alkarrar-app:0] online
2026-09-13T12:57:29: PM2 log: App [alkarrar-app:0] exited with code [1] via signal [SIGINT]
2026-09-13T12:57:29: PM2 log: App [alkarrar-app:0] starting in -fork mode-
2026-09-13T12:57:29: PM2 log: App [alkarrar-app:0] online
2026-09-13T12:57:31: PM2 log: App [alkarrar-app:0] exited with code [1] via signal [SIGINT]
2026-09-13T12:57:31: PM2 log: App [alkarrar-app:0] starting in -fork mode-
2026-09-13T12:57:31: PM2 log: App [alkarrar-app:0] online
2026-09-13T12:57:32: PM2 log: App [alkarrar-app:0] exited with code [1] via signal [SIGINT]
2026-09-13T12:57:32: PM2 log: App [alkarrar-app:0] starting in -fork mode-
2026-09-13T12:57:32: PM2 log: App [alkarrar-app:0] online
2026-09-13T12:57:34: PM2 log: App [alkarrar-app:0] exited with code [1] via signal [SIGINT]
2026-09-13T12:57:34: PM2 log: App [alkarrar-app:0] starting in -fork mode-
2026-09-13T12:57:34: PM2 log: App [alkarrar-app:0] online
2026-09-13T12:57:36: PM2 log: App [alkarrar-app:0] exited with code [1] via signal [SIGINT]
2026-09-13T12:57:36: PM2 log: App [alkarrar-app:0] starting in -fork mode-
2026-09-13T12:57:36: PM2 log: App [alkarrar-app:0] online
2026-09-13T12:57:37: PM2 log: App [alkarrar-app:0] exited with code [1] via signal [SIGINT]
2026-09-13T12:57:37: PM2 log: App [alkarrar-app:0] starting in -fork mode-
2026-09-13T12:57:37: PM2 log: App [alkarrar-app:0] online
2026-09-13T12:57:39: PM2 log: App [alkarrar-app:0] exited with code [1] via signal [SIGINT]
2026-09-13T12:57:39: PM2 log: App [alkarrar-app:0] starting in -fork mode-
2026-09-13T12:57:39: PM2 log: App [alkarrar-app:0] online
2026-09-13T12:57:41: PM2 log: App [alkarrar-app:0] exited with code [1] via signal [SIGINT]
2026-09-13T12:57:41: PM2 log: App [alkarrar-app:0] starting in -fork mode-
2026-09-13T12:57:41: PM2 log: App [alkarrar-app:0] online
2026-09-13T12:57:42: PM2 log: App [alkarrar-app:0] exited with code [1] via signal [SIGINT]
2026-09-13T12:57:42: PM2 log: App [alkarrar-app:0] starting in -fork mode-
2026-09-13T12:57:42: PM2 log: App [alkarrar-app:0] online
2026-09-13T12:57:44: PM2 log: App [alkarrar-app:0] exited with code [1] via signal [SIGINT]
2026-09-13T12:57:44: PM2 log: App [alkarrar-app:0] starting in -fork mode-
2026-09-13T12:57:44: PM2 log: App [alkarrar-app:0] online
2026-09-13T12:57:46: PM2 log: App [alkarrar-app:0] exited with code [1] via signal [SIGINT]
2026-09-13T12:57:46: PM2 log: App [alkarrar-app:0] starting in -fork mode-
2026-09-13T12:57:46: PM2 log: App [alkarrar-app:0] online
2026-09-13T12:57:48: PM2 log: App [alkarrar-app:0] exited with code [1] via signal [SIGINT]
2026-09-13T12:57:48: PM2 log: App [alkarrar-app:0] starting in -fork mode-
2026-09-13T12:57:48: PM2 log: App [alkarrar-app:0] online
2026-09-13T12:57:49: PM2 log: App [alkarrar-app:0] exited with code [1] via signal [SIGINT]
2026-09-13T12:57:49: PM2 log: App [alkarrar-app:0] starting in -fork mode-
2026-09-13T12:57:49: PM2 log: App [alkarrar-app:0] online
2026-09-13T12:57:51: PM2 log: App [alkarrar-app:0] exited with code [1] via signal [SIGINT]
2026-09-13T12:57:51: PM2 log: App [alkarrar-app:0] starting in -fork mode-
2026-09-13T12:57:51: PM2 log: App [alkarrar-app:0] online
2026-09-13T12:57:53: PM2 log: App [alkarrar-app:0] exited with code [1] via signal [SIGINT]
2026-09-13T12:57:53: PM2 log: App [alkarrar-app:0] starting in -fork mode-
2026-09-13T12:57:53: PM2 log: App [alkarrar-app:0] online
2026-09-13T12:57:55: PM2 log: App [alkarrar-app:0] exited with code [1] via signal [SIGINT]
2026-09-13T12:57:55: PM2 log: App [alkarrar-app:0] starting in -fork mode-
2026-09-13T12:57:55: PM2 log: App [alkarrar-app:0] online
2026-09-13T12:57:57: PM2 log: App [alkarrar-app:0] exited with code [1] via signal [SIGINT]
2026-09-13T12:57:57: PM2 log: App [alkarrar-app:0] starting in -fork mode-
2026-09-13T12:57:57: PM2 log: App [alkarrar-app:0] online
2026-09-13T12:57:58: PM2 log: App [alkarrar-app:0] exited with code [1] via signal [SIGINT]
2026-09-13T12:57:58: PM2 log: App [alkarrar-app:0] starting in -fork mode-
2026-09-13T12:57:58: PM2 log: App [alkarrar-app:0] online
2026-09-13T12:58:00: PM2 log: App [alkarrar-app:0] exited with code [1] via signal [SIGINT]
2026-09-13T12:58:00: PM2 log: App [alkarrar-app:0] starting in -fork mode-
2026-09-13T12:58:00: PM2 log: App [alkarrar-app:0] online
2026-09-13T12:58:03: PM2 log: App [alkarrar-app:0] exited with code [1] via signal [SIGINT]
2026-09-13T12:58:03: PM2 log: App [alkarrar-app:0] starting in -fork mode-
2026-09-13T12:58:03: PM2 log: App [alkarrar-app:0] online
2026-09-13T12:58:05: PM2 log: App [alkarrar-app:0] exited with code [1] via signal [SIGINT]
2026-09-13T12:58:05: PM2 log: App [alkarrar-app:0] starting in -fork mode-
2026-09-13T12:58:05: PM2 log: App [alkarrar-app:0] online
2026-09-13T12:58:06: PM2 log: App [alkarrar-app:0] exited with code [1] via signal [SIGINT]
2026-09-13T12:58:06: PM2 log: App [alkarrar-app:0] starting in -fork mode-
2026-09-13T12:58:07: PM2 log: App [alkarrar-app:0] online
2026-09-13T12:58:08: PM2 log: App [alkarrar-app:0] exited with code [1] via signal [SIGINT]
2026-09-13T12:58:08: PM2 log: App [alkarrar-app:0] starting in -fork mode-
2026-09-13T12:58:08: PM2 log: App [alkarrar-app:0] online
2026-09-13T12:58:10: PM2 log: App [alkarrar-app:0] exited with code [1] via signal [SIGINT]
2026-09-13T12:58:10: PM2 log: App [alkarrar-app:0] starting in -fork mode-
2026-09-13T12:58:10: PM2 log: App [alkarrar-app:0] online
2026-09-13T12:58:12: PM2 log: App [alkarrar-app:0] exited with code [1] via signal [SIGINT]
2026-09-13T12:58:12: PM2 log: App [alkarrar-app:0] starting in -fork mode-
2026-09-13T12:58:12: PM2 log: App [alkarrar-app:0] online
2026-09-13T12:58:13: PM2 log: App [alkarrar-app:0] exited with code [1] via signal [SIGINT]
2026-09-13T12:58:13: PM2 log: App [alkarrar-app:0] starting in -fork mode-
2026-09-13T12:58:13: PM2 log: App [alkarrar-app:0] online
2026-09-13T12:58:15: PM2 log: App [alkarrar-app:0] exited with code [1] via signal [SIGINT]
2026-09-13T12:58:15: PM2 log: App [alkarrar-app:0] starting in -fork mode-
2026-09-13T12:58:15: PM2 log: App [alkarrar-app:0] online
2026-09-13T12:58:17: PM2 log: App [alkarrar-app:0] exited with code [1] via signal [SIGINT]
2026-09-13T12:58:17: PM2 log: App [alkarrar-app:0] starting in -fork mode-
2026-09-13T12:58:17: PM2 log: App [alkarrar-app:0] online
2026-09-13T12:58:19: PM2 log: App [alkarrar-app:0] exited with code [1] via signal [SIGINT]
2026-09-13T12:58:19: PM2 log: App [alkarrar-app:0] starting in -fork mode-
2026-09-13T12:58:19: PM2 log: App [alkarrar-app:0] online
2026-09-13T12:58:20: PM2 log: App [alkarrar-app:0] exited with code [1] via signal [SIGINT]
2026-09-13T12:58:20: PM2 log: App [alkarrar-app:0] starting in -fork mode-
2026-09-13T12:58:20: PM2 log: App [alkarrar-app:0] online
2026-09-13T12:58:22: PM2 log: App [alkarrar-app:0] exited with code [1] via signal [SIGINT]
2026-09-13T12:58:22: PM2 log: App [alkarrar-app:0] starting in -fork mode-
2026-09-13T12:58:22: PM2 log: App [alkarrar-app:0] online
2026-09-13T12:58:24: PM2 log: App [alkarrar-app:0] exited with code [1] via signal [SIGINT]
2026-09-13T12:58:24: PM2 log: App [alkarrar-app:0] starting in -fork mode-
2026-09-13T12:58:24: PM2 log: App [alkarrar-app:0] online
2026-09-13T12:58:26: PM2 log: App [alkarrar-app:0] exited with code [1] via signal [SIGINT]
2026-09-13T12:58:26: PM2 log: App [alkarrar-app:0] starting in -fork mode-
2026-09-13T12:58:26: PM2 log: App [alkarrar-app:0] online
2026-09-13T12:58:27: PM2 log: App [alkarrar-app:0] exited with code [1] via signal [SIGINT]
2026-09-13T12:58:27: PM2 log: App [alkarrar-app:0] starting in -fork mode-
2026-09-13T12:58:27: PM2 log: App [alkarrar-app:0] online
2026-09-13T12:58:29: PM2 log: App [alkarrar-app:0] exited with code [1] via signal [SIGINT]
2026-09-13T12:58:29: PM2 log: App [alkarrar-app:0] starting in -fork mode-
2026-09-13T12:58:29: PM2 log: App [alkarrar-app:0] online
2026-09-13T12:58:31: PM2 log: App [alkarrar-app:0] exited with code [1] via signal [SIGINT]
2026-09-13T12:58:31: PM2 log: App [alkarrar-app:0] starting in -fork mode-
2026-09-13T12:58:31: PM2 log: App [alkarrar-app:0] online
2026-09-13T12:58:32: PM2 log: App [alkarrar-app:0] exited with code [1] via signal [SIGINT]
2026-09-13T12:58:32: PM2 log: App [alkarrar-app:0] starting in -fork mode-
2026-09-13T12:58:32: PM2 log: App [alkarrar-app:0] online
2026-09-13T12:58:34: PM2 log: App [alkarrar-app:0] exited with code [1] via signal [SIGINT]
2026-09-13T12:58:34: PM2 log: App [alkarrar-app:0] starting in -fork mode-
2026-09-13T12:58:34: PM2 log: App [alkarrar-app:0] online
2026-09-13T12:58:36: PM2 log: App [alkarrar-app:0] exited with code [1] via signal [SIGINT]
2026-09-13T12:58:36: PM2 log: App [alkarrar-app:0] starting in -fork mode-
2026-09-13T12:58:36: PM2 log: App [alkarrar-app:0] online
2026-09-13T12:58:38: PM2 log: App [alkarrar-app:0] exited with code [1] via signal [SIGINT]
2026-09-13T12:58:38: PM2 log: App [alkarrar-app:0] starting in -fork mode-
2026-09-13T12:58:38: PM2 log: App [alkarrar-app:0] online
2026-09-13T12:58:39: PM2 log: App [alkarrar-app:0] exited with code [1] via signal [SIGINT]
2026-09-13T12:58:39: PM2 log: App [alkarrar-app:0] starting in -fork mode-
2026-09-13T12:58:39: PM2 log: App [alkarrar-app:0] online
2026-09-13T12:58:41: PM2 log: App [alkarrar-app:0] exited with code [1] via signal [SIGINT]
2026-09-13T12:58:41: PM2 log: App [alkarrar-app:0] starting in -fork mode-
2026-09-13T12:58:41: PM2 log: App [alkarrar-app:0] online
2026-09-13T12:58:43: PM2 log: App [alkarrar-app:0] exited with code [1] via signal [SIGINT]
2026-09-13T12:58:43: PM2 log: App [alkarrar-app:0] starting in -fork mode-
2026-09-13T12:58:43: PM2 log: App [alkarrar-app:0] online
2026-09-13T12:58:45: PM2 log: App [alkarrar-app:0] exited with code [1] via signal [SIGINT]
2026-09-13T12:58:45: PM2 log: App [alkarrar-app:0] starting in -fork mode-
2026-09-13T12:58:45: PM2 log: App [alkarrar-app:0] online
2026-09-13T12:58:46: PM2 log: App [alkarrar-app:0] exited with code [1] via signal [SIGINT]
2026-09-13T12:58:46: PM2 log: App [alkarrar-app:0] starting in -fork mode-
2026-09-13T12:58:46: PM2 log: App [alkarrar-app:0] online
2026-09-13T12:58:48: PM2 log: App [alkarrar-app:0] exited with code [1] via signal [SIGINT]
2026-09-13T12:58:48: PM2 log: App [alkarrar-app:0] starting in -fork mode-
2026-09-13T12:58:48: PM2 log: App [alkarrar-app:0] online
2026-09-13T12:58:50: PM2 log: App [alkarrar-app:0] exited with code [1] via signal [SIGINT]
2026-09-13T12:58:50: PM2 log: App [alkarrar-app:0] starting in -fork mode-
2026-09-13T12:58:50: PM2 log: App [alkarrar-app:0] online
2026-09-13T12:58:51: PM2 log: App [alkarrar-app:0] exited with code [1] via signal [SIGINT]
2026-09-13T12:58:51: PM2 log: App [alkarrar-app:0] starting in -fork mode-
2026-09-13T12:58:51: PM2 log: App [alkarrar-app:0] online
2026-09-13T12:58:53: PM2 log: App [alkarrar-app:0] exited with code [1] via signal [SIGINT]
2026-09-13T12:58:53: PM2 log: App [alkarrar-app:0] starting in -fork mode-
2026-09-13T12:58:53: PM2 log: App [alkarrar-app:0] online
2026-09-13T12:58:55: PM2 log: App [alkarrar-app:0] exited with code [1] via signal [SIGINT]
2026-09-13T12:58:55: PM2 log: App [alkarrar-app:0] starting in -fork mode-
2026-09-13T12:58:55: PM2 log: App [alkarrar-app:0] online
2026-09-13T12:58:57: PM2 log: App [alkarrar-app:0] exited with code [1] via signal [SIGINT]
2026-09-13T12:58:57: PM2 log: App [alkarrar-app:0] starting in -fork mode-
2026-09-13T12:58:57: PM2 log: App [alkarrar-app:0] online
2026-09-13T12:58:58: PM2 log: App [alkarrar-app:0] exited with code [1] via signal [SIGINT]
2026-09-13T12:58:58: PM2 log: App [alkarrar-app:0] starting in -fork mode-
2026-09-13T12:58:58: PM2 log: App [alkarrar-app:0] online
2026-09-13T12:59:00: PM2 log: App [alkarrar-app:0] exited with code [1] via signal [SIGINT]
2026-09-13T12:59:00: PM2 log: App [alkarrar-app:0] starting in -fork mode-
2026-09-13T12:59:00: PM2 log: App [alkarrar-app:0] online
2026-09-13T12:59:02: PM2 log: App [alkarrar-app:0] exited with code [1] via signal [SIGINT]
2026-09-13T12:59:02: PM2 log: App [alkarrar-app:0] starting in -fork mode-
2026-09-13T12:59:02: PM2 log: App [alkarrar-app:0] online
2026-09-13T12:59:04: PM2 log: App [alkarrar-app:0] exited with code [1] via signal [SIGINT]
2026-09-13T12:59:04: PM2 log: App [alkarrar-app:0] starting in -fork mode-
2026-09-13T12:59:04: PM2 log: App [alkarrar-app:0] online
2026-09-13T12:59:06: PM2 log: App [alkarrar-app:0] exited with code [1] via signal [SIGINT]
2026-09-13T12:59:06: PM2 log: App [alkarrar-app:0] starting in -fork mode-
2026-09-13T12:59:06: PM2 log: App [alkarrar-app:0] online
2026-09-13T12:59:07: PM2 log: App [alkarrar-app:0] exited with code [1] via signal [SIGINT]
2026-09-13T12:59:07: PM2 log: App [alkarrar-app:0] starting in -fork mode-
2026-09-13T12:59:07: PM2 log: App [alkarrar-app:0] online
2026-09-13T12:59:09: PM2 log: App [alkarrar-app:0] exited with code [1] via signal [SIGINT]
2026-09-13T12:59:09: PM2 log: App [alkarrar-app:0] starting in -fork mode-
2026-09-13T12:59:09: PM2 log: App [alkarrar-app:0] online
2026-09-13T12:59:11: PM2 log: App [alkarrar-app:0] exited with code [1] via signal [SIGINT]
2026-09-13T12:59:11: PM2 log: App [alkarrar-app:0] starting in -fork mode-
2026-09-13T12:59:11: PM2 log: App [alkarrar-app:0] online
2026-09-13T12:59:13: PM2 log: App [alkarrar-app:0] exited with code [1] via signal [SIGINT]
2026-09-13T12:59:13: PM2 log: App [alkarrar-app:0] starting in -fork mode-
2026-09-13T12:59:13: PM2 log: App [alkarrar-app:0] online
2026-09-13T12:59:14: PM2 log: App [alkarrar-app:0] exited with code [1] via signal [SIGINT]
2026-09-13T12:59:14: PM2 log: App [alkarrar-app:0] starting in -fork mode-
2026-09-13T12:59:14: PM2 log: App [alkarrar-app:0] online
2026-09-13T12:59:16: PM2 log: App [alkarrar-app:0] exited with code [1] via signal [SIGINT]
2026-09-13T12:59:16: PM2 log: App [alkarrar-app:0] starting in -fork mode-
2026-09-13T12:59:16: PM2 log: App [alkarrar-app:0] online
2026-09-13T12:59:18: PM2 log: App [alkarrar-app:0] exited with code [1] via signal [SIGINT]
2026-09-13T12:59:18: PM2 log: App [alkarrar-app:0] starting in -fork mode-
2026-09-13T12:59:18: PM2 log: App [alkarrar-app:0] online
2026-09-13T12:59:20: PM2 log: App [alkarrar-app:0] exited with code [1] via signal [SIGINT]
2026-09-13T12:59:20: PM2 log: App [alkarrar-app:0] starting in -fork mode-
2026-09-13T12:59:20: PM2 log: App [alkarrar-app:0] online
2026-09-13T12:59:22: PM2 log: App [alkarrar-app:0] exited with code [1] via signal [SIGINT]
2026-09-13T12:59:22: PM2 log: App [alkarrar-app:0] starting in -fork mode-
2026-09-13T12:59:22: PM2 log: App [alkarrar-app:0] online
2026-09-13T12:59:23: PM2 log: App [alkarrar-app:0] exited with code [1] via signal [SIGINT]
2026-09-13T12:59:23: PM2 log: App [alkarrar-app:0] starting in -fork mode-
2026-09-13T12:59:23: PM2 log: App [alkarrar-app:0] online
2026-09-13T12:59:25: PM2 log: App [alkarrar-app:0] exited with code [1] via signal [SIGINT]
2026-09-13T12:59:25: PM2 log: App [alkarrar-app:0] starting in -fork mode-
2026-09-13T12:59:25: PM2 log: App [alkarrar-app:0] online
2026-09-13T12:59:27: PM2 log: App [alkarrar-app:0] exited with code [1] via signal [SIGINT]
2026-09-13T12:59:27: PM2 log: App [alkarrar-app:0] starting in -fork mode-
2026-09-13T12:59:27: PM2 log: App [alkarrar-app:0] online
2026-09-13T12:59:29: PM2 log: App [alkarrar-app:0] exited with code [1] via signal [SIGINT]
2026-09-13T12:59:29: PM2 log: App [alkarrar-app:0] starting in -fork mode-
2026-09-13T12:59:29: PM2 log: App [alkarrar-app:0] online
2026-09-13T12:59:30: PM2 log: App [alkarrar-app:0] exited with code [1] via signal [SIGINT]
2026-09-13T12:59:30: PM2 log: App [alkarrar-app:0] starting in -fork mode-
2026-09-13T12:59:30: PM2 log: App [alkarrar-app:0] online
2026-09-13T12:59:32: PM2 log: App [alkarrar-app:0] exited with code [1] via signal [SIGINT]
2026-09-13T12:59:32: PM2 log: App [alkarrar-app:0] starting in -fork mode-
2026-09-13T12:59:32: PM2 log: App [alkarrar-app:0] online
2026-09-13T12:59:34: PM2 log: App [alkarrar-app:0] exited with code [1] via signal [SIGINT]
2026-09-13T12:59:34: PM2 log: App [alkarrar-app:0] starting in -fork mode-
2026-09-13T12:59:34: PM2 log: App [alkarrar-app:0] online
2026-09-13T12:59:35: PM2 log: App [alkarrar-app:0] exited with code [1] via signal [SIGINT]
2026-09-13T12:59:35: PM2 log: App [alkarrar-app:0] starting in -fork mode-
2026-09-13T12:59:35: PM2 log: App [alkarrar-app:0] online
2026-09-13T12:59:37: PM2 log: App [alkarrar-app:0] exited with code [1] via signal [SIGINT]
2026-09-13T12:59:37: PM2 log: App [alkarrar-app:0] starting in -fork mode-
2026-09-13T12:59:37: PM2 log: App [alkarrar-app:0] online
2026-09-13T12:59:39: PM2 log: App [alkarrar-app:0] exited with code [1] via signal [SIGINT]
2026-09-13T12:59:39: PM2 log: App [alkarrar-app:0] starting in -fork mode-
2026-09-13T12:59:39: PM2 log: App [alkarrar-app:0] online
2026-09-13T12:59:41: PM2 log: App [alkarrar-app:0] exited with code [1] via signal [SIGINT]
2026-09-13T12:59:41: PM2 log: App [alkarrar-app:0] starting in -fork mode-
2026-09-13T12:59:41: PM2 log: App [alkarrar-app:0] online
2026-09-13T12:59:42: PM2 log: App [alkarrar-app:0] exited with code [1] via signal [SIGINT]
2026-09-13T12:59:42: PM2 log: App [alkarrar-app:0] starting in -fork mode-
2026-09-13T12:59:42: PM2 log: App [alkarrar-app:0] online
2026-09-13T12:59:44: PM2 log: App [alkarrar-app:0] exited with code [1] via signal [SIGINT]
2026-09-13T12:59:44: PM2 log: App [alkarrar-app:0] starting in -fork mode-
2026-09-13T12:59:44: PM2 log: App [alkarrar-app:0] online
2026-09-13T12:59:46: PM2 log: App [alkarrar-app:0] exited with code [1] via signal [SIGINT]
2026-09-13T12:59:46: PM2 log: App [alkarrar-app:0] starting in -fork mode-
2026-09-13T12:59:46: PM2 log: App [alkarrar-app:0] online
2026-09-13T12:59:47: PM2 log: App [alkarrar-app:0] exited with code [1] via signal [SIGINT]
2026-09-13T12:59:47: PM2 log: App [alkarrar-app:0] starting in -fork mode-
2026-09-13T12:59:47: PM2 log: App [alkarrar-app:0] online
2026-09-13T12:59:49: PM2 log: App [alkarrar-app:0] exited with code [1] via signal [SIGINT]
2026-09-13T12:59:49: PM2 log: App [alkarrar-app:0] starting in -fork mode-
2026-09-13T12:59:49: PM2 log: App [alkarrar-app:0] online
2026-09-13T12:59:51: PM2 log: App [alkarrar-app:0] exited with code [1] via signal [SIGINT]
2026-09-13T12:59:51: PM2 log: App [alkarrar-app:0] starting in -fork mode-
2026-09-13T12:59:51: PM2 log: App [alkarrar-app:0] online
2026-09-13T12:59:53: PM2 log: App [alkarrar-app:0] exited with code [1] via signal [SIGINT]
2026-09-13T12:59:53: PM2 log: App [alkarrar-app:0] starting in -fork mode-
2026-09-13T12:59:53: PM2 log: App [alkarrar-app:0] online
2026-09-13T12:59:54: PM2 log: App [alkarrar-app:0] exited with code [1] via signal [SIGINT]
2026-09-13T12:59:54: PM2 log: App [alkarrar-app:0] starting in -fork mode-
2026-09-13T12:59:54: PM2 log: App [alkarrar-app:0] online
2026-09-13T12:59:56: PM2 log: App [alkarrar-app:0] exited with code [1] via signal [SIGINT]
2026-09-13T12:59:56: PM2 log: App [alkarrar-app:0] starting in -fork mode-
2026-09-13T12:59:56: PM2 log: App [alkarrar-app:0] online
2026-09-13T12:59:58: PM2 log: App [alkarrar-app:0] exited with code [1] via signal [SIGINT]
2026-09-13T12:59:58: PM2 log: App [alkarrar-app:0] starting in -fork mode-
2026-09-13T12:59:58: PM2 log: App [alkarrar-app:0] online
2026-09-13T13:00:00: PM2 log: App [alkarrar-app:0] exited with code [1] via signal [SIGINT]
2026-09-13T13:00:00: PM2 log: App [alkarrar-app:0] starting in -fork mode-
2026-09-13T13:00:00: PM2 log: App [alkarrar-app:0] online
2026-09-13T13:00:02: PM2 log: App [alkarrar-app:0] exited with code [1] via signal [SIGINT]
2026-09-13T13:00:02: PM2 log: App [alkarrar-app:0] starting in -fork mode-
2026-09-13T13:00:02: PM2 log: App [alkarrar-app:0] online
2026-09-13T13:00:06: PM2 log: App [alkarrar-app:0] exited with code [1] via signal [SIGINT]
2026-09-13T13:00:06: PM2 log: App [alkarrar-app:0] starting in -fork mode-
2026-09-13T13:00:06: PM2 log: App [alkarrar-app:0] online
2026-09-13T13:00:08: PM2 log: App [alkarrar-app:0] exited with code [1] via signal [SIGINT]
2026-09-13T13:00:08: PM2 log: App [alkarrar-app:0] starting in -fork mode-
2026-09-13T13:00:08: PM2 log: App [alkarrar-app:0] online
2026-09-13T13:00:10: PM2 log: App [alkarrar-app:0] exited with code [1] via signal [SIGINT]
2026-09-13T13:00:10: PM2 log: App [alkarrar-app:0] starting in -fork mode-
2026-09-13T13:00:10: PM2 log: App [alkarrar-app:0] online
2026-09-13T13:00:13: PM2 log: App [alkarrar-app:0] exited with code [1] via signal [SIGINT]
2026-09-13T13:00:13: PM2 log: App [alkarrar-app:0] starting in -fork mode-
2026-09-13T13:00:13: PM2 log: App [alkarrar-app:0] online
2026-09-13T13:00:14: PM2 log: App [alkarrar-app:0] exited with code [1] via signal [SIGINT]
2026-09-13T13:00:14: PM2 log: App [alkarrar-app:0] starting in -fork mode-
2026-09-13T13:00:15: PM2 log: App [alkarrar-app:0] online
2026-09-13T13:00:16: PM2 log: App [alkarrar-app:0] exited with code [1] via signal [SIGINT]
2026-09-13T13:00:16: PM2 log: App [alkarrar-app:0] starting in -fork mode-
2026-09-13T13:00:16: PM2 log: App [alkarrar-app:0] online
2026-09-13T13:00:18: PM2 log: App [alkarrar-app:0] exited with code [1] via signal [SIGINT]
2026-09-13T13:00:18: PM2 log: App [alkarrar-app:0] starting in -fork mode-
2026-09-13T13:00:18: PM2 log: App [alkarrar-app:0] online
2026-09-13T13:00:20: PM2 log: App [alkarrar-app:0] exited with code [1] via signal [SIGINT]
2026-09-13T13:00:20: PM2 log: App [alkarrar-app:0] starting in -fork mode-
2026-09-13T13:00:20: PM2 log: App [alkarrar-app:0] online
2026-09-13T13:00:22: PM2 log: App [alkarrar-app:0] exited with code [1] via signal [SIGINT]
2026-09-13T13:00:22: PM2 log: App [alkarrar-app:0] starting in -fork mode-
2026-09-13T13:00:22: PM2 log: App [alkarrar-app:0] online
2026-09-13T13:00:24: PM2 log: App [alkarrar-app:0] exited with code [1] via signal [SIGINT]
2026-09-13T13:00:24: PM2 log: App [alkarrar-app:0] starting in -fork mode-
2026-09-13T13:00:24: PM2 log: App [alkarrar-app:0] online
2026-09-13T13:00:26: PM2 log: App [alkarrar-app:0] exited with code [1] via signal [SIGINT]
2026-09-13T13:00:26: PM2 log: App [alkarrar-app:0] starting in -fork mode-
2026-09-13T13:00:26: PM2 log: App [alkarrar-app:0] online
2026-09-13T13:00:28: PM2 log: App [alkarrar-app:0] exited with code [1] via signal [SIGINT]
2026-09-13T13:00:28: PM2 log: App [alkarrar-app:0] starting in -fork mode-
2026-09-13T13:00:28: PM2 log: App [alkarrar-app:0] online
2026-09-13T13:00:30: PM2 log: App [alkarrar-app:0] exited with code [1] via signal [SIGINT]
2026-09-13T13:00:30: PM2 log: App [alkarrar-app:0] starting in -fork mode-
2026-09-13T13:00:30: PM2 log: App [alkarrar-app:0] online
2026-09-13T13:00:32: PM2 log: App [alkarrar-app:0] exited with code [1] via signal [SIGINT]
2026-09-13T13:00:32: PM2 log: App [alkarrar-app:0] starting in -fork mode-
2026-09-13T13:00:32: PM2 log: App [alkarrar-app:0] online
2026-09-13T13:00:33: PM2 log: App [alkarrar-app:0] exited with code [1] via signal [SIGINT]
2026-09-13T13:00:33: PM2 log: App [alkarrar-app:0] starting in -fork mode-
2026-09-13T13:00:33: PM2 log: App [alkarrar-app:0] online
2026-09-13T13:00:35: PM2 log: App [alkarrar-app:0] exited with code [1] via signal [SIGINT]
2026-09-13T13:00:35: PM2 log: App [alkarrar-app:0] starting in -fork mode-
2026-09-13T13:00:35: PM2 log: App [alkarrar-app:0] online
2026-09-13T13:00:37: PM2 log: App [alkarrar-app:0] exited with code [1] via signal [SIGINT]
2026-09-13T13:00:37: PM2 log: App [alkarrar-app:0] starting in -fork mode-
2026-09-13T13:00:37: PM2 log: App [alkarrar-app:0] online
2026-09-13T13:00:39: PM2 log: App [alkarrar-app:0] exited with code [1] via signal [SIGINT]
2026-09-13T13:00:39: PM2 log: App [alkarrar-app:0] starting in -fork mode-
2026-09-13T13:00:39: PM2 log: App [alkarrar-app:0] online
2026-09-13T13:00:41: PM2 log: App [alkarrar-app:0] exited with code [1] via signal [SIGINT]
2026-09-13T13:00:41: PM2 log: App [alkarrar-app:0] starting in -fork mode-
2026-09-13T13:00:41: PM2 log: App [alkarrar-app:0] online
2026-09-13T13:00:42: PM2 log: App [alkarrar-app:0] exited with code [1] via signal [SIGINT]
2026-09-13T13:00:42: PM2 log: App [alkarrar-app:0] starting in -fork mode-
2026-09-13T13:00:42: PM2 log: App [alkarrar-app:0] online
2026-09-13T13:00:44: PM2 log: App [alkarrar-app:0] exited with code [1] via signal [SIGINT]
2026-09-13T13:00:44: PM2 log: App [alkarrar-app:0] starting in -fork mode-
2026-09-13T13:00:44: PM2 log: App [alkarrar-app:0] online
2026-09-13T13:00:46: PM2 log: App [alkarrar-app:0] exited with code [1] via signal [SIGINT]
2026-09-13T13:00:46: PM2 log: App [alkarrar-app:0] starting in -fork mode-
2026-09-13T13:00:46: PM2 log: App [alkarrar-app:0] online
2026-09-13T13:00:48: PM2 log: App [alkarrar-app:0] exited with code [1] via signal [SIGINT]
2026-09-13T13:00:48: PM2 log: App [alkarrar-app:0] starting in -fork mode-
2026-09-13T13:00:48: PM2 log: App [alkarrar-app:0] online
2026-09-13T13:00:49: PM2 log: App [alkarrar-app:0] exited with code [1] via signal [SIGINT]
2026-09-13T13:00:49: PM2 log: App [alkarrar-app:0] starting in -fork mode-
2026-09-13T13:00:49: PM2 log: App [alkarrar-app:0] online
2026-09-13T13:00:51: PM2 log: App [alkarrar-app:0] exited with code [1] via signal [SIGINT]
2026-09-13T13:00:51: PM2 log: App [alkarrar-app:0] starting in -fork mode-
2026-09-13T13:00:51: PM2 log: App [alkarrar-app:0] online
2026-09-13T13:00:53: PM2 log: App [alkarrar-app:0] exited with code [1] via signal [SIGINT]
2026-09-13T13:00:53: PM2 log: App [alkarrar-app:0] starting in -fork mode-
2026-09-13T13:00:53: PM2 log: App [alkarrar-app:0] online
2026-09-13T13:00:55: PM2 log: App [alkarrar-app:0] exited with code [1] via signal [SIGINT]
2026-09-13T13:00:55: PM2 log: App [alkarrar-app:0] starting in -fork mode-
2026-09-13T13:00:55: PM2 log: App [alkarrar-app:0] online
2026-09-13T13:00:57: PM2 log: App [alkarrar-app:0] exited with code [1] via signal [SIGINT]
2026-09-13T13:00:57: PM2 log: App [alkarrar-app:0] starting in -fork mode-
2026-09-13T13:00:57: PM2 log: App [alkarrar-app:0] online
2026-09-13T13:00:58: PM2 log: App [alkarrar-app:0] exited with code [1] via signal [SIGINT]
2026-09-13T13:00:58: PM2 log: App [alkarrar-app:0] starting in -fork mode-
2026-09-13T13:00:58: PM2 log: App [alkarrar-app:0] online
2026-09-13T13:01:00: PM2 log: App [alkarrar-app:0] exited with code [1] via signal [SIGINT]
2026-09-13T13:01:00: PM2 log: App [alkarrar-app:0] starting in -fork mode-
2026-09-13T13:01:00: PM2 log: App [alkarrar-app:0] online
2026-09-13T13:01:03: PM2 log: App [alkarrar-app:0] exited with code [1] via signal [SIGINT]
2026-09-13T13:01:03: PM2 log: App [alkarrar-app:0] starting in -fork mode-
2026-09-13T13:01:03: PM2 log: App [alkarrar-app:0] online
2026-09-13T13:01:05: PM2 log: App [alkarrar-app:0] exited with code [1] via signal [SIGINT]
2026-09-13T13:01:05: PM2 log: App [alkarrar-app:0] starting in -fork mode-
2026-09-13T13:01:05: PM2 log: App [alkarrar-app:0] online
2026-09-13T13:01:07: PM2 log: App [alkarrar-app:0] exited with code [1] via signal [SIGINT]
2026-09-13T13:01:07: PM2 log: App [alkarrar-app:0] starting in -fork mode-
2026-09-13T13:01:07: PM2 log: App [alkarrar-app:0] online
2026-09-13T13:01:08: PM2 log: App [alkarrar-app:0] exited with code [1] via signal [SIGINT]
2026-09-13T13:01:08: PM2 log: App [alkarrar-app:0] starting in -fork mode-
2026-09-13T13:01:08: PM2 log: App [alkarrar-app:0] online
2026-09-13T13:01:10: PM2 log: App [alkarrar-app:0] exited with code [1] via signal [SIGINT]
2026-09-13T13:01:10: PM2 log: App [alkarrar-app:0] starting in -fork mode-
2026-09-13T13:01:10: PM2 log: App [alkarrar-app:0] online
2026-09-13T13:01:12: PM2 log: App [alkarrar-app:0] exited with code [1] via signal [SIGINT]
2026-09-13T13:01:12: PM2 log: App [alkarrar-app:0] starting in -fork mode-
2026-09-13T13:01:12: PM2 log: App [alkarrar-app:0] online
2026-09-13T13:01:14: PM2 log: App [alkarrar-app:0] exited with code [1] via signal [SIGINT]
2026-09-13T13:01:14: PM2 log: App [alkarrar-app:0] starting in -fork mode-
2026-09-13T13:01:14: PM2 log: App [alkarrar-app:0] online
2026-09-13T13:01:15: PM2 log: App [alkarrar-app:0] exited with code [1] via signal [SIGINT]
2026-09-13T13:01:15: PM2 log: App [alkarrar-app:0] starting in -fork mode-
2026-09-13T13:01:15: PM2 log: App [alkarrar-app:0] online
2026-09-13T13:01:17: PM2 log: App [alkarrar-app:0] exited with code [1] via signal [SIGINT]
2026-09-13T13:01:17: PM2 log: App [alkarrar-app:0] starting in -fork mode-
2026-09-13T13:01:17: PM2 log: App [alkarrar-app:0] online
2026-09-13T13:01:19: PM2 log: App [alkarrar-app:0] exited with code [1] via signal [SIGINT]
2026-09-13T13:01:19: PM2 log: App [alkarrar-app:0] starting in -fork mode-
2026-09-13T13:01:19: PM2 log: App [alkarrar-app:0] online
2026-09-13T13:01:21: PM2 log: App [alkarrar-app:0] exited with code [1] via signal [SIGINT]
2026-09-13T13:01:21: PM2 log: App [alkarrar-app:0] starting in -fork mode-
2026-09-13T13:01:21: PM2 log: App [alkarrar-app:0] online
2026-09-13T13:01:22: PM2 log: App [alkarrar-app:0] exited with code [1] via signal [SIGINT]
2026-09-13T13:01:22: PM2 log: App [alkarrar-app:0] starting in -fork mode-
2026-09-13T13:01:22: PM2 log: App [alkarrar-app:0] online
2026-09-13T13:01:24: PM2 log: App [alkarrar-app:0] exited with code [1] via signal [SIGINT]
2026-09-13T13:01:24: PM2 log: App [alkarrar-app:0] starting in -fork mode-
2026-09-13T13:01:24: PM2 log: App [alkarrar-app:0] online
2026-09-13T13:01:26: PM2 log: App [alkarrar-app:0] exited with code [1] via signal [SIGINT]
2026-09-13T13:01:26: PM2 log: App [alkarrar-app:0] starting in -fork mode-
2026-09-13T13:01:26: PM2 log: App [alkarrar-app:0] online
2026-09-13T13:01:28: PM2 log: App [alkarrar-app:0] exited with code [1] via signal [SIGINT]
2026-09-13T13:01:28: PM2 log: App [alkarrar-app:0] starting in -fork mode-
2026-09-13T13:01:28: PM2 log: App [alkarrar-app:0] online
2026-09-13T13:01:29: PM2 log: App [alkarrar-app:0] exited with code [1] via signal [SIGINT]
2026-09-13T13:01:29: PM2 log: App [alkarrar-app:0] starting in -fork mode-
2026-09-13T13:01:29: PM2 log: App [alkarrar-app:0] online
2026-09-13T13:01:31: PM2 log: App [alkarrar-app:0] exited with code [1] via signal [SIGINT]
2026-09-13T13:01:31: PM2 log: App [alkarrar-app:0] starting in -fork mode-
2026-09-13T13:01:31: PM2 log: App [alkarrar-app:0] online
2026-09-13T13:01:33: PM2 log: App [alkarrar-app:0] exited with code [1] via signal [SIGINT]
2026-09-13T13:01:33: PM2 log: App [alkarrar-app:0] starting in -fork mode-
2026-09-13T13:01:33: PM2 log: App [alkarrar-app:0] online
2026-09-13T13:01:35: PM2 log: App [alkarrar-app:0] exited with code [1] via signal [SIGINT]
2026-09-13T13:01:35: PM2 log: App [alkarrar-app:0] starting in -fork mode-
2026-09-13T13:01:35: PM2 log: App [alkarrar-app:0] online
2026-09-13T13:01:37: PM2 log: App [alkarrar-app:0] exited with code [1] via signal [SIGINT]
2026-09-13T13:01:37: PM2 log: App [alkarrar-app:0] starting in -fork mode-
2026-09-13T13:01:37: PM2 log: App [alkarrar-app:0] online
2026-09-13T13:01:38: PM2 log: App [alkarrar-app:0] exited with code [1] via signal [SIGINT]
2026-09-13T13:01:38: PM2 log: App [alkarrar-app:0] starting in -fork mode-
2026-09-13T13:01:38: PM2 log: App [alkarrar-app:0] online
2026-09-13T13:01:40: PM2 log: App [alkarrar-app:0] exited with code [1] via signal [SIGINT]
2026-09-13T13:01:40: PM2 log: App [alkarrar-app:0] starting in -fork mode-
2026-09-13T13:01:40: PM2 log: App [alkarrar-app:0] online
2026-09-13T13:01:42: PM2 log: App [alkarrar-app:0] exited with code [1] via signal [SIGINT]
2026-09-13T13:01:42: PM2 log: App [alkarrar-app:0] starting in -fork mode-
2026-09-13T13:01:42: PM2 log: App [alkarrar-app:0] online
2026-09-13T13:01:44: PM2 log: App [alkarrar-app:0] exited with code [1] via signal [SIGINT]
2026-09-13T13:01:44: PM2 log: App [alkarrar-app:0] starting in -fork mode-
2026-09-13T13:01:44: PM2 log: App [alkarrar-app:0] online
2026-09-13T13:01:45: PM2 log: App [alkarrar-app:0] exited with code [1] via signal [SIGINT]
2026-09-13T13:01:45: PM2 log: App [alkarrar-app:0] starting in -fork mode-
2026-09-13T13:01:45: PM2 log: App [alkarrar-app:0] online
2026-09-13T13:01:47: PM2 log: App [alkarrar-app:0] exited with code [1] via signal [SIGINT]
2026-09-13T13:01:47: PM2 log: App [alkarrar-app:0] starting in -fork mode-
2026-09-13T13:01:47: PM2 log: App [alkarrar-app:0] online
2026-09-13T13:01:49: PM2 log: App [alkarrar-app:0] exited with code [1] via signal [SIGINT]
2026-09-13T13:01:49: PM2 log: App [alkarrar-app:0] starting in -fork mode-
2026-09-13T13:01:49: PM2 log: App [alkarrar-app:0] online
2026-09-13T13:01:51: PM2 log: App [alkarrar-app:0] exited with code [1] via signal [SIGINT]
2026-09-13T13:01:51: PM2 log: App [alkarrar-app:0] starting in -fork mode-
2026-09-13T13:01:51: PM2 log: App [alkarrar-app:0] online
2026-09-13T13:01:53: PM2 log: App [alkarrar-app:0] exited with code [1] via signal [SIGINT]
2026-09-13T13:01:53: PM2 log: App [alkarrar-app:0] starting in -fork mode-
2026-09-13T13:01:53: PM2 log: App [alkarrar-app:0] online
2026-09-13T13:01:54: PM2 log: App [alkarrar-app:0] exited with code [1] via signal [SIGINT]
2026-09-13T13:01:54: PM2 log: App [alkarrar-app:0] starting in -fork mode-
2026-09-13T13:01:54: PM2 log: App [alkarrar-app:0] online
2026-09-13T13:01:56: PM2 log: App [alkarrar-app:0] exited with code [1] via signal [SIGINT]
2026-09-13T13:01:56: PM2 log: App [alkarrar-app:0] starting in -fork mode-
2026-09-13T13:01:56: PM2 log: App [alkarrar-app:0] online
2026-09-13T13:01:58: PM2 log: App [alkarrar-app:0] exited with code [1] via signal [SIGINT]
2026-09-13T13:01:58: PM2 log: App [alkarrar-app:0] starting in -fork mode-
2026-09-13T13:01:58: PM2 log: App [alkarrar-app:0] online
2026-09-13T13:02:00: PM2 log: App [alkarrar-app:0] exited with code [1] via signal [SIGINT]
2026-09-13T13:02:00: PM2 log: App [alkarrar-app:0] starting in -fork mode-
2026-09-13T13:02:00: PM2 log: App [alkarrar-app:0] online
2026-09-13T13:02:03: PM2 log: App [alkarrar-app:0] exited with code [1] via signal [SIGINT]
2026-09-13T13:02:03: PM2 log: App [alkarrar-app:0] starting in -fork mode-
2026-09-13T13:02:03: PM2 log: App [alkarrar-app:0] online
2026-09-13T13:02:05: PM2 log: App [alkarrar-app:0] exited with code [1] via signal [SIGINT]
2026-09-13T13:02:05: PM2 log: App [alkarrar-app:0] starting in -fork mode-
2026-09-13T13:02:05: PM2 log: App [alkarrar-app:0] online
2026-09-13T13:02:07: PM2 log: App [alkarrar-app:0] exited with code [1] via signal [SIGINT]
2026-09-13T13:02:07: PM2 log: App [alkarrar-app:0] starting in -fork mode-
2026-09-13T13:02:07: PM2 log: App [alkarrar-app:0] online
2026-09-13T13:02:08: PM2 log: App [alkarrar-app:0] exited with code [1] via signal [SIGINT]
2026-09-13T13:02:08: PM2 log: App [alkarrar-app:0] starting in -fork mode-
2026-09-13T13:02:08: PM2 log: App [alkarrar-app:0] online
2026-09-13T13:02:10: PM2 log: App [alkarrar-app:0] exited with code [1] via signal [SIGINT]
2026-09-13T13:02:10: PM2 log: App [alkarrar-app:0] starting in -fork mode-
2026-09-13T13:02:10: PM2 log: App [alkarrar-app:0] online
2026-09-13T13:02:12: PM2 log: App [alkarrar-app:0] exited with code [1] via signal [SIGINT]
2026-09-13T13:02:12: PM2 log: App [alkarrar-app:0] starting in -fork mode-
2026-09-13T13:02:12: PM2 log: App [alkarrar-app:0] online
2026-09-13T13:02:14: PM2 log: App [alkarrar-app:0] exited with code [1] via signal [SIGINT]
2026-09-13T13:02:14: PM2 log: App [alkarrar-app:0] starting in -fork mode-
2026-09-13T13:02:14: PM2 log: App [alkarrar-app:0] online
2026-09-13T13:02:16: PM2 log: App [alkarrar-app:0] exited with code [1] via signal [SIGINT]
2026-09-13T13:02:16: PM2 log: App [alkarrar-app:0] starting in -fork mode-
2026-09-13T13:02:16: PM2 log: App [alkarrar-app:0] online
2026-09-13T13:02:18: PM2 log: App [alkarrar-app:0] exited with code [1] via signal [SIGINT]
2026-09-13T13:02:18: PM2 log: App [alkarrar-app:0] starting in -fork mode-
2026-09-13T13:02:18: PM2 log: App [alkarrar-app:0] online
2026-09-13T13:02:19: PM2 log: App [alkarrar-app:0] exited with code [1] via signal [SIGINT]
2026-09-13T13:02:19: PM2 log: App [alkarrar-app:0] starting in -fork mode-
2026-09-13T13:02:19: PM2 log: App [alkarrar-app:0] online
2026-09-13T13:02:21: PM2 log: App [alkarrar-app:0] exited with code [1] via signal [SIGINT]
2026-09-13T13:02:21: PM2 log: App [alkarrar-app:0] starting in -fork mode-
2026-09-13T13:02:21: PM2 log: App [alkarrar-app:0] online
2026-09-13T13:02:23: PM2 log: App [alkarrar-app:0] exited with code [1] via signal [SIGINT]
2026-09-13T13:02:23: PM2 log: App [alkarrar-app:0] starting in -fork mode-
2026-09-13T13:02:23: PM2 log: App [alkarrar-app:0] online
2026-09-13T13:02:25: PM2 log: App [alkarrar-app:0] exited with code [1] via signal [SIGINT]
2026-09-13T13:02:25: PM2 log: App [alkarrar-app:0] starting in -fork mode-
2026-09-13T13:02:25: PM2 log: App [alkarrar-app:0] online
2026-09-13T13:02:27: PM2 log: App [alkarrar-app:0] exited with code [1] via signal [SIGINT]
2026-09-13T13:02:27: PM2 log: App [alkarrar-app:0] starting in -fork mode-
2026-09-13T13:02:27: PM2 log: App [alkarrar-app:0] online
2026-09-13T13:02:29: PM2 log: App [alkarrar-app:0] exited with code [1] via signal [SIGINT]
2026-09-13T13:02:29: PM2 log: App [alkarrar-app:0] starting in -fork mode-
2026-09-13T13:02:29: PM2 log: App [alkarrar-app:0] online
2026-09-13T13:02:31: PM2 log: App [alkarrar-app:0] exited with code [1] via signal [SIGINT]
2026-09-13T13:02:31: PM2 log: App [alkarrar-app:0] starting in -fork mode-
2026-09-13T13:02:31: PM2 log: App [alkarrar-app:0] online
2026-09-13T13:02:33: PM2 log: App [alkarrar-app:0] exited with code [1] via signal [SIGINT]
2026-09-13T13:02:33: PM2 log: App [alkarrar-app:0] starting in -fork mode-
2026-09-13T13:02:33: PM2 log: App [alkarrar-app:0] online
2026-09-13T13:02:35: PM2 log: App [alkarrar-app:0] exited with code [1] via signal [SIGINT]
2026-09-13T13:02:35: PM2 log: App [alkarrar-app:0] starting in -fork mode-
2026-09-13T13:02:35: PM2 log: App [alkarrar-app:0] online
2026-09-13T13:02:36: PM2 log: App [alkarrar-app:0] exited with code [1] via signal [SIGINT]
2026-09-13T13:02:36: PM2 log: App [alkarrar-app:0] starting in -fork mode-
2026-09-13T13:02:36: PM2 log: App [alkarrar-app:0] online
2026-09-13T13:02:38: PM2 log: App [alkarrar-app:0] exited with code [1] via signal [SIGINT]
2026-09-13T13:02:38: PM2 log: App [alkarrar-app:0] starting in -fork mode-
2026-09-13T13:02:38: PM2 log: App [alkarrar-app:0] online
2026-09-13T13:02:40: PM2 log: App [alkarrar-app:0] exited with code [1] via signal [SIGINT]
2026-09-13T13:02:40: PM2 log: App [alkarrar-app:0] starting in -fork mode-
2026-09-13T13:02:40: PM2 log: App [alkarrar-app:0] online
2026-09-13T13:02:42: PM2 log: App [alkarrar-app:0] exited with code [1] via signal [SIGINT]
2026-09-13T13:02:42: PM2 log: App [alkarrar-app:0] starting in -fork mode-
2026-09-13T13:02:42: PM2 log: App [alkarrar-app:0] online
2026-09-13T13:02:44: PM2 log: App [alkarrar-app:0] exited with code [1] via signal [SIGINT]
2026-09-13T13:02:44: PM2 log: App [alkarrar-app:0] starting in -fork mode-
2026-09-13T13:02:44: PM2 log: App [alkarrar-app:0] online
2026-09-13T13:02:46: PM2 log: App [alkarrar-app:0] exited with code [1] via signal [SIGINT]
2026-09-13T13:02:46: PM2 log: App [alkarrar-app:0] starting in -fork mode-
2026-09-13T13:02:46: PM2 log: App [alkarrar-app:0] online
2026-09-13T13:02:48: PM2 log: App [alkarrar-app:0] exited with code [1] via signal [SIGINT]
2026-09-13T13:02:48: PM2 log: App [alkarrar-app:0] starting in -fork mode-
2026-09-13T13:02:48: PM2 log: App [alkarrar-app:0] online
2026-09-13T13:02:49: PM2 log: App [alkarrar-app:0] exited with code [1] via signal [SIGINT]
2026-09-13T13:02:49: PM2 log: App [alkarrar-app:0] starting in -fork mode-
2026-09-13T13:02:49: PM2 log: App [alkarrar-app:0] online
2026-09-13T13:02:51: PM2 log: App [alkarrar-app:0] exited with code [1] via signal [SIGINT]
2026-09-13T13:02:51: PM2 log: App [alkarrar-app:0] starting in -fork mode-
2026-09-13T13:02:51: PM2 log: App [alkarrar-app:0] online
2026-09-13T13:02:53: PM2 log: App [alkarrar-app:0] exited with code [1] via signal [SIGINT]
2026-09-13T13:02:53: PM2 log: App [alkarrar-app:0] starting in -fork mode-
2026-09-13T13:02:53: PM2 log: App [alkarrar-app:0] online
2026-09-13T13:02:55: PM2 log: App [alkarrar-app:0] exited with code [1] via signal [SIGINT]
2026-09-13T13:02:55: PM2 log: App [alkarrar-app:0] starting in -fork mode-
2026-09-13T13:02:55: PM2 log: App [alkarrar-app:0] online
2026-09-13T13:02:57: PM2 log: App [alkarrar-app:0] exited with code [1] via signal [SIGINT]
2026-09-13T13:02:57: PM2 log: App [alkarrar-app:0] starting in -fork mode-
2026-09-13T13:02:57: PM2 log: App [alkarrar-app:0] online
2026-09-13T13:02:59: PM2 log: App [alkarrar-app:0] exited with code [1] via signal [SIGINT]
2026-09-13T13:02:59: PM2 log: App [alkarrar-app:0] starting in -fork mode-
2026-09-13T13:02:59: PM2 log: App [alkarrar-app:0] online
2026-09-13T13:03:01: PM2 log: App [alkarrar-app:0] exited with code [1] via signal [SIGINT]
2026-09-13T13:03:01: PM2 log: App [alkarrar-app:0] starting in -fork mode-
2026-09-13T13:03:01: PM2 log: App [alkarrar-app:0] online
2026-09-13T13:03:03: PM2 log: App [alkarrar-app:0] exited with code [1] via signal [SIGINT]
2026-09-13T13:03:03: PM2 log: App [alkarrar-app:0] starting in -fork mode-
2026-09-13T13:03:03: PM2 log: App [alkarrar-app:0] online
2026-09-13T13:03:05: PM2 log: App [alkarrar-app:0] exited with code [1] via signal [SIGINT]
2026-09-13T13:03:05: PM2 log: App [alkarrar-app:0] starting in -fork mode-
2026-09-13T13:03:05: PM2 log: App [alkarrar-app:0] online
2026-09-13T13:03:06: PM2 log: App [alkarrar-app:0] exited with code [1] via signal [SIGINT]
2026-09-13T13:03:06: PM2 log: App [alkarrar-app:0] starting in -fork mode-
2026-09-13T13:03:06: PM2 log: App [alkarrar-app:0] online
2026-09-13T13:03:08: PM2 log: App [alkarrar-app:0] exited with code [1] via signal [SIGINT]
2026-09-13T13:03:08: PM2 log: App [alkarrar-app:0] starting in -fork mode-
2026-09-13T13:03:08: PM2 log: App [alkarrar-app:0] online
2026-09-13T13:03:10: PM2 log: App [alkarrar-app:0] exited with code [1] via signal [SIGINT]
2026-09-13T13:03:10: PM2 log: App [alkarrar-app:0] starting in -fork mode-
2026-09-13T13:03:10: PM2 log: App [alkarrar-app:0] online
2026-09-13T13:03:12: PM2 log: App [alkarrar-app:0] exited with code [1] via signal [SIGINT]
2026-09-13T13:03:12: PM2 log: App [alkarrar-app:0] starting in -fork mode-
2026-09-13T13:03:12: PM2 log: App [alkarrar-app:0] online
2026-09-13T13:03:14: PM2 log: App [alkarrar-app:0] exited with code [1] via signal [SIGINT]
2026-09-13T13:03:14: PM2 log: App [alkarrar-app:0] starting in -fork mode-
2026-09-13T13:03:14: PM2 log: App [alkarrar-app:0] online
2026-09-13T13:03:15: PM2 log: App [alkarrar-app:0] exited with code [1] via signal [SIGINT]
2026-09-13T13:03:15: PM2 log: App [alkarrar-app:0] starting in -fork mode-
2026-09-13T13:03:15: PM2 log: App [alkarrar-app:0] online
2026-09-13T13:03:17: PM2 log: App [alkarrar-app:0] exited with code [1] via signal [SIGINT]
2026-09-13T13:03:17: PM2 log: App [alkarrar-app:0] starting in -fork mode-
2026-09-13T13:03:17: PM2 log: App [alkarrar-app:0] online
2026-09-13T13:03:19: PM2 log: App [alkarrar-app:0] exited with code [1] via signal [SIGINT]
2026-09-13T13:03:19: PM2 log: App [alkarrar-app:0] starting in -fork mode-
2026-09-13T13:03:19: PM2 log: App [alkarrar-app:0] online
2026-09-13T13:03:20: PM2 log: App [alkarrar-app:0] exited with code [1] via signal [SIGINT]
2026-09-13T13:03:20: PM2 log: App [alkarrar-app:0] starting in -fork mode-
2026-09-13T13:03:20: PM2 log: App [alkarrar-app:0] online
2026-09-13T13:03:22: PM2 log: App [alkarrar-app:0] exited with code [1] via signal [SIGINT]
2026-09-13T13:03:22: PM2 log: App [alkarrar-app:0] starting in -fork mode-
2026-09-13T13:03:22: PM2 log: App [alkarrar-app:0] online
2026-09-13T13:03:24: PM2 log: App [alkarrar-app:0] exited with code [1] via signal [SIGINT]
2026-09-13T13:03:24: PM2 log: App [alkarrar-app:0] starting in -fork mode-
2026-09-13T13:03:24: PM2 log: App [alkarrar-app:0] online
2026-09-13T13:03:26: PM2 log: App [alkarrar-app:0] exited with code [1] via signal [SIGINT]
2026-09-13T13:03:26: PM2 log: App [alkarrar-app:0] starting in -fork mode-
2026-09-13T13:03:26: PM2 log: App [alkarrar-app:0] online
2026-09-13T13:03:28: PM2 log: App [alkarrar-app:0] exited with code [1] via signal [SIGINT]
2026-09-13T13:03:28: PM2 log: App [alkarrar-app:0] starting in -fork mode-
2026-09-13T13:03:28: PM2 log: App [alkarrar-app:0] online
2026-09-13T13:03:30: PM2 log: App [alkarrar-app:0] exited with code [1] via signal [SIGINT]
2026-09-13T13:03:30: PM2 log: App [alkarrar-app:0] starting in -fork mode-
2026-09-13T13:03:30: PM2 log: App [alkarrar-app:0] online
2026-09-13T13:03:32: PM2 log: App [alkarrar-app:0] exited with code [1] via signal [SIGINT]
2026-09-13T13:03:32: PM2 log: App [alkarrar-app:0] starting in -fork mode-
2026-09-13T13:03:32: PM2 log: App [alkarrar-app:0] online
2026-09-13T13:03:34: PM2 log: App [alkarrar-app:0] exited with code [1] via signal [SIGINT]
2026-09-13T13:03:34: PM2 log: App [alkarrar-app:0] starting in -fork mode-
2026-09-13T13:03:34: PM2 log: App [alkarrar-app:0] online
2026-09-13T13:03:35: PM2 log: App [alkarrar-app:0] exited with code [1] via signal [SIGINT]
2026-09-13T13:03:35: PM2 log: App [alkarrar-app:0] starting in -fork mode-
2026-09-13T13:03:35: PM2 log: App [alkarrar-app:0] online
2026-09-13T13:03:37: PM2 log: App [alkarrar-app:0] exited with code [1] via signal [SIGINT]
2026-09-13T13:03:37: PM2 log: App [alkarrar-app:0] starting in -fork mode-
2026-09-13T13:03:37: PM2 log: App [alkarrar-app:0] online
2026-09-13T13:03:39: PM2 log: App [alkarrar-app:0] exited with code [1] via signal [SIGINT]
2026-09-13T13:03:39: PM2 log: App [alkarrar-app:0] starting in -fork mode-
2026-09-13T13:03:39: PM2 log: App [alkarrar-app:0] online
2026-09-13T13:03:40: PM2 log: App [alkarrar-app:0] exited with code [1] via signal [SIGINT]
2026-09-13T13:03:41: PM2 log: App [alkarrar-app:0] starting in -fork mode-
2026-09-13T13:03:41: PM2 log: App [alkarrar-app:0] online
2026-09-13T13:03:42: PM2 log: App [alkarrar-app:0] exited with code [1] via signal [SIGINT]
2026-09-13T13:03:42: PM2 log: App [alkarrar-app:0] starting in -fork mode-
2026-09-13T13:03:42: PM2 log: App [alkarrar-app:0] online
2026-09-13T13:03:44: PM2 log: App [alkarrar-app:0] exited with code [1] via signal [SIGINT]
2026-09-13T13:03:44: PM2 log: App [alkarrar-app:0] starting in -fork mode-
2026-09-13T13:03:44: PM2 log: App [alkarrar-app:0] online
2026-09-13T13:03:46: PM2 log: App [alkarrar-app:0] exited with code [1] via signal [SIGINT]
2026-09-13T13:03:46: PM2 log: App [alkarrar-app:0] starting in -fork mode-
2026-09-13T13:03:46: PM2 log: App [alkarrar-app:0] online
2026-09-13T13:03:48: PM2 log: App [alkarrar-app:0] exited with code [1] via signal [SIGINT]
2026-09-13T13:03:48: PM2 log: App [alkarrar-app:0] starting in -fork mode-
2026-09-13T13:03:48: PM2 log: App [alkarrar-app:0] online
2026-09-13T13:03:50: PM2 log: App [alkarrar-app:0] exited with code [1] via signal [SIGINT]
2026-09-13T13:03:50: PM2 log: App [alkarrar-app:0] starting in -fork mode-
2026-09-13T13:03:50: PM2 log: App [alkarrar-app:0] online
2026-09-13T13:03:52: PM2 log: App [alkarrar-app:0] exited with code [1] via signal [SIGINT]
2026-09-13T13:03:52: PM2 log: App [alkarrar-app:0] starting in -fork mode-
2026-09-13T13:03:52: PM2 log: App [alkarrar-app:0] online
2026-09-13T13:03:54: PM2 log: App [alkarrar-app:0] exited with code [1] via signal [SIGINT]
2026-09-13T13:03:54: PM2 log: App [alkarrar-app:0] starting in -fork mode-
2026-09-13T13:03:54: PM2 log: App [alkarrar-app:0] online
2026-09-13T13:03:56: PM2 log: App [alkarrar-app:0] exited with code [1] via signal [SIGINT]
2026-09-13T13:03:56: PM2 log: App [alkarrar-app:0] starting in -fork mode-
2026-09-13T13:03:56: PM2 log: App [alkarrar-app:0] online
2026-09-13T13:03:58: PM2 log: App [alkarrar-app:0] exited with code [1] via signal [SIGINT]
2026-09-13T13:03:58: PM2 log: App [alkarrar-app:0] starting in -fork mode-
2026-09-13T13:03:58: PM2 log: App [alkarrar-app:0] online
2026-09-13T13:04:00: PM2 log: App [alkarrar-app:0] exited with code [1] via signal [SIGINT]
2026-09-13T13:04:00: PM2 log: App [alkarrar-app:0] starting in -fork mode-
2026-09-13T13:04:00: PM2 log: App [alkarrar-app:0] online
2026-09-13T13:04:03: PM2 log: App [alkarrar-app:0] exited with code [1] via signal [SIGINT]
2026-09-13T13:04:03: PM2 log: App [alkarrar-app:0] starting in -fork mode-
2026-09-13T13:04:03: PM2 log: App [alkarrar-app:0] online
2026-09-13T13:04:05: PM2 log: App [alkarrar-app:0] exited with code [1] via signal [SIGINT]
2026-09-13T13:04:05: PM2 log: App [alkarrar-app:0] starting in -fork mode-
2026-09-13T13:04:05: PM2 log: App [alkarrar-app:0] online
2026-09-13T13:04:07: PM2 log: App [alkarrar-app:0] exited with code [1] via signal [SIGINT]
2026-09-13T13:04:07: PM2 log: App [alkarrar-app:0] starting in -fork mode-
2026-09-13T13:04:07: PM2 log: App [alkarrar-app:0] online
2026-09-13T13:04:09: PM2 log: App [alkarrar-app:0] exited with code [1] via signal [SIGINT]
2026-09-13T13:04:09: PM2 log: App [alkarrar-app:0] starting in -fork mode-
2026-09-13T13:04:09: PM2 log: App [alkarrar-app:0] online
2026-09-13T13:04:11: PM2 log: App [alkarrar-app:0] exited with code [1] via signal [SIGINT]
2026-09-13T13:04:11: PM2 log: App [alkarrar-app:0] starting in -fork mode-
2026-09-13T13:04:11: PM2 log: App [alkarrar-app:0] online
2026-09-13T13:04:13: PM2 log: App [alkarrar-app:0] exited with code [1] via signal [SIGINT]
2026-09-13T13:04:13: PM2 log: App [alkarrar-app:0] starting in -fork mode-
2026-09-13T13:04:13: PM2 log: App [alkarrar-app:0] online
2026-09-13T13:04:14: PM2 log: App [alkarrar-app:0] exited with code [1] via signal [SIGINT]
2026-09-13T13:04:14: PM2 log: App [alkarrar-app:0] starting in -fork mode-
2026-09-13T13:04:14: PM2 log: App [alkarrar-app:0] online
2026-09-13T13:04:16: PM2 log: App [alkarrar-app:0] exited with code [1] via signal [SIGINT]
2026-09-13T13:04:16: PM2 log: App [alkarrar-app:0] starting in -fork mode-
2026-09-13T13:04:16: PM2 log: App [alkarrar-app:0] online
2026-09-13T13:04:18: PM2 log: App [alkarrar-app:0] exited with code [1] via signal [SIGINT]
2026-09-13T13:04:18: PM2 log: App [alkarrar-app:0] starting in -fork mode-
2026-09-13T13:04:18: PM2 log: App [alkarrar-app:0] online
2026-09-13T13:04:20: PM2 log: App [alkarrar-app:0] exited with code [1] via signal [SIGINT]
2026-09-13T13:04:20: PM2 log: App [alkarrar-app:0] starting in -fork mode-
2026-09-13T13:04:20: PM2 log: App [alkarrar-app:0] online
2026-09-13T13:04:22: PM2 log: App [alkarrar-app:0] exited with code [1] via signal [SIGINT]
2026-09-13T13:04:22: PM2 log: App [alkarrar-app:0] starting in -fork mode-
2026-09-13T13:04:22: PM2 log: App [alkarrar-app:0] online
2026-09-13T13:04:24: PM2 log: App [alkarrar-app:0] exited with code [1] via signal [SIGINT]
2026-09-13T13:04:24: PM2 log: App [alkarrar-app:0] starting in -fork mode-
2026-09-13T13:04:24: PM2 log: App [alkarrar-app:0] online
2026-09-13T13:04:26: PM2 log: App [alkarrar-app:0] exited with code [1] via signal [SIGINT]
2026-09-13T13:04:26: PM2 log: App [alkarrar-app:0] starting in -fork mode-
2026-09-13T13:04:26: PM2 log: App [alkarrar-app:0] online
2026-09-13T13:04:27: PM2 log: App [alkarrar-app:0] exited with code [1] via signal [SIGINT]
2026-09-13T13:04:27: PM2 log: App [alkarrar-app:0] starting in -fork mode-
2026-09-13T13:04:27: PM2 log: App [alkarrar-app:0] online
2026-09-13T13:04:29: PM2 log: App [alkarrar-app:0] exited with code [1] via signal [SIGINT]
2026-09-13T13:04:29: PM2 log: App [alkarrar-app:0] starting in -fork mode-
2026-09-13T13:04:29: PM2 log: App [alkarrar-app:0] online
2026-09-13T13:04:31: PM2 log: App [alkarrar-app:0] exited with code [1] via signal [SIGINT]
2026-09-13T13:04:31: PM2 log: App [alkarrar-app:0] starting in -fork mode-
2026-09-13T13:04:31: PM2 log: App [alkarrar-app:0] online
2026-09-13T13:04:32: PM2 log: App [alkarrar-app:0] exited with code [1] via signal [SIGINT]
2026-09-13T13:04:32: PM2 log: App [alkarrar-app:0] starting in -fork mode-
2026-09-13T13:04:32: PM2 log: App [alkarrar-app:0] online
2026-09-13T13:04:34: PM2 log: App [alkarrar-app:0] exited with code [1] via signal [SIGINT]
2026-09-13T13:04:34: PM2 log: App [alkarrar-app:0] starting in -fork mode-
2026-09-13T13:04:34: PM2 log: App [alkarrar-app:0] online
2026-09-13T13:04:36: PM2 log: App [alkarrar-app:0] exited with code [1] via signal [SIGINT]
2026-09-13T13:04:36: PM2 log: App [alkarrar-app:0] starting in -fork mode-
2026-09-13T13:04:36: PM2 log: App [alkarrar-app:0] online
2026-09-13T13:04:38: PM2 log: App [alkarrar-app:0] exited with code [1] via signal [SIGINT]
2026-09-13T13:04:38: PM2 log: App [alkarrar-app:0] starting in -fork mode-
2026-09-13T13:04:38: PM2 log: App [alkarrar-app:0] online
2026-09-13T13:04:40: PM2 log: App [alkarrar-app:0] exited with code [1] via signal [SIGINT]
2026-09-13T13:04:40: PM2 log: App [alkarrar-app:0] starting in -fork mode-
2026-09-13T13:04:40: PM2 log: App [alkarrar-app:0] online
2026-09-13T13:04:41: PM2 log: App [alkarrar-app:0] exited with code [1] via signal [SIGINT]
2026-09-13T13:04:41: PM2 log: App [alkarrar-app:0] starting in -fork mode-
2026-09-13T13:04:41: PM2 log: App [alkarrar-app:0] online
2026-09-13T13:04:43: PM2 log: App [alkarrar-app:0] exited with code [1] via signal [SIGINT]
2026-09-13T13:04:43: PM2 log: App [alkarrar-app:0] starting in -fork mode-
2026-09-13T13:04:43: PM2 log: App [alkarrar-app:0] online
2026-09-13T13:04:45: PM2 log: App [alkarrar-app:0] exited with code [1] via signal [SIGINT]
2026-09-13T13:04:45: PM2 log: App [alkarrar-app:0] starting in -fork mode-
2026-09-13T13:04:45: PM2 log: App [alkarrar-app:0] online
2026-09-13T13:04:47: PM2 log: App [alkarrar-app:0] exited with code [1] via signal [SIGINT]
2026-09-13T13:04:47: PM2 log: App [alkarrar-app:0] starting in -fork mode-
2026-09-13T13:04:47: PM2 log: App [alkarrar-app:0] online
2026-09-13T13:04:49: PM2 log: App [alkarrar-app:0] exited with code [1] via signal [SIGINT]
2026-09-13T13:04:49: PM2 log: App [alkarrar-app:0] starting in -fork mode-
2026-09-13T13:04:49: PM2 log: App [alkarrar-app:0] online
2026-09-13T13:04:51: PM2 log: App [alkarrar-app:0] exited with code [1] via signal [SIGINT]
2026-09-13T13:04:51: PM2 log: App [alkarrar-app:0] starting in -fork mode-
2026-09-13T13:04:51: PM2 log: App [alkarrar-app:0] online
2026-09-13T13:04:53: PM2 log: App [alkarrar-app:0] exited with code [1] via signal [SIGINT]
2026-09-13T13:04:53: PM2 log: App [alkarrar-app:0] starting in -fork mode-
2026-09-13T13:04:53: PM2 log: App [alkarrar-app:0] online
2026-09-13T13:04:55: PM2 log: App [alkarrar-app:0] exited with code [1] via signal [SIGINT]
2026-09-13T13:04:55: PM2 log: App [alkarrar-app:0] starting in -fork mode-
2026-09-13T13:04:55: PM2 log: App [alkarrar-app:0] online
2026-09-13T13:04:56: PM2 log: App [alkarrar-app:0] exited with code [1] via signal [SIGINT]
2026-09-13T13:04:56: PM2 log: App [alkarrar-app:0] starting in -fork mode-
2026-09-13T13:04:56: PM2 log: App [alkarrar-app:0] online
2026-09-13T13:04:58: PM2 log: App [alkarrar-app:0] exited with code [1] via signal [SIGINT]
2026-09-13T13:04:58: PM2 log: App [alkarrar-app:0] starting in -fork mode-
2026-09-13T13:04:58: PM2 log: App [alkarrar-app:0] online
2026-09-13T13:05:00: PM2 log: App [alkarrar-app:0] exited with code [1] via signal [SIGINT]
2026-09-13T13:05:00: PM2 log: App [alkarrar-app:0] starting in -fork mode-
2026-09-13T13:05:00: PM2 log: App [alkarrar-app:0] online
2026-09-13T13:05:03: PM2 log: App [alkarrar-app:0] exited with code [1] via signal [SIGINT]
2026-09-13T13:05:03: PM2 log: App [alkarrar-app:0] starting in -fork mode-
2026-09-13T13:05:03: PM2 log: App [alkarrar-app:0] online
2026-09-13T13:05:05: PM2 log: App [alkarrar-app:0] exited with code [1] via signal [SIGINT]
2026-09-13T13:05:05: PM2 log: App [alkarrar-app:0] starting in -fork mode-
2026-09-13T13:05:05: PM2 log: App [alkarrar-app:0] online
2026-09-13T13:05:08: PM2 log: App [alkarrar-app:0] exited with code [1] via signal [SIGINT]
2026-09-13T13:05:08: PM2 log: App [alkarrar-app:0] starting in -fork mode-
2026-09-13T13:05:08: PM2 log: App [alkarrar-app:0] online
2026-09-13T13:05:10: PM2 log: App [alkarrar-app:0] exited with code [1] via signal [SIGINT]
2026-09-13T13:05:10: PM2 log: App [alkarrar-app:0] starting in -fork mode-
2026-09-13T13:05:10: PM2 log: App [alkarrar-app:0] online
2026-09-13T13:05:12: PM2 log: App [alkarrar-app:0] exited with code [1] via signal [SIGINT]
2026-09-13T13:05:12: PM2 log: App [alkarrar-app:0] starting in -fork mode-
2026-09-13T13:05:12: PM2 log: App [alkarrar-app:0] online
2026-09-13T13:05:13: PM2 log: App [alkarrar-app:0] exited with code [1] via signal [SIGINT]
2026-09-13T13:05:13: PM2 log: App [alkarrar-app:0] starting in -fork mode-
2026-09-13T13:05:13: PM2 log: App [alkarrar-app:0] online
2026-09-13T13:05:15: PM2 log: App [alkarrar-app:0] exited with code [1] via signal [SIGINT]
2026-09-13T13:05:15: PM2 log: App [alkarrar-app:0] starting in -fork mode-
2026-09-13T13:05:15: PM2 log: App [alkarrar-app:0] online
2026-09-13T13:05:17: PM2 log: App [alkarrar-app:0] exited with code [1] via signal [SIGINT]
2026-09-13T13:05:17: PM2 log: App [alkarrar-app:0] starting in -fork mode-
2026-09-13T13:05:17: PM2 log: App [alkarrar-app:0] online
2026-09-13T13:05:19: PM2 log: App [alkarrar-app:0] exited with code [1] via signal [SIGINT]
2026-09-13T13:05:19: PM2 log: App [alkarrar-app:0] starting in -fork mode-
2026-09-13T13:05:19: PM2 log: App [alkarrar-app:0] online
2026-09-13T13:05:21: PM2 log: App [alkarrar-app:0] exited with code [1] via signal [SIGINT]
2026-09-13T13:05:21: PM2 log: App [alkarrar-app:0] starting in -fork mode-
2026-09-13T13:05:21: PM2 log: App [alkarrar-app:0] online
2026-09-13T13:05:23: PM2 log: App [alkarrar-app:0] exited with code [1] via signal [SIGINT]
2026-09-13T13:05:23: PM2 log: App [alkarrar-app:0] starting in -fork mode-
2026-09-13T13:05:23: PM2 log: App [alkarrar-app:0] online
2026-09-13T13:05:25: PM2 log: App [alkarrar-app:0] exited with code [1] via signal [SIGINT]
2026-09-13T13:05:25: PM2 log: App [alkarrar-app:0] starting in -fork mode-
2026-09-13T13:05:25: PM2 log: App [alkarrar-app:0] online
2026-09-13T13:05:27: PM2 log: App [alkarrar-app:0] exited with code [1] via signal [SIGINT]
2026-09-13T13:05:27: PM2 log: App [alkarrar-app:0] starting in -fork mode-
2026-09-13T13:05:27: PM2 log: App [alkarrar-app:0] online
2026-09-13T13:05:29: PM2 log: App [alkarrar-app:0] exited with code [1] via signal [SIGINT]
2026-09-13T13:05:29: PM2 log: App [alkarrar-app:0] starting in -fork mode-
2026-09-13T13:05:29: PM2 log: App [alkarrar-app:0] online
2026-09-13T13:05:31: PM2 log: App [alkarrar-app:0] exited with code [1] via signal [SIGINT]
2026-09-13T13:05:31: PM2 log: App [alkarrar-app:0] starting in -fork mode-
2026-09-13T13:05:31: PM2 log: App [alkarrar-app:0] online
2026-09-13T13:05:32: PM2 log: App [alkarrar-app:0] exited with code [1] via signal [SIGINT]
2026-09-13T13:05:32: PM2 log: App [alkarrar-app:0] starting in -fork mode-
2026-09-13T13:05:32: PM2 log: App [alkarrar-app:0] online
2026-09-13T13:05:34: PM2 log: App [alkarrar-app:0] exited with code [1] via signal [SIGINT]
2026-09-13T13:05:34: PM2 log: App [alkarrar-app:0] starting in -fork mode-
2026-09-13T13:05:34: PM2 log: App [alkarrar-app:0] online
2026-09-13T13:05:36: PM2 log: App [alkarrar-app:0] exited with code [1] via signal [SIGINT]
2026-09-13T13:05:36: PM2 log: App [alkarrar-app:0] starting in -fork mode-
2026-09-13T13:05:36: PM2 log: App [alkarrar-app:0] online
2026-09-13T13:05:38: PM2 log: App [alkarrar-app:0] exited with code [1] via signal [SIGINT]
2026-09-13T13:05:38: PM2 log: App [alkarrar-app:0] starting in -fork mode-
2026-09-13T13:05:38: PM2 log: App [alkarrar-app:0] online
2026-09-13T13:05:40: PM2 log: App [alkarrar-app:0] exited with code [1] via signal [SIGINT]
2026-09-13T13:05:40: PM2 log: App [alkarrar-app:0] starting in -fork mode-
2026-09-13T13:05:40: PM2 log: App [alkarrar-app:0] online
2026-09-13T13:05:42: PM2 log: App [alkarrar-app:0] exited with code [1] via signal [SIGINT]
2026-09-13T13:05:42: PM2 log: App [alkarrar-app:0] starting in -fork mode-
2026-09-13T13:05:42: PM2 log: App [alkarrar-app:0] online
2026-09-13T13:05:43: PM2 log: App [alkarrar-app:0] exited with code [1] via signal [SIGINT]
2026-09-13T13:05:43: PM2 log: App [alkarrar-app:0] starting in -fork mode-
2026-09-13T13:05:43: PM2 log: App [alkarrar-app:0] online
2026-09-13T13:05:45: PM2 log: App [alkarrar-app:0] exited with code [1] via signal [SIGINT]
2026-09-13T13:05:45: PM2 log: App [alkarrar-app:0] starting in -fork mode-
2026-09-13T13:05:45: PM2 log: App [alkarrar-app:0] online
2026-09-13T13:05:47: PM2 log: App [alkarrar-app:0] exited with code [1] via signal [SIGINT]
2026-09-13T13:05:47: PM2 log: App [alkarrar-app:0] starting in -fork mode-
2026-09-13T13:05:47: PM2 log: App [alkarrar-app:0] online
2026-09-13T13:05:49: PM2 log: App [alkarrar-app:0] exited with code [1] via signal [SIGINT]
2026-09-13T13:05:49: PM2 log: App [alkarrar-app:0] starting in -fork mode-
2026-09-13T13:05:49: PM2 log: App [alkarrar-app:0] online
2026-09-13T13:05:51: PM2 log: App [alkarrar-app:0] exited with code [1] via signal [SIGINT]
2026-09-13T13:05:51: PM2 log: App [alkarrar-app:0] starting in -fork mode-
2026-09-13T13:05:51: PM2 log: App [alkarrar-app:0] online
2026-09-13T13:05:53: PM2 log: App [alkarrar-app:0] exited with code [1] via signal [SIGINT]
2026-09-13T13:05:53: PM2 log: App [alkarrar-app:0] starting in -fork mode-
2026-09-13T13:05:53: PM2 log: App [alkarrar-app:0] online
2026-09-13T13:05:54: PM2 log: App [alkarrar-app:0] exited with code [1] via signal [SIGINT]
2026-09-13T13:05:54: PM2 log: App [alkarrar-app:0] starting in -fork mode-
2026-09-13T13:05:54: PM2 log: App [alkarrar-app:0] online
2026-09-13T13:05:56: PM2 log: App [alkarrar-app:0] exited with code [1] via signal [SIGINT]
2026-09-13T13:05:56: PM2 log: App [alkarrar-app:0] starting in -fork mode-
2026-09-13T13:05:56: PM2 log: App [alkarrar-app:0] online
2026-09-13T13:05:58: PM2 log: App [alkarrar-app:0] exited with code [1] via signal [SIGINT]
2026-09-13T13:05:58: PM2 log: App [alkarrar-app:0] starting in -fork mode-
2026-09-13T13:05:58: PM2 log: App [alkarrar-app:0] online
2026-09-13T13:06:00: PM2 log: App [alkarrar-app:0] exited with code [1] via signal [SIGINT]
2026-09-13T13:06:00: PM2 log: App [alkarrar-app:0] starting in -fork mode-
2026-09-13T13:06:00: PM2 log: App [alkarrar-app:0] online
2026-09-13T13:06:02: PM2 log: App [alkarrar-app:0] exited with code [1] via signal [SIGINT]
2026-09-13T13:06:02: PM2 log: App [alkarrar-app:0] starting in -fork mode-
2026-09-13T13:06:02: PM2 log: App [alkarrar-app:0] online
2026-09-13T13:06:05: PM2 log: App [alkarrar-app:0] exited with code [1] via signal [SIGINT]
2026-09-13T13:06:05: PM2 log: App [alkarrar-app:0] starting in -fork mode-
2026-09-13T13:06:05: PM2 log: App [alkarrar-app:0] online
2026-09-13T13:06:07: PM2 log: App [alkarrar-app:0] exited with code [1] via signal [SIGINT]
2026-09-13T13:06:07: PM2 log: App [alkarrar-app:0] starting in -fork mode-
2026-09-13T13:06:07: PM2 log: App [alkarrar-app:0] online
2026-09-13T13:06:09: PM2 log: App [alkarrar-app:0] exited with code [1] via signal [SIGINT]
2026-09-13T13:06:09: PM2 log: App [alkarrar-app:0] starting in -fork mode-
2026-09-13T13:06:09: PM2 log: App [alkarrar-app:0] online
2026-09-13T13:06:10: PM2 log: App [alkarrar-app:0] exited with code [1] via signal [SIGINT]
2026-09-13T13:06:10: PM2 log: App [alkarrar-app:0] starting in -fork mode-
2026-09-13T13:06:10: PM2 log: App [alkarrar-app:0] online
2026-09-13T13:06:12: PM2 log: App [alkarrar-app:0] exited with code [1] via signal [SIGINT]
2026-09-13T13:06:12: PM2 log: App [alkarrar-app:0] starting in -fork mode-
2026-09-13T13:06:12: PM2 log: App [alkarrar-app:0] online
2026-09-13T13:06:14: PM2 log: App [alkarrar-app:0] exited with code [1] via signal [SIGINT]
2026-09-13T13:06:14: PM2 log: App [alkarrar-app:0] starting in -fork mode-
2026-09-13T13:06:14: PM2 log: App [alkarrar-app:0] online
2026-09-13T13:06:15: PM2 log: App [alkarrar-app:0] exited with code [1] via signal [SIGINT]
2026-09-13T13:06:15: PM2 log: App [alkarrar-app:0] starting in -fork mode-
2026-09-13T13:06:15: PM2 log: App [alkarrar-app:0] online
2026-09-13T13:06:17: PM2 log: App [alkarrar-app:0] exited with code [1] via signal [SIGINT]
2026-09-13T13:06:17: PM2 log: App [alkarrar-app:0] starting in -fork mode-
2026-09-13T13:06:17: PM2 log: App [alkarrar-app:0] online
2026-09-13T13:06:19: PM2 log: App [alkarrar-app:0] exited with code [1] via signal [SIGINT]
2026-09-13T13:06:19: PM2 log: App [alkarrar-app:0] starting in -fork mode-
2026-09-13T13:06:19: PM2 log: App [alkarrar-app:0] online
2026-09-13T13:06:21: PM2 log: App [alkarrar-app:0] exited with code [1] via signal [SIGINT]
2026-09-13T13:06:21: PM2 log: App [alkarrar-app:0] starting in -fork mode-
2026-09-13T13:06:21: PM2 log: App [alkarrar-app:0] online
2026-09-13T13:06:23: PM2 log: App [alkarrar-app:0] exited with code [1] via signal [SIGINT]
2026-09-13T13:06:23: PM2 log: App [alkarrar-app:0] starting in -fork mode-
2026-09-13T13:06:23: PM2 log: App [alkarrar-app:0] online
2026-09-13T13:06:24: PM2 log: App [alkarrar-app:0] exited with code [1] via signal [SIGINT]
2026-09-13T13:06:24: PM2 log: App [alkarrar-app:0] starting in -fork mode-
2026-09-13T13:06:24: PM2 log: App [alkarrar-app:0] online
2026-09-13T13:06:26: PM2 log: App [alkarrar-app:0] exited with code [1] via signal [SIGINT]
2026-09-13T13:06:26: PM2 log: App [alkarrar-app:0] starting in -fork mode-
2026-09-13T13:06:26: PM2 log: App [alkarrar-app:0] online
2026-09-13T13:06:28: PM2 log: App [alkarrar-app:0] exited with code [1] via signal [SIGINT]
2026-09-13T13:06:28: PM2 log: App [alkarrar-app:0] starting in -fork mode-
2026-09-13T13:06:28: PM2 log: App [alkarrar-app:0] online
2026-09-13T13:06:30: PM2 log: App [alkarrar-app:0] exited with code [1] via signal [SIGINT]
2026-09-13T13:06:30: PM2 log: App [alkarrar-app:0] starting in -fork mode-
2026-09-13T13:06:30: PM2 log: App [alkarrar-app:0] online
2026-09-13T13:06:31: PM2 log: App [alkarrar-app:0] exited with code [1] via signal [SIGINT]
2026-09-13T13:06:31: PM2 log: App [alkarrar-app:0] starting in -fork mode-
2026-09-13T13:06:31: PM2 log: App [alkarrar-app:0] online
2026-09-13T13:06:33: PM2 log: App [alkarrar-app:0] exited with code [1] via signal [SIGINT]
2026-09-13T13:06:33: PM2 log: App [alkarrar-app:0] starting in -fork mode-
2026-09-13T13:06:33: PM2 log: App [alkarrar-app:0] online
2026-09-13T13:06:35: PM2 log: App [alkarrar-app:0] exited with code [1] via signal [SIGINT]
2026-09-13T13:06:35: PM2 log: App [alkarrar-app:0] starting in -fork mode-
2026-09-13T13:06:35: PM2 log: App [alkarrar-app:0] online
2026-09-13T13:06:37: PM2 log: App [alkarrar-app:0] exited with code [1] via signal [SIGINT]
2026-09-13T13:06:37: PM2 log: App [alkarrar-app:0] starting in -fork mode-
2026-09-13T13:06:37: PM2 log: App [alkarrar-app:0] online
2026-09-13T13:06:39: PM2 log: App [alkarrar-app:0] exited with code [1] via signal [SIGINT]
2026-09-13T13:06:39: PM2 log: App [alkarrar-app:0] starting in -fork mode-
2026-09-13T13:06:39: PM2 log: App [alkarrar-app:0] online
2026-09-13T13:06:41: PM2 log: App [alkarrar-app:0] exited with code [1] via signal [SIGINT]
2026-09-13T13:06:41: PM2 log: App [alkarrar-app:0] starting in -fork mode-
2026-09-13T13:06:41: PM2 log: App [alkarrar-app:0] online
2026-09-13T13:06:42: PM2 log: App [alkarrar-app:0] exited with code [1] via signal [SIGINT]
2026-09-13T13:06:42: PM2 log: App [alkarrar-app:0] starting in -fork mode-
2026-09-13T13:06:42: PM2 log: App [alkarrar-app:0] online
2026-09-13T13:06:44: PM2 log: App [alkarrar-app:0] exited with code [1] via signal [SIGINT]
2026-09-13T13:06:44: PM2 log: App [alkarrar-app:0] starting in -fork mode-
2026-09-13T13:06:44: PM2 log: App [alkarrar-app:0] online
2026-09-13T13:06:46: PM2 log: App [alkarrar-app:0] exited with code [1] via signal [SIGINT]
2026-09-13T13:06:46: PM2 log: App [alkarrar-app:0] starting in -fork mode-
2026-09-13T13:06:46: PM2 log: App [alkarrar-app:0] online
2026-09-13T13:06:48: PM2 log: App [alkarrar-app:0] exited with code [1] via signal [SIGINT]
2026-09-13T13:06:48: PM2 log: App [alkarrar-app:0] starting in -fork mode-
2026-09-13T13:06:48: PM2 log: App [alkarrar-app:0] online
2026-09-13T13:06:50: PM2 log: App [alkarrar-app:0] exited with code [1] via signal [SIGINT]
2026-09-13T13:06:50: PM2 log: App [alkarrar-app:0] starting in -fork mode-
2026-09-13T13:06:50: PM2 log: App [alkarrar-app:0] online
2026-09-13T13:06:52: PM2 log: App [alkarrar-app:0] exited with code [1] via signal [SIGINT]
2026-09-13T13:06:52: PM2 log: App [alkarrar-app:0] starting in -fork mode-
2026-09-13T13:06:52: PM2 log: App [alkarrar-app:0] online
2026-09-13T13:06:54: PM2 log: App [alkarrar-app:0] exited with code [1] via signal [SIGINT]
2026-09-13T13:06:54: PM2 log: App [alkarrar-app:0] starting in -fork mode-
2026-09-13T13:06:54: PM2 log: App [alkarrar-app:0] online
2026-09-13T13:06:56: PM2 log: App [alkarrar-app:0] exited with code [1] via signal [SIGINT]
2026-09-13T13:06:56: PM2 log: App [alkarrar-app:0] starting in -fork mode-
2026-09-13T13:06:56: PM2 log: App [alkarrar-app:0] online
2026-09-13T13:06:57: PM2 log: App [alkarrar-app:0] exited with code [1] via signal [SIGINT]
2026-09-13T13:06:57: PM2 log: App [alkarrar-app:0] starting in -fork mode-
2026-09-13T13:06:57: PM2 log: App [alkarrar-app:0] online
2026-09-13T13:06:59: PM2 log: App [alkarrar-app:0] exited with code [1] via signal [SIGINT]
2026-09-13T13:06:59: PM2 log: App [alkarrar-app:0] starting in -fork mode-
2026-09-13T13:06:59: PM2 log: App [alkarrar-app:0] online
2026-09-13T13:07:01: PM2 log: App [alkarrar-app:0] exited with code [1] via signal [SIGINT]
2026-09-13T13:07:01: PM2 log: App [alkarrar-app:0] starting in -fork mode-
2026-09-13T13:07:01: PM2 log: App [alkarrar-app:0] online
2026-09-13T13:07:03: PM2 log: App [alkarrar-app:0] exited with code [1] via signal [SIGINT]
2026-09-13T13:07:03: PM2 log: App [alkarrar-app:0] starting in -fork mode-
2026-09-13T13:07:03: PM2 log: App [alkarrar-app:0] online
2026-09-13T13:07:05: PM2 log: App [alkarrar-app:0] exited with code [1] via signal [SIGINT]
2026-09-13T13:07:05: PM2 log: App [alkarrar-app:0] starting in -fork mode-
2026-09-13T13:07:05: PM2 log: App [alkarrar-app:0] online
2026-09-13T13:07:07: PM2 log: App [alkarrar-app:0] exited with code [1] via signal [SIGINT]
2026-09-13T13:07:07: PM2 log: App [alkarrar-app:0] starting in -fork mode-
2026-09-13T13:07:07: PM2 log: App [alkarrar-app:0] online
2026-09-13T13:07:09: PM2 log: App [alkarrar-app:0] exited with code [1] via signal [SIGINT]
2026-09-13T13:07:09: PM2 log: App [alkarrar-app:0] starting in -fork mode-
2026-09-13T13:07:09: PM2 log: App [alkarrar-app:0] online
2026-09-13T13:07:10: PM2 log: App [alkarrar-app:0] exited with code [1] via signal [SIGINT]
2026-09-13T13:07:10: PM2 log: App [alkarrar-app:0] starting in -fork mode-
2026-09-13T13:07:10: PM2 log: App [alkarrar-app:0] online
2026-09-13T13:07:12: PM2 log: App [alkarrar-app:0] exited with code [1] via signal [SIGINT]
2026-09-13T13:07:12: PM2 log: App [alkarrar-app:0] starting in -fork mode-
2026-09-13T13:07:12: PM2 log: App [alkarrar-app:0] online
2026-09-13T13:07:14: PM2 log: App [alkarrar-app:0] exited with code [1] via signal [SIGINT]
2026-09-13T13:07:14: PM2 log: App [alkarrar-app:0] starting in -fork mode-
2026-09-13T13:07:14: PM2 log: App [alkarrar-app:0] online
2026-09-13T13:07:15: PM2 log: App [alkarrar-app:0] exited with code [1] via signal [SIGINT]
2026-09-13T13:07:15: PM2 log: App [alkarrar-app:0] starting in -fork mode-
2026-09-13T13:07:15: PM2 log: App [alkarrar-app:0] online
2026-09-13T13:07:17: PM2 log: App [alkarrar-app:0] exited with code [1] via signal [SIGINT]
2026-09-13T13:07:17: PM2 log: App [alkarrar-app:0] starting in -fork mode-
2026-09-13T13:07:17: PM2 log: App [alkarrar-app:0] online
2026-09-13T13:07:19: PM2 log: App [alkarrar-app:0] exited with code [1] via signal [SIGINT]
2026-09-13T13:07:19: PM2 log: App [alkarrar-app:0] starting in -fork mode-
2026-09-13T13:07:19: PM2 log: App [alkarrar-app:0] online
2026-09-13T13:07:21: PM2 log: App [alkarrar-app:0] exited with code [1] via signal [SIGINT]
2026-09-13T13:07:21: PM2 log: App [alkarrar-app:0] starting in -fork mode-
2026-09-13T13:07:21: PM2 log: App [alkarrar-app:0] online
2026-09-13T13:07:23: PM2 log: App [alkarrar-app:0] exited with code [1] via signal [SIGINT]
2026-09-13T13:07:23: PM2 log: App [alkarrar-app:0] starting in -fork mode-
2026-09-13T13:07:23: PM2 log: App [alkarrar-app:0] online
2026-09-13T13:07:25: PM2 log: App [alkarrar-app:0] exited with code [1] via signal [SIGINT]
2026-09-13T13:07:25: PM2 log: App [alkarrar-app:0] starting in -fork mode-
2026-09-13T13:07:25: PM2 log: App [alkarrar-app:0] online
2026-09-13T13:07:27: PM2 log: App [alkarrar-app:0] exited with code [1] via signal [SIGINT]
2026-09-13T13:07:27: PM2 log: App [alkarrar-app:0] starting in -fork mode-
2026-09-13T13:07:27: PM2 log: App [alkarrar-app:0] online
2026-09-13T13:07:28: PM2 log: App [alkarrar-app:0] exited with code [1] via signal [SIGINT]
2026-09-13T13:07:28: PM2 log: App [alkarrar-app:0] starting in -fork mode-
2026-09-13T13:07:28: PM2 log: App [alkarrar-app:0] online
2026-09-13T13:07:30: PM2 log: App [alkarrar-app:0] exited with code [1] via signal [SIGINT]
2026-09-13T13:07:30: PM2 log: App [alkarrar-app:0] starting in -fork mode-
2026-09-13T13:07:30: PM2 log: App [alkarrar-app:0] online
2026-09-13T13:07:32: PM2 log: App [alkarrar-app:0] exited with code [1] via signal [SIGINT]
2026-09-13T13:07:32: PM2 log: App [alkarrar-app:0] starting in -fork mode-
2026-09-13T13:07:32: PM2 log: App [alkarrar-app:0] online
2026-09-13T13:07:34: PM2 log: App [alkarrar-app:0] exited with code [1] via signal [SIGINT]
2026-09-13T13:07:34: PM2 log: App [alkarrar-app:0] starting in -fork mode-
2026-09-13T13:07:34: PM2 log: App [alkarrar-app:0] online
2026-09-13T13:07:36: PM2 log: App [alkarrar-app:0] exited with code [1] via signal [SIGINT]
2026-09-13T13:07:36: PM2 log: App [alkarrar-app:0] starting in -fork mode-
2026-09-13T13:07:36: PM2 log: App [alkarrar-app:0] online
2026-09-13T13:07:39: PM2 log: App [alkarrar-app:0] exited with code [1] via signal [SIGINT]
2026-09-13T13:07:39: PM2 log: App [alkarrar-app:0] starting in -fork mode-
2026-09-13T13:07:39: PM2 log: App [alkarrar-app:0] online
2026-09-13T13:07:41: PM2 log: App [alkarrar-app:0] exited with code [1] via signal [SIGINT]
2026-09-13T13:07:41: PM2 log: App [alkarrar-app:0] starting in -fork mode-
2026-09-13T13:07:41: PM2 log: App [alkarrar-app:0] online
2026-09-13T13:07:42: PM2 log: App [alkarrar-app:0] exited with code [1] via signal [SIGINT]
2026-09-13T13:07:42: PM2 log: App [alkarrar-app:0] starting in -fork mode-
2026-09-13T13:07:42: PM2 log: App [alkarrar-app:0] online
2026-09-13T13:07:43: PM2 log: App [alkarrar-app:0] exited with code [1] via signal [SIGINT]
2026-09-13T13:07:43: PM2 log: App [alkarrar-app:0] starting in -fork mode-
2026-09-13T13:07:43: PM2 log: App [alkarrar-app:0] online
2026-09-13T13:07:43: PM2 log: App [alkarrar-app:0] exited with code [1] via signal [SIGINT]
2026-09-13T13:07:43: PM2 log: App [alkarrar-app:0] starting in -fork mode-
2026-09-13T13:07:43: PM2 log: App [alkarrar-app:0] online
2026-09-13T13:07:44: PM2 log: App [alkarrar-app:0] exited with code [1] via signal [SIGINT]
2026-09-13T13:07:44: PM2 log: App [alkarrar-app:0] starting in -fork mode-
2026-09-13T13:07:44: PM2 log: App [alkarrar-app:0] online
2026-09-13T13:07:44: PM2 log: App [alkarrar-app:0] exited with code [1] via signal [SIGINT]
2026-09-13T13:07:44: PM2 log: App [alkarrar-app:0] starting in -fork mode-
2026-09-13T13:07:44: PM2 log: App [alkarrar-app:0] online
2026-09-13T13:07:44: PM2 log: App [alkarrar-app:0] exited with code [1] via signal [SIGINT]
2026-09-13T13:07:44: PM2 log: App [alkarrar-app:0] starting in -fork mode-
2026-09-13T13:07:44: PM2 log: App [alkarrar-app:0] online
2026-09-13T13:07:45: PM2 log: App [alkarrar-app:0] exited with code [1] via signal [SIGINT]
2026-09-13T13:07:45: PM2 log: App [alkarrar-app:0] starting in -fork mode-
2026-09-13T13:07:45: PM2 log: App [alkarrar-app:0] online
2026-09-13T13:07:45: PM2 log: App [alkarrar-app:0] exited with code [1] via signal [SIGINT]
2026-09-13T13:07:45: PM2 log: App [alkarrar-app:0] starting in -fork mode-
2026-09-13T13:07:45: PM2 log: App [alkarrar-app:0] online
2026-09-13T13:07:46: PM2 log: App [alkarrar-app:0] exited with code [1] via signal [SIGINT]
2026-09-13T13:07:46: PM2 log: App [alkarrar-app:0] starting in -fork mode-
2026-09-13T13:07:46: PM2 log: App [alkarrar-app:0] online
2026-09-13T13:07:46: PM2 log: App [alkarrar-app:0] exited with code [1] via signal [SIGINT]
2026-09-13T13:07:46: PM2 log: App [alkarrar-app:0] starting in -fork mode-
2026-09-13T13:07:46: PM2 log: App [alkarrar-app:0] online
2026-09-13T13:07:47: PM2 log: App [alkarrar-app:0] exited with code [1] via signal [SIGINT]
2026-09-13T13:07:47: PM2 log: App [alkarrar-app:0] starting in -fork mode-
2026-09-13T13:07:47: PM2 log: App [alkarrar-app:0] online
2026-09-13T13:07:47: PM2 log: App [alkarrar-app:0] exited with code [1] via signal [SIGINT]
2026-09-13T13:07:47: PM2 log: App [alkarrar-app:0] starting in -fork mode-
2026-09-13T13:07:47: PM2 log: App [alkarrar-app:0] online
2026-09-13T13:07:47: PM2 log: App [alkarrar-app:0] exited with code [1] via signal [SIGINT]
2026-09-13T13:07:47: PM2 log: App [alkarrar-app:0] starting in -fork mode-
2026-09-13T13:07:47: PM2 log: App [alkarrar-app:0] online
2026-09-13T13:07:48: PM2 log: App [alkarrar-app:0] exited with code [1] via signal [SIGINT]
2026-09-13T13:07:48: PM2 log: App [alkarrar-app:0] starting in -fork mode-
2026-09-13T13:07:48: PM2 log: App [alkarrar-app:0] online
2026-09-13T13:07:48: PM2 log: App [alkarrar-app:0] exited with code [1] via signal [SIGINT]
2026-09-13T13:07:48: PM2 log: App [alkarrar-app:0] starting in -fork mode-
2026-09-13T13:07:48: PM2 log: App [alkarrar-app:0] online
2026-09-13T13:07:49: PM2 log: App [alkarrar-app:0] exited with code [1] via signal [SIGINT]
2026-09-13T13:07:49: PM2 log: App [alkarrar-app:0] starting in -fork mode-
2026-09-13T13:07:49: PM2 log: App [alkarrar-app:0] online
2026-09-13T13:07:49: PM2 log: App [alkarrar-app:0] exited with code [1] via signal [SIGINT]
2026-09-13T13:07:49: PM2 log: App [alkarrar-app:0] starting in -fork mode-
2026-09-13T13:07:49: PM2 log: App [alkarrar-app:0] online
2026-09-13T13:07:49: PM2 log: App [alkarrar-app:0] exited with code [1] via signal [SIGINT]
2026-09-13T13:07:49: PM2 log: App [alkarrar-app:0] starting in -fork mode-
2026-09-13T13:07:49: PM2 log: App [alkarrar-app:0] online
2026-09-13T13:07:50: PM2 log: App [alkarrar-app:0] exited with code [1] via signal [SIGINT]
2026-09-13T13:07:50: PM2 log: App [alkarrar-app:0] starting in -fork mode-
2026-09-13T13:07:50: PM2 log: App [alkarrar-app:0] online
2026-09-13T13:07:50: PM2 log: App [alkarrar-app:0] exited with code [1] via signal [SIGINT]
2026-09-13T13:07:50: PM2 log: App [alkarrar-app:0] starting in -fork mode-
2026-09-13T13:07:50: PM2 log: App [alkarrar-app:0] online
2026-09-13T13:07:51: PM2 log: App [alkarrar-app:0] exited with code [1] via signal [SIGINT]
2026-09-13T13:07:51: PM2 log: App [alkarrar-app:0] starting in -fork mode-
2026-09-13T13:07:51: PM2 log: App [alkarrar-app:0] online
2026-09-13T13:07:51: PM2 log: App [alkarrar-app:0] exited with code [1] via signal [SIGINT]
2026-09-13T13:07:51: PM2 log: App [alkarrar-app:0] starting in -fork mode-
2026-09-13T13:07:51: PM2 log: App [alkarrar-app:0] online
2026-09-13T13:07:51: PM2 log: App [alkarrar-app:0] exited with code [1] via signal [SIGINT]
2026-09-13T13:07:51: PM2 log: App [alkarrar-app:0] starting in -fork mode-
2026-09-13T13:07:51: PM2 log: App [alkarrar-app:0] online
2026-09-13T13:07:52: PM2 log: App [alkarrar-app:0] exited with code [1] via signal [SIGINT]
2026-09-13T13:07:52: PM2 log: App [alkarrar-app:0] starting in -fork mode-
2026-09-13T13:07:52: PM2 log: App [alkarrar-app:0] online
2026-09-13T13:07:52: PM2 log: App [alkarrar-app:0] exited with code [1] via signal [SIGINT]
2026-09-13T13:07:52: PM2 log: App [alkarrar-app:0] starting in -fork mode-
2026-09-13T13:07:52: PM2 log: App [alkarrar-app:0] online
2026-09-13T13:07:52: PM2 log: App [alkarrar-app:0] exited with code [1] via signal [SIGINT]
2026-09-13T13:07:52: PM2 log: App [alkarrar-app:0] starting in -fork mode-
2026-09-13T13:07:52: PM2 log: App [alkarrar-app:0] online
2026-09-13T13:07:53: PM2 log: App [alkarrar-app:0] exited with code [1] via signal [SIGINT]
2026-09-13T13:07:53: PM2 log: App [alkarrar-app:0] starting in -fork mode-
2026-09-13T13:07:53: PM2 log: App [alkarrar-app:0] online
2026-09-13T13:07:53: PM2 log: App [alkarrar-app:0] exited with code [1] via signal [SIGINT]
2026-09-13T13:07:53: PM2 log: App [alkarrar-app:0] starting in -fork mode-
2026-09-13T13:07:53: PM2 log: App [alkarrar-app:0] online
2026-09-13T13:07:54: PM2 log: App [alkarrar-app:0] exited with code [1] via signal [SIGINT]
2026-09-13T13:07:54: PM2 log: App [alkarrar-app:0] starting in -fork mode-
2026-09-13T13:07:54: PM2 log: App [alkarrar-app:0] online
2026-09-13T13:07:54: PM2 log: App [alkarrar-app:0] exited with code [1] via signal [SIGINT]
2026-09-13T13:07:54: PM2 log: App [alkarrar-app:0] starting in -fork mode-
2026-09-13T13:07:54: PM2 log: App [alkarrar-app:0] online
2026-09-13T13:07:54: PM2 log: App [alkarrar-app:0] exited with code [1] via signal [SIGINT]
2026-09-13T13:07:54: PM2 log: App [alkarrar-app:0] starting in -fork mode-
2026-09-13T13:07:54: PM2 log: App [alkarrar-app:0] online
2026-09-13T13:07:55: PM2 log: App [alkarrar-app:0] exited with code [1] via signal [SIGINT]
2026-09-13T13:07:55: PM2 log: App [alkarrar-app:0] starting in -fork mode-
2026-09-13T13:07:55: PM2 log: App [alkarrar-app:0] online
2026-09-13T13:07:55: PM2 log: App [alkarrar-app:0] exited with code [1] via signal [SIGINT]
2026-09-13T13:07:55: PM2 log: App [alkarrar-app:0] starting in -fork mode-
2026-09-13T13:07:55: PM2 log: App [alkarrar-app:0] online
2026-09-13T13:07:56: PM2 log: App [alkarrar-app:0] exited with code [1] via signal [SIGINT]
2026-09-13T13:07:56: PM2 log: App [alkarrar-app:0] starting in -fork mode-
2026-09-13T13:07:56: PM2 log: App [alkarrar-app:0] online
2026-09-13T13:07:56: PM2 log: App [alkarrar-app:0] exited with code [1] via signal [SIGINT]
2026-09-13T13:07:56: PM2 log: App [alkarrar-app:0] starting in -fork mode-
2026-09-13T13:07:56: PM2 log: App [alkarrar-app:0] online
2026-09-13T13:07:56: PM2 log: App [alkarrar-app:0] exited with code [1] via signal [SIGINT]
2026-09-13T13:07:56: PM2 log: App [alkarrar-app:0] starting in -fork mode-
2026-09-13T13:07:56: PM2 log: App [alkarrar-app:0] online
2026-09-13T13:07:57: PM2 log: App [alkarrar-app:0] exited with code [1] via signal [SIGINT]
2026-09-13T13:07:57: PM2 log: App [alkarrar-app:0] starting in -fork mode-
2026-09-13T13:07:57: PM2 log: App [alkarrar-app:0] online
2026-09-13T13:07:57: PM2 log: App [alkarrar-app:0] exited with code [1] via signal [SIGINT]
2026-09-13T13:07:57: PM2 log: App [alkarrar-app:0] starting in -fork mode-
2026-09-13T13:07:57: PM2 log: App [alkarrar-app:0] online
2026-09-13T13:07:57: PM2 log: App [alkarrar-app:0] exited with code [1] via signal [SIGINT]
2026-09-13T13:07:57: PM2 log: App [alkarrar-app:0] starting in -fork mode-
2026-09-13T13:07:57: PM2 log: App [alkarrar-app:0] online
2026-09-13T13:07:58: PM2 log: App [alkarrar-app:0] exited with code [1] via signal [SIGINT]
2026-09-13T13:07:58: PM2 log: App [alkarrar-app:0] starting in -fork mode-
2026-09-13T13:07:58: PM2 log: App [alkarrar-app:0] online
2026-09-13T13:07:58: PM2 log: App [alkarrar-app:0] exited with code [1] via signal [SIGINT]
2026-09-13T13:07:58: PM2 log: App [alkarrar-app:0] starting in -fork mode-
2026-09-13T13:07:58: PM2 log: App [alkarrar-app:0] online
2026-09-13T13:07:59: PM2 log: App [alkarrar-app:0] exited with code [1] via signal [SIGINT]
2026-09-13T13:07:59: PM2 log: App [alkarrar-app:0] starting in -fork mode-
2026-09-13T13:07:59: PM2 log: App [alkarrar-app:0] online
2026-09-13T13:07:59: PM2 log: App [alkarrar-app:0] exited with code [1] via signal [SIGINT]
2026-09-13T13:07:59: PM2 log: App [alkarrar-app:0] starting in -fork mode-
2026-09-13T13:07:59: PM2 log: App [alkarrar-app:0] online
2026-09-13T13:07:59: PM2 log: App [alkarrar-app:0] exited with code [1] via signal [SIGINT]
2026-09-13T13:07:59: PM2 log: App [alkarrar-app:0] starting in -fork mode-
2026-09-13T13:07:59: PM2 log: App [alkarrar-app:0] online
2026-09-13T13:08:00: PM2 log: App [alkarrar-app:0] exited with code [1] via signal [SIGINT]
2026-09-13T13:08:00: PM2 log: App [alkarrar-app:0] starting in -fork mode-
2026-09-13T13:08:00: PM2 log: App [alkarrar-app:0] online
2026-09-13T13:08:00: PM2 log: App [alkarrar-app:0] exited with code [1] via signal [SIGINT]
2026-09-13T13:08:00: PM2 log: App [alkarrar-app:0] starting in -fork mode-
2026-09-13T13:08:00: PM2 log: App [alkarrar-app:0] online
2026-09-13T13:08:01: PM2 log: App [alkarrar-app:0] exited with code [1] via signal [SIGINT]
2026-09-13T13:08:01: PM2 log: App [alkarrar-app:0] starting in -fork mode-
2026-09-13T13:08:01: PM2 log: App [alkarrar-app:0] online
2026-09-13T13:08:01: PM2 log: App [alkarrar-app:0] exited with code [1] via signal [SIGINT]
2026-09-13T13:08:01: PM2 log: App [alkarrar-app:0] starting in -fork mode-
2026-09-13T13:08:01: PM2 log: App [alkarrar-app:0] online
2026-09-13T13:08:02: PM2 log: App [alkarrar-app:0] exited with code [1] via signal [SIGINT]
2026-09-13T13:08:02: PM2 log: App [alkarrar-app:0] starting in -fork mode-
2026-09-13T13:08:02: PM2 log: App [alkarrar-app:0] online
2026-09-13T13:08:03: PM2 log: App [alkarrar-app:0] exited with code [1] via signal [SIGINT]
2026-09-13T13:08:03: PM2 log: App [alkarrar-app:0] starting in -fork mode-
2026-09-13T13:08:03: PM2 log: App [alkarrar-app:0] online
2026-09-13T13:08:03: PM2 log: App [alkarrar-app:0] exited with code [1] via signal [SIGINT]
2026-09-13T13:08:03: PM2 log: App [alkarrar-app:0] starting in -fork mode-
2026-09-13T13:08:03: PM2 log: App [alkarrar-app:0] online
2026-09-13T13:08:04: PM2 log: App [alkarrar-app:0] exited with code [1] via signal [SIGINT]
2026-09-13T13:08:04: PM2 log: App [alkarrar-app:0] starting in -fork mode-
2026-09-13T13:08:04: PM2 log: App [alkarrar-app:0] online
2026-09-13T13:08:04: PM2 log: App [alkarrar-app:0] exited with code [1] via signal [SIGINT]
2026-09-13T13:08:04: PM2 log: App [alkarrar-app:0] starting in -fork mode-
2026-09-13T13:08:04: PM2 log: App [alkarrar-app:0] online
2026-09-13T13:08:05: PM2 log: App [alkarrar-app:0] exited with code [1] via signal [SIGINT]
2026-09-13T13:08:05: PM2 log: App [alkarrar-app:0] starting in -fork mode-
2026-09-13T13:08:05: PM2 log: App [alkarrar-app:0] online
2026-09-13T13:08:05: PM2 log: App [alkarrar-app:0] exited with code [1] via signal [SIGINT]
2026-09-13T13:08:05: PM2 log: App [alkarrar-app:0] starting in -fork mode-
2026-09-13T13:08:05: PM2 log: App [alkarrar-app:0] online
2026-09-13T13:08:05: PM2 log: App [alkarrar-app:0] exited with code [1] via signal [SIGINT]
2026-09-13T13:08:05: PM2 log: App [alkarrar-app:0] starting in -fork mode-
2026-09-13T13:08:05: PM2 log: App [alkarrar-app:0] online
2026-09-13T13:08:06: PM2 log: App [alkarrar-app:0] exited with code [1] via signal [SIGINT]
2026-09-13T13:08:06: PM2 log: App [alkarrar-app:0] starting in -fork mode-
2026-09-13T13:08:06: PM2 log: App [alkarrar-app:0] online
2026-09-13T13:08:06: PM2 log: App [alkarrar-app:0] exited with code [1] via signal [SIGINT]
2026-09-13T13:08:06: PM2 log: App [alkarrar-app:0] starting in -fork mode-
2026-09-13T13:08:06: PM2 log: App [alkarrar-app:0] online
2026-09-13T13:08:07: PM2 log: App [alkarrar-app:0] exited with code [1] via signal [SIGINT]
2026-09-13T13:08:07: PM2 log: App [alkarrar-app:0] starting in -fork mode-
2026-09-13T13:08:07: PM2 log: App [alkarrar-app:0] online
2026-09-13T13:08:07: PM2 log: App [alkarrar-app:0] exited with code [1] via signal [SIGINT]
2026-09-13T13:08:07: PM2 log: App [alkarrar-app:0] starting in -fork mode-
2026-09-13T13:08:07: PM2 log: App [alkarrar-app:0] online
2026-09-13T13:08:08: PM2 log: App [alkarrar-app:0] exited with code [1] via signal [SIGINT]
2026-09-13T13:08:08: PM2 log: App [alkarrar-app:0] starting in -fork mode-
2026-09-13T13:08:08: PM2 log: App [alkarrar-app:0] online
2026-09-13T13:08:08: PM2 log: App [alkarrar-app:0] exited with code [1] via signal [SIGINT]
2026-09-13T13:08:08: PM2 log: App [alkarrar-app:0] starting in -fork mode-
2026-09-13T13:08:08: PM2 log: App [alkarrar-app:0] online
2026-09-13T13:08:09: PM2 log: App [alkarrar-app:0] exited with code [1] via signal [SIGINT]
2026-09-13T13:08:09: PM2 log: App [alkarrar-app:0] starting in -fork mode-
2026-09-13T13:08:09: PM2 log: App [alkarrar-app:0] online
2026-09-13T13:08:09: PM2 log: App [alkarrar-app:0] exited with code [1] via signal [SIGINT]
2026-09-13T13:08:09: PM2 log: App [alkarrar-app:0] starting in -fork mode-
2026-09-13T13:08:09: PM2 log: App [alkarrar-app:0] online
2026-09-13T13:08:09: PM2 log: App [alkarrar-app:0] exited with code [1] via signal [SIGINT]
2026-09-13T13:08:09: PM2 log: App [alkarrar-app:0] starting in -fork mode-
2026-09-13T13:08:09: PM2 log: App [alkarrar-app:0] online
2026-09-13T13:08:10: PM2 log: App [alkarrar-app:0] exited with code [1] via signal [SIGINT]
2026-09-13T13:08:10: PM2 log: App [alkarrar-app:0] starting in -fork mode-
2026-09-13T13:08:10: PM2 log: App [alkarrar-app:0] online
2026-09-13T13:08:10: PM2 log: App [alkarrar-app:0] exited with code [1] via signal [SIGINT]
2026-09-13T13:08:10: PM2 log: App [alkarrar-app:0] starting in -fork mode-
2026-09-13T13:08:10: PM2 log: App [alkarrar-app:0] online
2026-09-13T13:08:11: PM2 log: App [alkarrar-app:0] exited with code [1] via signal [SIGINT]
2026-09-13T13:08:11: PM2 log: App [alkarrar-app:0] starting in -fork mode-
2026-09-13T13:08:11: PM2 log: App [alkarrar-app:0] online
2026-09-13T13:08:11: PM2 log: App [alkarrar-app:0] exited with code [1] via signal [SIGINT]
2026-09-13T13:08:11: PM2 log: App [alkarrar-app:0] starting in -fork mode-
2026-09-13T13:08:11: PM2 log: App [alkarrar-app:0] online
2026-09-13T13:08:12: PM2 log: App [alkarrar-app:0] exited with code [1] via signal [SIGINT]
2026-09-13T13:08:12: PM2 log: App [alkarrar-app:0] starting in -fork mode-
2026-09-13T13:08:12: PM2 log: App [alkarrar-app:0] online
2026-09-13T13:08:12: PM2 log: App [alkarrar-app:0] exited with code [1] via signal [SIGINT]
2026-09-13T13:08:12: PM2 log: App [alkarrar-app:0] starting in -fork mode-
2026-09-13T13:08:12: PM2 log: App [alkarrar-app:0] online
2026-09-13T13:08:13: PM2 log: App [alkarrar-app:0] exited with code [1] via signal [SIGINT]
2026-09-13T13:08:13: PM2 log: App [alkarrar-app:0] starting in -fork mode-
2026-09-13T13:08:13: PM2 log: App [alkarrar-app:0] online
2026-09-13T13:08:14: PM2 log: App [alkarrar-app:0] exited with code [1] via signal [SIGINT]
2026-09-13T13:08:14: PM2 log: App [alkarrar-app:0] starting in -fork mode-
2026-09-13T13:08:14: PM2 log: App [alkarrar-app:0] online
2026-09-13T13:08:15: PM2 log: App [alkarrar-app:0] exited with code [1] via signal [SIGINT]
2026-09-13T13:08:15: PM2 log: App [alkarrar-app:0] starting in -fork mode-
2026-09-13T13:08:15: PM2 log: App [alkarrar-app:0] online
2026-09-13T13:08:17: PM2 log: App [alkarrar-app:0] exited with code [1] via signal [SIGINT]
2026-09-13T13:08:17: PM2 log: App [alkarrar-app:0] starting in -fork mode-
2026-09-13T13:08:17: PM2 log: App [alkarrar-app:0] online
2026-09-13T13:08:18: PM2 log: App [alkarrar-app:0] exited with code [1] via signal [SIGINT]
2026-09-13T13:08:18: PM2 log: App [alkarrar-app:0] starting in -fork mode-
2026-09-13T13:08:18: PM2 log: App [alkarrar-app:0] online
2026-09-13T13:08:19: PM2 log: App [alkarrar-app:0] exited with code [1] via signal [SIGINT]
2026-09-13T13:08:19: PM2 log: App [alkarrar-app:0] starting in -fork mode-
2026-09-13T13:08:19: PM2 log: App [alkarrar-app:0] online
2026-09-13T13:08:20: PM2 log: App [alkarrar-app:0] exited with code [1] via signal [SIGINT]
2026-09-13T13:08:20: PM2 log: App [alkarrar-app:0] starting in -fork mode-
2026-09-13T13:08:20: PM2 log: App [alkarrar-app:0] online
2026-09-13T13:08:21: PM2 log: App [alkarrar-app:0] exited with code [1] via signal [SIGINT]
2026-09-13T13:08:21: PM2 log: App [alkarrar-app:0] starting in -fork mode-
2026-09-13T13:08:21: PM2 log: App [alkarrar-app:0] online
2026-09-13T13:08:22: PM2 log: App [alkarrar-app:0] exited with code [1] via signal [SIGINT]
2026-09-13T13:08:22: PM2 log: App [alkarrar-app:0] starting in -fork mode-
2026-09-13T13:08:22: PM2 log: App [alkarrar-app:0] online
2026-09-13T13:08:23: PM2 log: App [alkarrar-app:0] exited with code [1] via signal [SIGINT]
2026-09-13T13:08:23: PM2 log: App [alkarrar-app:0] starting in -fork mode-
2026-09-13T13:08:23: PM2 log: App [alkarrar-app:0] online
2026-09-13T13:08:24: PM2 log: App [alkarrar-app:0] exited with code [1] via signal [SIGINT]
2026-09-13T13:08:24: PM2 log: App [alkarrar-app:0] starting in -fork mode-
2026-09-13T13:08:24: PM2 log: App [alkarrar-app:0] online
2026-09-13T13:08:25: PM2 log: App [alkarrar-app:0] exited with code [1] via signal [SIGINT]
2026-09-13T13:08:25: PM2 log: App [alkarrar-app:0] starting in -fork mode-
2026-09-13T13:08:25: PM2 log: App [alkarrar-app:0] online
2026-09-13T13:08:26: PM2 log: App [alkarrar-app:0] exited with code [1] via signal [SIGINT]
2026-09-13T13:08:26: PM2 log: App [alkarrar-app:0] starting in -fork mode-
2026-09-13T13:08:26: PM2 log: App [alkarrar-app:0] online
2026-09-13T13:08:27: PM2 log: App [alkarrar-app:0] exited with code [1] via signal [SIGINT]
2026-09-13T13:08:27: PM2 log: App [alkarrar-app:0] starting in -fork mode-
2026-09-13T13:08:27: PM2 log: App [alkarrar-app:0] online
2026-09-13T13:08:27: PM2 log: App [alkarrar-app:0] exited with code [1] via signal [SIGINT]
2026-09-13T13:08:27: PM2 log: App [alkarrar-app:0] starting in -fork mode-
2026-09-13T13:08:27: PM2 log: App [alkarrar-app:0] online
2026-09-13T13:08:28: PM2 log: App [alkarrar-app:0] exited with code [1] via signal [SIGINT]
2026-09-13T13:08:28: PM2 log: App [alkarrar-app:0] starting in -fork mode-
2026-09-13T13:08:28: PM2 log: App [alkarrar-app:0] online
2026-09-13T13:08:29: PM2 log: App [alkarrar-app:0] exited with code [1] via signal [SIGINT]
2026-09-13T13:08:29: PM2 log: App [alkarrar-app:0] starting in -fork mode-
2026-09-13T13:08:29: PM2 log: App [alkarrar-app:0] online
2026-09-13T13:08:30: PM2 log: App [alkarrar-app:0] exited with code [1] via signal [SIGINT]
2026-09-13T13:08:30: PM2 log: App [alkarrar-app:0] starting in -fork mode-
2026-09-13T13:08:30: PM2 log: App [alkarrar-app:0] online
2026-09-13T13:08:31: PM2 log: App [alkarrar-app:0] exited with code [1] via signal [SIGINT]
2026-09-13T13:08:31: PM2 log: App [alkarrar-app:0] starting in -fork mode-
2026-09-13T13:08:31: PM2 log: App [alkarrar-app:0] online
2026-09-13T13:08:32: PM2 log: App [alkarrar-app:0] exited with code [1] via signal [SIGINT]
2026-09-13T13:08:32: PM2 log: App [alkarrar-app:0] starting in -fork mode-
2026-09-13T13:08:32: PM2 log: App [alkarrar-app:0] online
2026-09-13T13:08:33: PM2 log: App [alkarrar-app:0] exited with code [1] via signal [SIGINT]
2026-09-13T13:08:33: PM2 log: App [alkarrar-app:0] starting in -fork mode-
2026-09-13T13:08:33: PM2 log: App [alkarrar-app:0] online
2026-09-13T13:08:34: PM2 log: App [alkarrar-app:0] exited with code [1] via signal [SIGINT]
2026-09-13T13:08:34: PM2 log: App [alkarrar-app:0] starting in -fork mode-
2026-09-13T13:08:34: PM2 log: App [alkarrar-app:0] online
2026-09-13T13:08:35: PM2 log: App [alkarrar-app:0] exited with code [1] via signal [SIGINT]
2026-09-13T13:08:35: PM2 log: App [alkarrar-app:0] starting in -fork mode-
2026-09-13T13:08:35: PM2 log: App [alkarrar-app:0] online
2026-09-13T13:08:35: PM2 log: Stopping app:alkarrar-app id:0
2026-09-13T13:08:35: PM2 log: App [alkarrar-app:0] exited with code [0] via signal [SIGINT]
2026-09-13T13:08:35: PM2 log: pid=150235 msg=process tree killed (1 pids)
2026-09-13T13:11:25: PM2 log: App [alkarrar-app:0] starting in -fork mode-
2026-09-13T13:11:25: PM2 log: App [alkarrar-app:0] online
2026-09-17T11:49:34: PM2 log: Stopping app:alkarrar-app id:0
2026-09-17T11:49:34: PM2 log: pid=150328 msg=failed to kill - retrying in 100ms
2026-09-17T11:49:34: PM2 log: App [alkarrar-app:0] exited with code [0] via signal [SIGINT]
2026-09-17T11:49:34: PM2 log: pid=150328 msg=process tree killed (2 pids)
2026-09-17T11:49:34: PM2 log: App [alkarrar-app:0] starting in -fork mode-
2026-09-17T11:49:34: PM2 log: App [alkarrar-app:0] online
2026-09-17T11:53:07: PM2 log: Stopping app:alkarrar-app id:0
2026-09-17T11:53:07: PM2 log: App [alkarrar-app:0] exited with code [0] via signal [SIGINT]
2026-09-17T11:53:07: PM2 log: pid=220908 msg=process tree killed (2 pids)
2026-09-17T11:53:07: PM2 log: App [alkarrar-app:0] starting in -fork mode-
2026-09-17T11:53:07: PM2 log: App [alkarrar-app:0] online
2026-09-17T11:55:32: PM2 log: Stopping app:alkarrar-app id:0
2026-09-17T11:55:32: PM2 log: App [alkarrar-app:0] exited with code [0] via signal [SIGINT]
2026-09-17T11:55:32: PM2 log: pid=221028 msg=process tree killed (2 pids)
2026-09-17T11:55:32: PM2 log: App [alkarrar-app:0] starting in -fork mode-
2026-09-17T11:55:32: PM2 log: App [alkarrar-app:0] online
2026-09-17T17:19:16: PM2 log: Stopping app:alkarrar-app id:0
2026-09-17T17:19:16: PM2 log: pid=221098 msg=failed to kill - retrying in 100ms
2026-09-17T17:19:16: PM2 log: App [alkarrar-app:0] exited with code [0] via signal [SIGINT]
2026-09-17T17:19:16: PM2 log: pid=221098 msg=process tree killed (2 pids)
2026-09-17T17:19:16: PM2 log: App [alkarrar-app:0] starting in -fork mode-
2026-09-17T17:19:16: PM2 log: App [alkarrar-app:0] online
