0 verbose cli /usr/bin/node /usr/bin/npm
1 info using npm@10.8.2
2 info using node@v20.20.2
3 silly config load:file:/usr/lib/node_modules/npm/npmrc
4 silly config load:file:/var/www/alkarrar-app/.npmrc
5 silly config load:file:/root/.npmrc
6 silly config load:file:/usr/etc/npmrc
7 verbose title npm install
8 verbose argv "install"
9 verbose logfile logs-max:10 dir:/root/.npm/_logs/2026-09-17T11_54_57_878Z-
10 verbose logfile /root/.npm/_logs/2026-09-17T11_54_57_878Z-debug-0.log
11 silly packumentCache heap:2101084160 maxSize:525271040 maxEntrySize:262635520
12 silly logfile start cleaning logs, removing 1 files
13 silly logfile done cleaning log files
14 silly idealTree buildDeps
15 silly fetch manifest @capacitor/background-runner@^3.0.0
16 silly packumentCache full:https://registry.npmjs.org/@capacitor%2fbackground-runner cache-miss
17 http fetch GET 200 https://registry.npmjs.org/@capacitor%2fbackground-runner 631ms (cache updated)
18 silly packumentCache full:https://registry.npmjs.org/@capacitor%2fbackground-runner set size:undefined disposed:false
19 silly fetch manifest @capacitor/core@^8.4.2
20 silly packumentCache full:https://registry.npmjs.org/@capacitor%2fcore cache-miss
21 http fetch GET 200 https://registry.npmjs.org/@capacitor%2fcore 323ms (cache updated)
22 silly packumentCache full:https://registry.npmjs.org/@capacitor%2fcore set size:undefined disposed:false
23 silly fetch manifest @capacitor/network@^8.0.1
24 silly packumentCache full:https://registry.npmjs.org/@capacitor%2fnetwork cache-miss
25 http fetch GET 200 https://registry.npmjs.org/@capacitor%2fnetwork 666ms (cache updated)
26 silly packumentCache full:https://registry.npmjs.org/@capacitor%2fnetwork set size:undefined disposed:false
27 silly fetch manifest @types/pg@^8.20.4
28 silly packumentCache full:https://registry.npmjs.org/@types%2fpg cache-miss
29 http fetch GET 200 https://registry.npmjs.org/@types%2fpg 74ms (cache revalidated)
30 silly packumentCache full:https://registry.npmjs.org/@types%2fpg set size:208301 disposed:false
31 silly fetch manifest drizzle-kit@^0.31.10
32 silly packumentCache full:https://registry.npmjs.org/drizzle-kit cache-miss
33 http fetch GET 200 https://registry.npmjs.org/drizzle-kit 35ms (cache revalidated)
34 silly packumentCache full:https://registry.npmjs.org/drizzle-kit set size:2760982 disposed:false
35 silly fetch manifest drizzle-orm@^0.45.2
36 silly packumentCache full:https://registry.npmjs.org/drizzle-orm cache-miss
37 http fetch GET 200 https://registry.npmjs.org/drizzle-orm 4472ms (cache revalidated)
38 silly packumentCache full:https://registry.npmjs.org/drizzle-orm set size:64473358 disposed:false
39 silly fetch manifest @aws-sdk/client-rds-data@>=3
40 silly packumentCache full:https://registry.npmjs.org/@aws-sdk%2fclient-rds-data cache-miss
41 http fetch GET 200 https://registry.npmjs.org/@aws-sdk%2fclient-rds-data 236ms (cache updated)
42 silly packumentCache full:https://registry.npmjs.org/@aws-sdk%2fclient-rds-data set size:undefined disposed:false
43 silly fetch manifest @cloudflare/workers-types@>=4
44 silly packumentCache full:https://registry.npmjs.org/@cloudflare%2fworkers-types cache-miss
45 http fetch GET 200 https://registry.npmjs.org/@cloudflare%2fworkers-types 239ms (cache updated)
46 silly packumentCache full:https://registry.npmjs.org/@cloudflare%2fworkers-types set size:undefined disposed:false
47 silly fetch manifest @electric-sql/pglite@>=0.2.0
48 silly packumentCache full:https://registry.npmjs.org/@electric-sql%2fpglite cache-miss
49 http fetch GET 200 https://registry.npmjs.org/@electric-sql%2fpglite 31ms (cache revalidated)
50 silly packumentCache full:https://registry.npmjs.org/@electric-sql%2fpglite set size:367325 disposed:false
51 silly fetch manifest @libsql/client@>=0.10.0
52 silly packumentCache full:https://registry.npmjs.org/@libsql%2fclient cache-miss
53 http fetch GET 200 https://registry.npmjs.org/@libsql%2fclient 38ms (cache revalidated)
54 silly packumentCache full:https://registry.npmjs.org/@libsql%2fclient set size:396230 disposed:false
55 silly fetch manifest @libsql/client-wasm@>=0.10.0
56 silly packumentCache full:https://registry.npmjs.org/@libsql%2fclient-wasm cache-miss
57 http fetch GET 200 https://registry.npmjs.org/@libsql%2fclient-wasm 33ms (cache revalidated)
58 silly packumentCache full:https://registry.npmjs.org/@libsql%2fclient-wasm set size:151333 disposed:false
59 silly fetch manifest @neondatabase/serverless@>=0.10.0
60 silly packumentCache full:https://registry.npmjs.org/@neondatabase%2fserverless cache-miss
61 http fetch GET 200 https://registry.npmjs.org/@neondatabase%2fserverless 31ms (cache revalidated)
62 silly packumentCache full:https://registry.npmjs.org/@neondatabase%2fserverless set size:178582 disposed:false
63 silly fetch manifest @op-engineering/op-sqlite@>=2
64 silly packumentCache full:https://registry.npmjs.org/@op-engineering%2fop-sqlite cache-miss
65 http fetch GET 200 https://registry.npmjs.org/@op-engineering%2fop-sqlite 68ms (cache updated)
66 silly packumentCache full:https://registry.npmjs.org/@op-engineering%2fop-sqlite set size:undefined disposed:false
67 silly fetch manifest @sqlite.org/sqlite-wasm@*
68 silly packumentCache full:https://registry.npmjs.org/@sqlite.org%2fsqlite-wasm cache-miss
69 http fetch GET 200 https://registry.npmjs.org/@sqlite.org%2fsqlite-wasm 85ms (cache revalidated)
70 silly packumentCache full:https://registry.npmjs.org/@sqlite.org%2fsqlite-wasm set size:235207 disposed:false
71 silly fetch manifest react@^19.0.1
72 silly packumentCache full:https://registry.npmjs.org/react cache-miss
73 http fetch GET 200 https://registry.npmjs.org/react 177ms (cache updated)
74 silly packumentCache full:https://registry.npmjs.org/react set size:undefined disposed:false
75 silly fetch manifest react-native@*
76 silly packumentCache full:https://registry.npmjs.org/react-native cache-miss
77 http fetch GET 200 https://registry.npmjs.org/react-native 286ms (cache updated)
78 silly packumentCache full:https://registry.npmjs.org/react-native set size:undefined disposed:false
79 silly fetch manifest @react-native/jest-preset@0.86.3
80 silly packumentCache full:https://registry.npmjs.org/@react-native%2fjest-preset cache-miss
81 http fetch GET 200 https://registry.npmjs.org/@react-native%2fjest-preset 168ms (cache updated)
82 silly packumentCache full:https://registry.npmjs.org/@react-native%2fjest-preset set size:undefined disposed:false
83 silly fetch manifest @types/react@^19.2.17
84 silly packumentCache full:https://registry.npmjs.org/@types%2freact cache-miss
85 http fetch GET 200 https://registry.npmjs.org/@types%2freact 38ms (cache revalidated)
86 silly packumentCache full:https://registry.npmjs.org/@types%2freact set size:2642161 disposed:false
87 silly fetch manifest @opentelemetry/api@^1.4.1
88 silly packumentCache full:https://registry.npmjs.org/@opentelemetry%2fapi cache-miss
89 http fetch GET 200 https://registry.npmjs.org/@opentelemetry%2fapi 31ms (cache revalidated)
90 silly packumentCache full:https://registry.npmjs.org/@opentelemetry%2fapi set size:272967 disposed:false
91 silly fetch manifest @planetscale/database@>=1.13
92 silly packumentCache full:https://registry.npmjs.org/@planetscale%2fdatabase cache-miss
93 http fetch GET 200 https://registry.npmjs.org/@planetscale%2fdatabase 32ms (cache revalidated)
94 silly packumentCache full:https://registry.npmjs.org/@planetscale%2fdatabase set size:131439 disposed:false
95 silly fetch manifest @prisma/client@*
96 silly packumentCache full:https://registry.npmjs.org/@prisma%2fclient cache-miss
97 http fetch GET 200 https://registry.npmjs.org/@prisma%2fclient 1094ms (cache updated)
98 silly packumentCache full:https://registry.npmjs.org/@prisma%2fclient set size:undefined disposed:false
99 silly fetch manifest prisma@*
100 silly packumentCache full:https://registry.npmjs.org/prisma cache-miss
101 http fetch GET 200 https://registry.npmjs.org/prisma 2858ms (cache updated)
102 silly packumentCache full:https://registry.npmjs.org/prisma set size:undefined disposed:false
103 silly fetch manifest better-sqlite3@>=9.0.0
104 silly packumentCache full:https://registry.npmjs.org/better-sqlite3 cache-miss
105 http fetch GET 200 https://registry.npmjs.org/better-sqlite3 28ms (cache revalidated)
106 silly packumentCache full:https://registry.npmjs.org/better-sqlite3 set size:393419 disposed:false
107 silly fetch manifest typescript@~5.8.2
108 silly packumentCache full:https://registry.npmjs.org/typescript cache-miss
109 http fetch GET 200 https://registry.npmjs.org/typescript 267ms (cache updated)
110 silly packumentCache full:https://registry.npmjs.org/typescript set size:undefined disposed:false
111 silly fetch manifest @tidbcloud/serverless@*
112 silly packumentCache full:https://registry.npmjs.org/@tidbcloud%2fserverless cache-miss
113 http fetch GET 200 https://registry.npmjs.org/@tidbcloud%2fserverless 40ms (cache revalidated)
114 silly packumentCache full:https://registry.npmjs.org/@tidbcloud%2fserverless set size:51334 disposed:false
115 silly fetch manifest @types/better-sqlite3@*
116 silly packumentCache full:https://registry.npmjs.org/@types%2fbetter-sqlite3 cache-miss
117 http fetch GET 200 https://registry.npmjs.org/@types%2fbetter-sqlite3 180ms (cache revalidated)
118 silly packumentCache full:https://registry.npmjs.org/@types%2fbetter-sqlite3 set size:85227 disposed:false
119 silly fetch manifest @types/sql.js@*
120 silly packumentCache full:https://registry.npmjs.org/@types%2fsql.js cache-miss
121 http fetch GET 200 https://registry.npmjs.org/@types%2fsql.js 35ms (cache revalidated)
122 silly packumentCache full:https://registry.npmjs.org/@types%2fsql.js set size:50269 disposed:false
123 silly fetch manifest @upstash/redis@>=1.34.7
124 silly packumentCache full:https://registry.npmjs.org/@upstash%2fredis cache-miss
125 http fetch GET 200 https://registry.npmjs.org/@upstash%2fredis 122ms (cache updated)
126 silly packumentCache full:https://registry.npmjs.org/@upstash%2fredis set size:undefined disposed:false
127 silly fetch manifest @vercel/postgres@>=0.8.0
128 silly packumentCache full:https://registry.npmjs.org/@vercel%2fpostgres cache-miss
129 http fetch GET 200 https://registry.npmjs.org/@vercel%2fpostgres 83ms (cache revalidated)
130 silly packumentCache full:https://registry.npmjs.org/@vercel%2fpostgres set size:247779 disposed:false
131 silly fetch manifest @xata.io/client@*
132 silly packumentCache full:https://registry.npmjs.org/@xata.io%2fclient cache-miss
133 http fetch GET 200 https://registry.npmjs.org/@xata.io%2fclient 95ms (cache revalidated)
134 silly packumentCache full:https://registry.npmjs.org/@xata.io%2fclient set size:11854695 disposed:false
135 silly fetch manifest bun-types@*
136 silly packumentCache full:https://registry.npmjs.org/bun-types cache-miss
137 http fetch GET 200 https://registry.npmjs.org/bun-types 100ms (cache updated)
138 silly packumentCache full:https://registry.npmjs.org/bun-types set size:undefined disposed:false
139 silly fetch manifest expo-sqlite@>=14.0.0
140 silly packumentCache full:https://registry.npmjs.org/expo-sqlite cache-miss
141 http fetch GET 200 https://registry.npmjs.org/expo-sqlite 49ms (cache updated)
142 silly packumentCache full:https://registry.npmjs.org/expo-sqlite set size:undefined disposed:false
143 silly fetch manifest expo@*
144 silly packumentCache full:https://registry.npmjs.org/expo cache-miss
145 http fetch GET 200 https://registry.npmjs.org/expo 131ms (cache updated)
146 silly packumentCache full:https://registry.npmjs.org/expo set size:undefined disposed:false
147 silly fetch manifest @expo/metro-runtime@*
148 silly packumentCache full:https://registry.npmjs.org/@expo%2fmetro-runtime cache-miss
149 http fetch GET 200 https://registry.npmjs.org/@expo%2fmetro-runtime 58ms (cache updated)
150 silly packumentCache full:https://registry.npmjs.org/@expo%2fmetro-runtime set size:undefined disposed:false
151 silly fetch manifest react-dom@^19.0.1
152 silly packumentCache full:https://registry.npmjs.org/react-dom cache-miss
153 http fetch GET 200 https://registry.npmjs.org/react-dom 200ms (cache updated)
154 silly packumentCache full:https://registry.npmjs.org/react-dom set size:undefined disposed:false
155 silly fetch manifest react-native-web@*
156 silly packumentCache full:https://registry.npmjs.org/react-native-web cache-miss
157 http fetch GET 200 https://registry.npmjs.org/react-native-web 136ms (cache updated)
158 silly packumentCache full:https://registry.npmjs.org/react-native-web set size:undefined disposed:false
159 silly fetch manifest react-native-webview@*
160 silly packumentCache full:https://registry.npmjs.org/react-native-webview cache-miss
161 http fetch GET 200 https://registry.npmjs.org/react-native-webview 26ms (cache revalidated)
162 silly packumentCache full:https://registry.npmjs.org/react-native-webview set size:1379763 disposed:false
163 silly fetch manifest gel@>=2
164 silly packumentCache full:https://registry.npmjs.org/gel cache-miss
165 http fetch GET 200 https://registry.npmjs.org/gel 30ms (cache updated)
166 silly packumentCache full:https://registry.npmjs.org/gel set size:undefined disposed:false
167 silly fetch manifest knex@*
168 silly packumentCache full:https://registry.npmjs.org/knex cache-miss
169 http fetch GET 200 https://registry.npmjs.org/knex 28ms (cache revalidated)
170 silly packumentCache full:https://registry.npmjs.org/knex set size:1362381 disposed:false
171 silly fetch manifest pg-query-stream@^4.14.0
172 silly packumentCache full:https://registry.npmjs.org/pg-query-stream cache-miss
173 http fetch GET 200 https://registry.npmjs.org/pg-query-stream 23ms (cache revalidated)
174 silly packumentCache full:https://registry.npmjs.org/pg-query-stream set size:189102 disposed:false
175 silly fetch manifest pg@^8.22.0
176 silly packumentCache full:https://registry.npmjs.org/pg cache-miss
177 http fetch GET 200 https://registry.npmjs.org/pg 40ms (cache revalidated)
178 silly packumentCache full:https://registry.npmjs.org/pg set size:482398 disposed:false
179 silly fetch manifest pg-native@>=3.0.1
180 silly packumentCache full:https://registry.npmjs.org/pg-native cache-miss
181 http fetch GET 200 https://registry.npmjs.org/pg-native 32ms (cache revalidated)
182 silly packumentCache full:https://registry.npmjs.org/pg-native set size:94559 disposed:false
183 silly fetch manifest kysely@*
184 silly packumentCache full:https://registry.npmjs.org/kysely cache-miss
185 http fetch GET 200 https://registry.npmjs.org/kysely 47ms (cache updated)
186 silly packumentCache full:https://registry.npmjs.org/kysely set size:undefined disposed:false
187 silly fetch manifest mysql2@>=2
188 silly packumentCache full:https://registry.npmjs.org/mysql2 cache-miss
189 http fetch GET 200 https://registry.npmjs.org/mysql2 35ms (cache revalidated)
190 silly packumentCache full:https://registry.npmjs.org/mysql2 set size:1007591 disposed:false
191 silly fetch manifest @types/node@^22.14.0
192 silly packumentCache full:https://registry.npmjs.org/@types%2fnode cache-miss
193 http fetch GET 200 https://registry.npmjs.org/@types%2fnode 189ms (cache updated)
194 silly packumentCache full:https://registry.npmjs.org/@types%2fnode set size:undefined disposed:false
195 silly fetch manifest postgres@>=3
196 silly packumentCache full:https://registry.npmjs.org/postgres cache-miss
197 http fetch GET 200 https://registry.npmjs.org/postgres 29ms (cache revalidated)
198 silly packumentCache full:https://registry.npmjs.org/postgres set size:185872 disposed:false
199 silly fetch manifest sql.js@>=1
200 silly packumentCache full:https://registry.npmjs.org/sql.js cache-miss
201 http fetch GET 200 https://registry.npmjs.org/sql.js 179ms (cache revalidated)
202 silly packumentCache full:https://registry.npmjs.org/sql.js set size:129060 disposed:false
203 silly fetch manifest sqlite3@>=5
204 silly packumentCache full:https://registry.npmjs.org/sqlite3 cache-miss
205 http fetch GET 200 https://registry.npmjs.org/sqlite3 29ms (cache revalidated)
206 silly packumentCache full:https://registry.npmjs.org/sqlite3 set size:330693 disposed:false
207 silly placeDep ROOT @capacitor/background-runner@3.0.0 OK for: react-example@0.0.0 want: ^3.0.0
208 silly placeDep ROOT @capacitor/network@8.0.1 OK for: react-example@0.0.0 want: ^8.0.1
209 silly placeDep ROOT @types/pg@8.23.1 OK for: react-example@0.0.0 want: ^8.20.4
210 silly placeDep ROOT drizzle-kit@0.31.10 OK for: react-example@0.0.0 want: ^0.31.10
211 silly placeDep ROOT drizzle-orm@0.45.2 OK for: react-example@0.0.0 want: ^0.45.2
212 silly placeDep ROOT pg@8.23.0 OK for: react-example@0.0.0 want: ^8.22.0
213 silly fetch manifest pg-types@^2.2.0
214 silly packumentCache full:https://registry.npmjs.org/pg-types cache-miss
215 http fetch GET 200 https://registry.npmjs.org/pg-types 28ms (cache revalidated)
216 silly packumentCache full:https://registry.npmjs.org/pg-types set size:51397 disposed:false
217 silly fetch manifest pg-protocol@*
218 silly packumentCache full:https://registry.npmjs.org/pg-protocol cache-miss
219 http fetch GET 200 https://registry.npmjs.org/pg-protocol 24ms (cache revalidated)
220 silly packumentCache full:https://registry.npmjs.org/pg-protocol set size:57363 disposed:false
221 silly fetch manifest @drizzle-team/brocli@^0.10.2
222 silly packumentCache full:https://registry.npmjs.org/@drizzle-team%2fbrocli cache-miss
223 http fetch GET 200 https://registry.npmjs.org/@drizzle-team%2fbrocli 39ms (cache revalidated)
224 silly packumentCache full:https://registry.npmjs.org/@drizzle-team%2fbrocli set size:102503 disposed:false
225 silly fetch manifest @esbuild-kit/esm-loader@^2.5.5
226 silly packumentCache full:https://registry.npmjs.org/@esbuild-kit%2fesm-loader cache-miss
227 http fetch GET 200 https://registry.npmjs.org/@esbuild-kit%2fesm-loader 34ms (cache revalidated)
228 silly packumentCache full:https://registry.npmjs.org/@esbuild-kit%2fesm-loader set size:92739 disposed:false
229 silly fetch manifest pgpass@1.0.5
230 silly packumentCache full:https://registry.npmjs.org/pgpass cache-miss
231 http fetch GET 200 https://registry.npmjs.org/pgpass 33ms (cache revalidated)
232 silly packumentCache full:https://registry.npmjs.org/pgpass set size:28590 disposed:false
233 silly fetch manifest pg-pool@^3.14.0
234 silly packumentCache full:https://registry.npmjs.org/pg-pool cache-miss
235 http fetch GET 200 https://registry.npmjs.org/pg-pool 21ms (cache revalidated)
236 silly packumentCache full:https://registry.npmjs.org/pg-pool set size:132010 disposed:false
237 silly fetch manifest pg-types@2.2.0
238 silly packumentCache full:https://registry.npmjs.org/pg-types cache-hit
239 silly fetch manifest pg-protocol@^1.16.0
240 silly packumentCache full:https://registry.npmjs.org/pg-protocol cache-hit
241 silly fetch manifest pg-connection-string@^2.14.0
242 silly packumentCache full:https://registry.npmjs.org/pg-connection-string cache-miss
243 http fetch GET 200 https://registry.npmjs.org/pg-connection-string 28ms (cache revalidated)
244 silly packumentCache full:https://registry.npmjs.org/pg-connection-string set size:78715 disposed:false
245 silly fetch manifest pg-cloudflare@^1.4.0
246 silly packumentCache full:https://registry.npmjs.org/pg-cloudflare cache-miss
247 http fetch GET 200 https://registry.npmjs.org/pg-cloudflare 21ms (cache revalidated)
248 silly packumentCache full:https://registry.npmjs.org/pg-cloudflare set size:22655 disposed:false
249 silly placeDep ROOT pg-protocol@1.16.0 OK for: @types/pg@8.23.1 want: *
250 silly placeDep ROOT pg-types@2.2.0 OK for: @types/pg@8.23.1 want: ^2.2.0
251 silly fetch manifest pg-int8@1.0.1
252 silly packumentCache full:https://registry.npmjs.org/pg-int8 cache-miss
253 http fetch GET 200 https://registry.npmjs.org/pg-int8 21ms (cache revalidated)
254 silly packumentCache full:https://registry.npmjs.org/pg-int8 set size:3652 disposed:false
255 silly fetch manifest postgres-date@~1.0.4
256 silly packumentCache full:https://registry.npmjs.org/postgres-date cache-miss
257 http fetch GET 200 https://registry.npmjs.org/postgres-date 26ms (cache revalidated)
258 silly packumentCache full:https://registry.npmjs.org/postgres-date set size:27126 disposed:false
259 silly fetch manifest postgres-array@~2.0.0
260 silly packumentCache full:https://registry.npmjs.org/postgres-array cache-miss
261 http fetch GET 200 https://registry.npmjs.org/postgres-array 20ms (cache revalidated)
262 silly packumentCache full:https://registry.npmjs.org/postgres-array set size:21967 disposed:false
263 silly fetch manifest postgres-bytea@~1.0.0
264 silly packumentCache full:https://registry.npmjs.org/postgres-bytea cache-miss
265 http fetch GET 200 https://registry.npmjs.org/postgres-bytea 30ms (cache revalidated)
266 silly packumentCache full:https://registry.npmjs.org/postgres-bytea set size:8854 disposed:false
267 silly fetch manifest postgres-interval@^1.1.0
268 silly packumentCache full:https://registry.npmjs.org/postgres-interval cache-miss
269 http fetch GET 200 https://registry.npmjs.org/postgres-interval 20ms (cache revalidated)
270 silly packumentCache full:https://registry.npmjs.org/postgres-interval set size:33033 disposed:false
271 silly placeDep ROOT @drizzle-team/brocli@0.10.2 OK for: drizzle-kit@0.31.10 want: ^0.10.2
272 silly placeDep ROOT @esbuild-kit/esm-loader@2.6.5 OK for: drizzle-kit@0.31.10 want: ^2.5.5
273 silly fetch manifest get-tsconfig@^4.7.0
274 silly packumentCache full:https://registry.npmjs.org/get-tsconfig cache-miss
275 http fetch GET 200 https://registry.npmjs.org/get-tsconfig 19ms (cache revalidated)
276 silly packumentCache full:https://registry.npmjs.org/get-tsconfig set size:146232 disposed:false
277 silly fetch manifest @esbuild-kit/core-utils@^3.3.2
278 silly packumentCache full:https://registry.npmjs.org/@esbuild-kit%2fcore-utils cache-miss
279 http fetch GET 200 https://registry.npmjs.org/@esbuild-kit%2fcore-utils 194ms (cache revalidated)
280 silly packumentCache full:https://registry.npmjs.org/@esbuild-kit%2fcore-utils set size:92062 disposed:false
281 silly placeDep ROOT @esbuild-kit/core-utils@3.3.2 OK for: @esbuild-kit/esm-loader@2.6.5 want: ^3.3.2
282 silly placeDep ROOT get-tsconfig@4.14.3 OK for: @esbuild-kit/esm-loader@2.6.5 want: ^4.7.0
283 silly fetch manifest esbuild@~0.18.20
284 silly packumentCache full:https://registry.npmjs.org/esbuild cache-miss
285 http fetch GET 200 https://registry.npmjs.org/esbuild 29ms (cache revalidated)
286 silly packumentCache full:https://registry.npmjs.org/esbuild set size:1264676 disposed:false
287 silly fetch manifest source-map-support@^0.5.21
288 silly packumentCache full:https://registry.npmjs.org/source-map-support cache-miss
289 http fetch GET 200 https://registry.npmjs.org/source-map-support 30ms (cache revalidated)
290 silly packumentCache full:https://registry.npmjs.org/source-map-support set size:125488 disposed:false
291 silly fetch manifest resolve-pkg-maps@^1.0.0
292 silly packumentCache full:https://registry.npmjs.org/resolve-pkg-maps cache-miss
293 http fetch GET 200 https://registry.npmjs.org/resolve-pkg-maps 18ms (cache revalidated)
294 silly packumentCache full:https://registry.npmjs.org/resolve-pkg-maps set size:11615 disposed:false
295 silly placeDep node_modules/@esbuild-kit/core-utils esbuild@0.18.20 OK for: @esbuild-kit/core-utils@3.3.2 want: ~0.18.20
296 silly placeDep ROOT source-map-support@0.5.21 OK for: @esbuild-kit/core-utils@3.3.2 want: ^0.5.21
297 silly fetch manifest @esbuild/linux-arm@0.18.20
298 silly packumentCache full:https://registry.npmjs.org/@esbuild%2flinux-arm cache-miss
299 http fetch GET 200 https://registry.npmjs.org/@esbuild%2flinux-arm 36ms (cache revalidated)
300 silly packumentCache full:https://registry.npmjs.org/@esbuild%2flinux-arm set size:198596 disposed:false
301 silly fetch manifest @esbuild/linux-x64@0.18.20
302 silly packumentCache full:https://registry.npmjs.org/@esbuild%2flinux-x64 cache-miss
303 http fetch GET 200 https://registry.npmjs.org/@esbuild%2flinux-x64 40ms (cache revalidated)
304 silly packumentCache full:https://registry.npmjs.org/@esbuild%2flinux-x64 set size:198942 disposed:false
305 silly fetch manifest @esbuild/sunos-x64@0.18.20
306 silly packumentCache full:https://registry.npmjs.org/@esbuild%2fsunos-x64 cache-miss
307 http fetch GET 200 https://registry.npmjs.org/@esbuild%2fsunos-x64 61ms (cache revalidated)
308 silly packumentCache full:https://registry.npmjs.org/@esbuild%2fsunos-x64 set size:199187 disposed:false
309 silly fetch manifest @esbuild/win32-x64@0.18.20
310 silly packumentCache full:https://registry.npmjs.org/@esbuild%2fwin32-x64 cache-miss
311 http fetch GET 200 https://registry.npmjs.org/@esbuild%2fwin32-x64 48ms (cache revalidated)
312 silly packumentCache full:https://registry.npmjs.org/@esbuild%2fwin32-x64 set size:197540 disposed:false
313 silly fetch manifest @esbuild/darwin-x64@0.18.20
314 silly packumentCache full:https://registry.npmjs.org/@esbuild%2fdarwin-x64 cache-miss
315 http fetch GET 200 https://registry.npmjs.org/@esbuild%2fdarwin-x64 42ms (cache revalidated)
316 silly packumentCache full:https://registry.npmjs.org/@esbuild%2fdarwin-x64 set size:199670 disposed:false
317 silly fetch manifest @esbuild/linux-ia32@0.18.20
318 silly packumentCache full:https://registry.npmjs.org/@esbuild%2flinux-ia32 cache-miss
319 http fetch GET 200 https://registry.npmjs.org/@esbuild%2flinux-ia32 40ms (cache revalidated)
320 silly packumentCache full:https://registry.npmjs.org/@esbuild%2flinux-ia32 set size:199625 disposed:false
321 silly fetch manifest @esbuild/netbsd-x64@0.18.20
322 silly packumentCache full:https://registry.npmjs.org/@esbuild%2fnetbsd-x64 cache-miss
323 http fetch GET 200 https://registry.npmjs.org/@esbuild%2fnetbsd-x64 54ms (cache revalidated)
324 silly packumentCache full:https://registry.npmjs.org/@esbuild%2fnetbsd-x64 set size:197314 disposed:false
325 silly fetch manifest @esbuild/win32-ia32@0.18.20
326 silly packumentCache full:https://registry.npmjs.org/@esbuild%2fwin32-ia32 cache-miss
327 http fetch GET 200 https://registry.npmjs.org/@esbuild%2fwin32-ia32 41ms (cache revalidated)
328 silly packumentCache full:https://registry.npmjs.org/@esbuild%2fwin32-ia32 set size:199854 disposed:false
329 silly fetch manifest @esbuild/android-arm@0.18.20
330 silly packumentCache full:https://registry.npmjs.org/@esbuild%2fandroid-arm cache-miss
331 http fetch GET 200 https://registry.npmjs.org/@esbuild%2fandroid-arm 35ms (cache revalidated)
332 silly packumentCache full:https://registry.npmjs.org/@esbuild%2fandroid-arm set size:225217 disposed:false
333 silly fetch manifest @esbuild/android-x64@0.18.20
334 silly packumentCache full:https://registry.npmjs.org/@esbuild%2fandroid-x64 cache-miss
335 http fetch GET 200 https://registry.npmjs.org/@esbuild%2fandroid-x64 37ms (cache revalidated)
336 silly packumentCache full:https://registry.npmjs.org/@esbuild%2fandroid-x64 set size:199017 disposed:false
337 silly fetch manifest @esbuild/freebsd-x64@0.18.20
338 silly packumentCache full:https://registry.npmjs.org/@esbuild%2ffreebsd-x64 cache-miss
339 http fetch GET 200 https://registry.npmjs.org/@esbuild%2ffreebsd-x64 38ms (cache revalidated)
340 silly packumentCache full:https://registry.npmjs.org/@esbuild%2ffreebsd-x64 set size:200565 disposed:false
341 silly fetch manifest @esbuild/linux-arm64@0.18.20
342 silly packumentCache full:https://registry.npmjs.org/@esbuild%2flinux-arm64 cache-miss
343 http fetch GET 200 https://registry.npmjs.org/@esbuild%2flinux-arm64 40ms (cache revalidated)
344 silly packumentCache full:https://registry.npmjs.org/@esbuild%2flinux-arm64 set size:200773 disposed:false
345 silly fetch manifest @esbuild/linux-ppc64@0.18.20
346 silly packumentCache full:https://registry.npmjs.org/@esbuild%2flinux-ppc64 cache-miss
347 http fetch GET 200 https://registry.npmjs.org/@esbuild%2flinux-ppc64 55ms (cache revalidated)
348 silly packumentCache full:https://registry.npmjs.org/@esbuild%2flinux-ppc64 set size:202845 disposed:false
349 silly fetch manifest @esbuild/linux-s390x@0.18.20
350 silly packumentCache full:https://registry.npmjs.org/@esbuild%2flinux-s390x cache-miss
351 http fetch GET 200 https://registry.npmjs.org/@esbuild%2flinux-s390x 37ms (cache revalidated)
352 silly packumentCache full:https://registry.npmjs.org/@esbuild%2flinux-s390x set size:202310 disposed:false
353 silly fetch manifest @esbuild/openbsd-x64@0.18.20
354 silly packumentCache full:https://registry.npmjs.org/@esbuild%2fopenbsd-x64 cache-miss
355 http fetch GET 200 https://registry.npmjs.org/@esbuild%2fopenbsd-x64 36ms (cache revalidated)
356 silly packumentCache full:https://registry.npmjs.org/@esbuild%2fopenbsd-x64 set size:200576 disposed:false
357 silly fetch manifest @esbuild/win32-arm64@0.18.20
358 silly packumentCache full:https://registry.npmjs.org/@esbuild%2fwin32-arm64 cache-miss
359 http fetch GET 200 https://registry.npmjs.org/@esbuild%2fwin32-arm64 35ms (cache revalidated)
360 silly packumentCache full:https://registry.npmjs.org/@esbuild%2fwin32-arm64 set size:201005 disposed:false
361 silly fetch manifest @esbuild/darwin-arm64@0.18.20
362 silly packumentCache full:https://registry.npmjs.org/@esbuild%2fdarwin-arm64 cache-miss
363 http fetch GET 200 https://registry.npmjs.org/@esbuild%2fdarwin-arm64 46ms (cache revalidated)
364 silly packumentCache full:https://registry.npmjs.org/@esbuild%2fdarwin-arm64 set size:201471 disposed:false
365 silly fetch manifest @esbuild/android-arm64@0.18.20
366 silly packumentCache full:https://registry.npmjs.org/@esbuild%2fandroid-arm64 cache-miss
367 http fetch GET 200 https://registry.npmjs.org/@esbuild%2fandroid-arm64 37ms (cache revalidated)
368 silly packumentCache full:https://registry.npmjs.org/@esbuild%2fandroid-arm64 set size:204216 disposed:false
369 silly fetch manifest @esbuild/freebsd-arm64@0.18.20
370 silly packumentCache full:https://registry.npmjs.org/@esbuild%2ffreebsd-arm64 cache-miss
371 http fetch GET 200 https://registry.npmjs.org/@esbuild%2ffreebsd-arm64 45ms (cache revalidated)
372 silly packumentCache full:https://registry.npmjs.org/@esbuild%2ffreebsd-arm64 set size:202383 disposed:false
373 silly fetch manifest @esbuild/linux-loong64@0.18.20
374 silly packumentCache full:https://registry.npmjs.org/@esbuild%2flinux-loong64 cache-miss
375 http fetch GET 200 https://registry.npmjs.org/@esbuild%2flinux-loong64 53ms (cache revalidated)
376 silly packumentCache full:https://registry.npmjs.org/@esbuild%2flinux-loong64 set size:255749 disposed:false
377 silly fetch manifest @esbuild/linux-riscv64@0.18.20
378 silly packumentCache full:https://registry.npmjs.org/@esbuild%2flinux-riscv64 cache-miss
379 http fetch GET 200 https://registry.npmjs.org/@esbuild%2flinux-riscv64 38ms (cache revalidated)
380 silly packumentCache full:https://registry.npmjs.org/@esbuild%2flinux-riscv64 set size:202512 disposed:false
381 silly fetch manifest @esbuild/linux-mips64el@0.18.20
382 silly packumentCache full:https://registry.npmjs.org/@esbuild%2flinux-mips64el cache-miss
383 http fetch GET 200 https://registry.npmjs.org/@esbuild%2flinux-mips64el 37ms (cache revalidated)
384 silly packumentCache full:https://registry.npmjs.org/@esbuild%2flinux-mips64el set size:204633 disposed:false
385 silly fetch manifest buffer-from@^1.0.0
386 silly packumentCache full:https://registry.npmjs.org/buffer-from cache-miss
387 http fetch GET 200 https://registry.npmjs.org/buffer-from 24ms (cache revalidated)
388 silly packumentCache full:https://registry.npmjs.org/buffer-from set size:15463 disposed:false
389 silly fetch manifest source-map@^0.6.0
390 silly packumentCache full:https://registry.npmjs.org/source-map cache-miss
391 http fetch GET 200 https://registry.npmjs.org/source-map 28ms (cache revalidated)
392 silly packumentCache full:https://registry.npmjs.org/source-map set size:231637 disposed:false
393 silly placeDep ROOT resolve-pkg-maps@1.0.0 OK for: get-tsconfig@4.14.3 want: ^1.0.0
394 silly fetch manifest pg@>=8.0
395 silly packumentCache full:https://registry.npmjs.org/pg cache-hit
396 silly placeDep ROOT pg-cloudflare@1.4.0 OK for: pg@8.23.0 want: ^1.4.0
397 silly placeDep ROOT pg-connection-string@2.14.0 OK for: pg@8.23.0 want: ^2.14.0
398 silly placeDep ROOT pg-pool@3.14.0 OK for: pg@8.23.0 want: ^3.14.0
399 silly placeDep ROOT pgpass@1.0.5 OK for: pg@8.23.0 want: 1.0.5
400 silly placeDep ROOT pg-int8@1.0.1 OK for: pg-types@2.2.0 want: 1.0.1
401 silly placeDep ROOT postgres-array@2.0.0 OK for: pg-types@2.2.0 want: ~2.0.0
402 silly placeDep ROOT postgres-bytea@1.0.1 OK for: pg-types@2.2.0 want: ~1.0.0
403 silly placeDep ROOT postgres-date@1.0.7 OK for: pg-types@2.2.0 want: ~1.0.4
404 silly placeDep ROOT postgres-interval@1.2.0 OK for: pg-types@2.2.0 want: ^1.1.0
405 silly fetch manifest xtend@^4.0.0
406 silly packumentCache full:https://registry.npmjs.org/xtend cache-miss
407 http fetch GET 200 https://registry.npmjs.org/xtend 37ms (cache revalidated)
408 silly packumentCache full:https://registry.npmjs.org/xtend set size:28314 disposed:false
409 silly placeDep ROOT xtend@4.0.2 OK for: postgres-interval@1.2.0 want: ^4.0.0
410 silly placeDep ROOT buffer-from@1.1.2 OK for: source-map-support@0.5.21 want: ^1.0.0
411 silly placeDep ROOT source-map@0.6.1 OK for: source-map-support@0.5.21 want: ^0.6.0
412 silly placeDep ROOT @esbuild/android-arm@0.18.20 OK for: esbuild@0.18.20 want: 0.18.20
413 silly placeDep ROOT @esbuild/android-arm64@0.18.20 OK for: esbuild@0.18.20 want: 0.18.20
414 silly placeDep ROOT @esbuild/android-x64@0.18.20 OK for: esbuild@0.18.20 want: 0.18.20
415 silly placeDep ROOT @esbuild/darwin-arm64@0.18.20 OK for: esbuild@0.18.20 want: 0.18.20
416 silly placeDep ROOT @esbuild/darwin-x64@0.18.20 OK for: esbuild@0.18.20 want: 0.18.20
417 silly placeDep ROOT @esbuild/freebsd-arm64@0.18.20 OK for: esbuild@0.18.20 want: 0.18.20
418 silly placeDep ROOT @esbuild/freebsd-x64@0.18.20 OK for: esbuild@0.18.20 want: 0.18.20
419 silly placeDep ROOT @esbuild/linux-arm@0.18.20 OK for: esbuild@0.18.20 want: 0.18.20
420 silly placeDep ROOT @esbuild/linux-arm64@0.18.20 OK for: esbuild@0.18.20 want: 0.18.20
421 silly placeDep ROOT @esbuild/linux-ia32@0.18.20 OK for: esbuild@0.18.20 want: 0.18.20
422 silly placeDep ROOT @esbuild/linux-loong64@0.18.20 OK for: esbuild@0.18.20 want: 0.18.20
423 silly placeDep ROOT @esbuild/linux-mips64el@0.18.20 OK for: esbuild@0.18.20 want: 0.18.20
424 silly placeDep ROOT @esbuild/linux-ppc64@0.18.20 OK for: esbuild@0.18.20 want: 0.18.20
425 silly placeDep ROOT @esbuild/linux-riscv64@0.18.20 OK for: esbuild@0.18.20 want: 0.18.20
426 silly placeDep ROOT @esbuild/linux-s390x@0.18.20 OK for: esbuild@0.18.20 want: 0.18.20
427 silly placeDep node_modules/@esbuild-kit/core-utils @esbuild/linux-x64@0.18.20 OK for: esbuild@0.18.20 want: 0.18.20
428 silly placeDep ROOT @esbuild/netbsd-x64@0.18.20 OK for: esbuild@0.18.20 want: 0.18.20
429 silly placeDep ROOT @esbuild/openbsd-x64@0.18.20 OK for: esbuild@0.18.20 want: 0.18.20
430 silly placeDep ROOT @esbuild/sunos-x64@0.18.20 OK for: esbuild@0.18.20 want: 0.18.20
431 silly placeDep ROOT @esbuild/win32-arm64@0.18.20 OK for: esbuild@0.18.20 want: 0.18.20
432 silly placeDep ROOT @esbuild/win32-ia32@0.18.20 OK for: esbuild@0.18.20 want: 0.18.20
433 silly placeDep ROOT @esbuild/win32-x64@0.18.20 OK for: esbuild@0.18.20 want: 0.18.20
434 silly fetch manifest @esbuild/aix-ppc64@0.25.12
435 silly packumentCache full:https://registry.npmjs.org/@esbuild%2faix-ppc64 cache-miss
436 http fetch GET 200 https://registry.npmjs.org/@esbuild%2faix-ppc64 31ms (cache revalidated)
437 silly packumentCache full:https://registry.npmjs.org/@esbuild%2faix-ppc64 set size:67797 disposed:false
438 silly fetch manifest @esbuild/android-arm@0.25.12
439 silly packumentCache full:https://registry.npmjs.org/@esbuild%2fandroid-arm cache-hit
440 silly fetch manifest @esbuild/android-arm64@0.25.12
441 silly packumentCache full:https://registry.npmjs.org/@esbuild%2fandroid-arm64 cache-hit
442 silly fetch manifest @esbuild/android-x64@0.25.12
443 silly packumentCache full:https://registry.npmjs.org/@esbuild%2fandroid-x64 cache-hit
444 silly fetch manifest @esbuild/darwin-arm64@0.25.12
445 silly packumentCache full:https://registry.npmjs.org/@esbuild%2fdarwin-arm64 cache-hit
446 silly fetch manifest @esbuild/darwin-x64@0.25.12
447 silly packumentCache full:https://registry.npmjs.org/@esbuild%2fdarwin-x64 cache-hit
448 silly fetch manifest @esbuild/freebsd-arm64@0.25.12
449 silly packumentCache full:https://registry.npmjs.org/@esbuild%2ffreebsd-arm64 cache-hit
450 silly fetch manifest @esbuild/freebsd-x64@0.25.12
451 silly packumentCache full:https://registry.npmjs.org/@esbuild%2ffreebsd-x64 cache-hit
452 silly fetch manifest @esbuild/linux-arm@0.25.12
453 silly packumentCache full:https://registry.npmjs.org/@esbuild%2flinux-arm cache-hit
454 silly fetch manifest @esbuild/linux-arm64@0.25.12
455 silly packumentCache full:https://registry.npmjs.org/@esbuild%2flinux-arm64 cache-hit
456 silly fetch manifest @esbuild/linux-ia32@0.25.12
457 silly packumentCache full:https://registry.npmjs.org/@esbuild%2flinux-ia32 cache-hit
458 silly fetch manifest @esbuild/linux-loong64@0.25.12
459 silly packumentCache full:https://registry.npmjs.org/@esbuild%2flinux-loong64 cache-hit
460 silly fetch manifest @esbuild/linux-mips64el@0.25.12
461 silly packumentCache full:https://registry.npmjs.org/@esbuild%2flinux-mips64el cache-hit
462 silly fetch manifest @esbuild/linux-ppc64@0.25.12
463 silly packumentCache full:https://registry.npmjs.org/@esbuild%2flinux-ppc64 cache-hit
464 silly fetch manifest @esbuild/linux-riscv64@0.25.12
465 silly packumentCache full:https://registry.npmjs.org/@esbuild%2flinux-riscv64 cache-hit
466 silly fetch manifest @esbuild/linux-s390x@0.25.12
467 silly packumentCache full:https://registry.npmjs.org/@esbuild%2flinux-s390x cache-hit
468 silly fetch manifest @esbuild/netbsd-arm64@0.25.12
469 silly packumentCache full:https://registry.npmjs.org/@esbuild%2fnetbsd-arm64 cache-miss
470 http fetch GET 200 https://registry.npmjs.org/@esbuild%2fnetbsd-arm64 81ms (cache revalidated)
471 silly packumentCache full:https://registry.npmjs.org/@esbuild%2fnetbsd-arm64 set size:44308 disposed:false
472 silly fetch manifest @esbuild/netbsd-x64@0.25.12
473 silly packumentCache full:https://registry.npmjs.org/@esbuild%2fnetbsd-x64 cache-hit
474 silly fetch manifest @esbuild/openbsd-arm64@0.25.12
475 silly packumentCache full:https://registry.npmjs.org/@esbuild%2fopenbsd-arm64 cache-miss
476 http fetch GET 200 https://registry.npmjs.org/@esbuild%2fopenbsd-arm64 38ms (cache revalidated)
477 silly packumentCache full:https://registry.npmjs.org/@esbuild%2fopenbsd-arm64 set size:49642 disposed:false
478 silly fetch manifest @esbuild/openbsd-x64@0.25.12
479 silly packumentCache full:https://registry.npmjs.org/@esbuild%2fopenbsd-x64 cache-hit
480 silly fetch manifest @esbuild/openharmony-arm64@0.25.12
481 silly packumentCache full:https://registry.npmjs.org/@esbuild%2fopenharmony-arm64 cache-miss
482 http fetch GET 200 https://registry.npmjs.org/@esbuild%2fopenharmony-arm64 46ms (cache revalidated)
483 silly packumentCache full:https://registry.npmjs.org/@esbuild%2fopenharmony-arm64 set size:33054 disposed:false
484 silly fetch manifest @esbuild/sunos-x64@0.25.12
485 silly packumentCache full:https://registry.npmjs.org/@esbuild%2fsunos-x64 cache-hit
486 silly fetch manifest @esbuild/win32-arm64@0.25.12
487 silly packumentCache full:https://registry.npmjs.org/@esbuild%2fwin32-arm64 cache-hit
488 silly fetch manifest @esbuild/win32-ia32@0.25.12
489 silly packumentCache full:https://registry.npmjs.org/@esbuild%2fwin32-ia32 cache-hit
490 silly fetch manifest @esbuild/win32-x64@0.25.12
491 silly packumentCache full:https://registry.npmjs.org/@esbuild%2fwin32-x64 cache-hit
492 silly placeDep ROOT @esbuild/aix-ppc64@0.25.12 OK for: esbuild@0.25.12 want: 0.25.12
493 silly placeDep node_modules/esbuild @esbuild/android-arm@0.25.12 OK for: esbuild@0.25.12 want: 0.25.12
494 silly placeDep node_modules/esbuild @esbuild/android-arm64@0.25.12 OK for: esbuild@0.25.12 want: 0.25.12
495 silly placeDep node_modules/esbuild @esbuild/android-x64@0.25.12 OK for: esbuild@0.25.12 want: 0.25.12
496 silly placeDep node_modules/esbuild @esbuild/darwin-arm64@0.25.12 OK for: esbuild@0.25.12 want: 0.25.12
497 silly placeDep node_modules/esbuild @esbuild/darwin-x64@0.25.12 OK for: esbuild@0.25.12 want: 0.25.12
498 silly placeDep node_modules/esbuild @esbuild/freebsd-arm64@0.25.12 OK for: esbuild@0.25.12 want: 0.25.12
499 silly placeDep node_modules/esbuild @esbuild/freebsd-x64@0.25.12 OK for: esbuild@0.25.12 want: 0.25.12
500 silly placeDep node_modules/esbuild @esbuild/linux-arm@0.25.12 OK for: esbuild@0.25.12 want: 0.25.12
501 silly placeDep node_modules/esbuild @esbuild/linux-arm64@0.25.12 OK for: esbuild@0.25.12 want: 0.25.12
502 silly placeDep node_modules/esbuild @esbuild/linux-ia32@0.25.12 OK for: esbuild@0.25.12 want: 0.25.12
503 silly placeDep node_modules/esbuild @esbuild/linux-loong64@0.25.12 OK for: esbuild@0.25.12 want: 0.25.12
504 silly placeDep node_modules/esbuild @esbuild/linux-mips64el@0.25.12 OK for: esbuild@0.25.12 want: 0.25.12
505 silly placeDep node_modules/esbuild @esbuild/linux-ppc64@0.25.12 OK for: esbuild@0.25.12 want: 0.25.12
506 silly placeDep node_modules/esbuild @esbuild/linux-riscv64@0.25.12 OK for: esbuild@0.25.12 want: 0.25.12
507 silly placeDep node_modules/esbuild @esbuild/linux-s390x@0.25.12 OK for: esbuild@0.25.12 want: 0.25.12
508 silly placeDep ROOT @esbuild/netbsd-arm64@0.25.12 OK for: esbuild@0.25.12 want: 0.25.12
509 silly placeDep node_modules/esbuild @esbuild/netbsd-x64@0.25.12 OK for: esbuild@0.25.12 want: 0.25.12
510 silly placeDep ROOT @esbuild/openbsd-arm64@0.25.12 OK for: esbuild@0.25.12 want: 0.25.12
511 silly placeDep node_modules/esbuild @esbuild/openbsd-x64@0.25.12 OK for: esbuild@0.25.12 want: 0.25.12
512 silly placeDep ROOT @esbuild/openharmony-arm64@0.25.12 OK for: esbuild@0.25.12 want: 0.25.12
513 silly placeDep node_modules/esbuild @esbuild/sunos-x64@0.25.12 OK for: esbuild@0.25.12 want: 0.25.12
514 silly placeDep node_modules/esbuild @esbuild/win32-arm64@0.25.12 OK for: esbuild@0.25.12 want: 0.25.12
515 silly placeDep node_modules/esbuild @esbuild/win32-ia32@0.25.12 OK for: esbuild@0.25.12 want: 0.25.12
516 silly placeDep node_modules/esbuild @esbuild/win32-x64@0.25.12 OK for: esbuild@0.25.12 want: 0.25.12
517 silly fetch manifest @esbuild/aix-ppc64@0.28.1
518 silly packumentCache full:https://registry.npmjs.org/@esbuild%2faix-ppc64 cache-hit
519 silly fetch manifest @esbuild/android-arm@0.28.1
520 silly packumentCache full:https://registry.npmjs.org/@esbuild%2fandroid-arm cache-hit
521 silly fetch manifest @esbuild/android-arm64@0.28.1
522 silly packumentCache full:https://registry.npmjs.org/@esbuild%2fandroid-arm64 cache-hit
523 silly fetch manifest @esbuild/android-x64@0.28.1
524 silly packumentCache full:https://registry.npmjs.org/@esbuild%2fandroid-x64 cache-hit
525 silly fetch manifest @esbuild/darwin-arm64@0.28.1
526 silly packumentCache full:https://registry.npmjs.org/@esbuild%2fdarwin-arm64 cache-hit
527 silly fetch manifest @esbuild/darwin-x64@0.28.1
528 silly packumentCache full:https://registry.npmjs.org/@esbuild%2fdarwin-x64 cache-hit
529 silly fetch manifest @esbuild/freebsd-arm64@0.28.1
530 silly packumentCache full:https://registry.npmjs.org/@esbuild%2ffreebsd-arm64 cache-hit
531 silly fetch manifest @esbuild/freebsd-x64@0.28.1
532 silly packumentCache full:https://registry.npmjs.org/@esbuild%2ffreebsd-x64 cache-hit
533 silly fetch manifest @esbuild/linux-arm@0.28.1
534 silly packumentCache full:https://registry.npmjs.org/@esbuild%2flinux-arm cache-hit
535 silly fetch manifest @esbuild/linux-arm64@0.28.1
536 silly packumentCache full:https://registry.npmjs.org/@esbuild%2flinux-arm64 cache-hit
537 silly fetch manifest @esbuild/linux-ia32@0.28.1
538 silly packumentCache full:https://registry.npmjs.org/@esbuild%2flinux-ia32 cache-hit
539 silly fetch manifest @esbuild/linux-loong64@0.28.1
540 silly packumentCache full:https://registry.npmjs.org/@esbuild%2flinux-loong64 cache-hit
541 silly fetch manifest @esbuild/linux-mips64el@0.28.1
542 silly packumentCache full:https://registry.npmjs.org/@esbuild%2flinux-mips64el cache-hit
543 silly fetch manifest @esbuild/linux-ppc64@0.28.1
544 silly packumentCache full:https://registry.npmjs.org/@esbuild%2flinux-ppc64 cache-hit
545 silly fetch manifest @esbuild/linux-riscv64@0.28.1
546 silly packumentCache full:https://registry.npmjs.org/@esbuild%2flinux-riscv64 cache-hit
547 silly fetch manifest @esbuild/linux-s390x@0.28.1
548 silly packumentCache full:https://registry.npmjs.org/@esbuild%2flinux-s390x cache-hit
549 silly fetch manifest @esbuild/netbsd-arm64@0.28.1
550 silly packumentCache full:https://registry.npmjs.org/@esbuild%2fnetbsd-arm64 cache-hit
551 silly fetch manifest @esbuild/netbsd-x64@0.28.1
552 silly packumentCache full:https://registry.npmjs.org/@esbuild%2fnetbsd-x64 cache-hit
553 silly fetch manifest @esbuild/openbsd-arm64@0.28.1
554 silly packumentCache full:https://registry.npmjs.org/@esbuild%2fopenbsd-arm64 cache-hit
555 silly fetch manifest @esbuild/openbsd-x64@0.28.1
556 silly packumentCache full:https://registry.npmjs.org/@esbuild%2fopenbsd-x64 cache-hit
557 silly fetch manifest @esbuild/openharmony-arm64@0.28.1
558 silly packumentCache full:https://registry.npmjs.org/@esbuild%2fopenharmony-arm64 cache-hit
559 silly fetch manifest @esbuild/sunos-x64@0.28.1
560 silly packumentCache full:https://registry.npmjs.org/@esbuild%2fsunos-x64 cache-hit
561 silly fetch manifest @esbuild/win32-arm64@0.28.1
562 silly packumentCache full:https://registry.npmjs.org/@esbuild%2fwin32-arm64 cache-hit
563 silly fetch manifest @esbuild/win32-ia32@0.28.1
564 silly packumentCache full:https://registry.npmjs.org/@esbuild%2fwin32-ia32 cache-hit
565 silly fetch manifest @esbuild/win32-x64@0.28.1
566 silly packumentCache full:https://registry.npmjs.org/@esbuild%2fwin32-x64 cache-hit
567 silly placeDep node_modules/tsx @esbuild/aix-ppc64@0.28.1 OK for: esbuild@0.28.1 want: 0.28.1
568 silly placeDep node_modules/tsx @esbuild/android-arm@0.28.1 OK for: esbuild@0.28.1 want: 0.28.1
569 silly placeDep node_modules/tsx @esbuild/android-arm64@0.28.1 OK for: esbuild@0.28.1 want: 0.28.1
570 silly placeDep node_modules/tsx @esbuild/android-x64@0.28.1 OK for: esbuild@0.28.1 want: 0.28.1
571 silly placeDep node_modules/tsx @esbuild/darwin-arm64@0.28.1 OK for: esbuild@0.28.1 want: 0.28.1
572 silly placeDep node_modules/tsx @esbuild/darwin-x64@0.28.1 OK for: esbuild@0.28.1 want: 0.28.1
573 silly placeDep node_modules/tsx @esbuild/freebsd-arm64@0.28.1 OK for: esbuild@0.28.1 want: 0.28.1
574 silly placeDep node_modules/tsx @esbuild/freebsd-x64@0.28.1 OK for: esbuild@0.28.1 want: 0.28.1
575 silly placeDep node_modules/tsx @esbuild/linux-arm@0.28.1 OK for: esbuild@0.28.1 want: 0.28.1
576 silly placeDep node_modules/tsx @esbuild/linux-arm64@0.28.1 OK for: esbuild@0.28.1 want: 0.28.1
577 silly placeDep node_modules/tsx @esbuild/linux-ia32@0.28.1 OK for: esbuild@0.28.1 want: 0.28.1
578 silly placeDep node_modules/tsx @esbuild/linux-loong64@0.28.1 OK for: esbuild@0.28.1 want: 0.28.1
579 silly placeDep node_modules/tsx @esbuild/linux-mips64el@0.28.1 OK for: esbuild@0.28.1 want: 0.28.1
580 silly placeDep node_modules/tsx @esbuild/linux-ppc64@0.28.1 OK for: esbuild@0.28.1 want: 0.28.1
581 silly placeDep node_modules/tsx @esbuild/linux-riscv64@0.28.1 OK for: esbuild@0.28.1 want: 0.28.1
582 silly placeDep node_modules/tsx @esbuild/linux-s390x@0.28.1 OK for: esbuild@0.28.1 want: 0.28.1
583 silly placeDep node_modules/tsx @esbuild/netbsd-arm64@0.28.1 OK for: esbuild@0.28.1 want: 0.28.1
584 silly placeDep node_modules/tsx @esbuild/netbsd-x64@0.28.1 OK for: esbuild@0.28.1 want: 0.28.1
585 silly placeDep node_modules/tsx @esbuild/openbsd-arm64@0.28.1 OK for: esbuild@0.28.1 want: 0.28.1
586 silly placeDep node_modules/tsx @esbuild/openbsd-x64@0.28.1 OK for: esbuild@0.28.1 want: 0.28.1
587 silly placeDep node_modules/tsx @esbuild/openharmony-arm64@0.28.1 OK for: esbuild@0.28.1 want: 0.28.1
588 silly placeDep node_modules/tsx @esbuild/sunos-x64@0.28.1 OK for: esbuild@0.28.1 want: 0.28.1
589 silly placeDep node_modules/tsx @esbuild/win32-arm64@0.28.1 OK for: esbuild@0.28.1 want: 0.28.1
590 silly placeDep node_modules/tsx @esbuild/win32-ia32@0.28.1 OK for: esbuild@0.28.1 want: 0.28.1
591 silly placeDep node_modules/tsx @esbuild/win32-x64@0.28.1 OK for: esbuild@0.28.1 want: 0.28.1
592 warn EBADENGINE Unsupported engine {
592 warn EBADENGINE   package: '@capacitor/cli@8.4.2',
592 warn EBADENGINE   required: { node: '>=22.0.0' },
592 warn EBADENGINE   current: { node: 'v20.20.2', npm: '10.8.2' }
592 warn EBADENGINE }
593 silly reify mark retired [ '/var/www/alkarrar-app/node_modules/@supabase/auth-js' ]
594 silly reify mark retired [ '/var/www/alkarrar-app/node_modules/@supabase/functions-js' ]
595 silly reify mark retired [ '/var/www/alkarrar-app/node_modules/@supabase/phoenix' ]
596 silly reify mark retired [ '/var/www/alkarrar-app/node_modules/@supabase/postgrest-js' ]
597 silly reify mark retired [ '/var/www/alkarrar-app/node_modules/@supabase/realtime-js' ]
598 silly reify mark retired [ '/var/www/alkarrar-app/node_modules/@supabase/storage-js' ]
599 silly reify mark retired [ '/var/www/alkarrar-app/node_modules/@supabase/supabase-js' ]
600 silly reify mark retired [ '/var/www/alkarrar-app/node_modules/iceberg-js' ]
601 silly reify moves {
601 silly reify   '/var/www/alkarrar-app/node_modules/@supabase/auth-js': '/var/www/alkarrar-app/node_modules/@supabase/.auth-js-9gPMBRVz',
601 silly reify   '/var/www/alkarrar-app/node_modules/@supabase/functions-js': '/var/www/alkarrar-app/node_modules/@supabase/.functions-js-w4sLCSGG',
601 silly reify   '/var/www/alkarrar-app/node_modules/@supabase/phoenix': '/var/www/alkarrar-app/node_modules/@supabase/.phoenix-YDEwPHsb',
601 silly reify   '/var/www/alkarrar-app/node_modules/@supabase/postgrest-js': '/var/www/alkarrar-app/node_modules/@supabase/.postgrest-js-dZaTh3AF',
601 silly reify   '/var/www/alkarrar-app/node_modules/@supabase/realtime-js': '/var/www/alkarrar-app/node_modules/@supabase/.realtime-js-dTMQJD7V',
601 silly reify   '/var/www/alkarrar-app/node_modules/@supabase/storage-js': '/var/www/alkarrar-app/node_modules/@supabase/.storage-js-w3c9MJEd',
601 silly reify   '/var/www/alkarrar-app/node_modules/@supabase/supabase-js': '/var/www/alkarrar-app/node_modules/@supabase/.supabase-js-17OpEJkM',
601 silly reify   '/var/www/alkarrar-app/node_modules/iceberg-js': '/var/www/alkarrar-app/node_modules/.iceberg-js-myyA50Y9'
601 silly reify }
602 silly audit bulk request {
602 silly audit   '@babel/code-frame': [ '7.29.7' ],
602 silly audit   '@babel/compat-data': [ '7.29.7' ],
602 silly audit   '@babel/core': [ '7.29.7' ],
602 silly audit   semver: [ '6.3.1', '7.8.5' ],
602 silly audit   '@babel/generator': [ '7.29.7' ],
602 silly audit   '@babel/helper-compilation-targets': [ '7.29.7' ],
602 silly audit   '@babel/helper-globals': [ '7.29.7' ],
602 silly audit   '@babel/helper-module-imports': [ '7.29.7' ],
602 silly audit   '@babel/helper-module-transforms': [ '7.29.7' ],
602 silly audit   '@babel/helper-plugin-utils': [ '7.29.7' ],
602 silly audit   '@babel/helper-string-parser': [ '7.29.7' ],
602 silly audit   '@babel/helper-validator-identifier': [ '7.29.7' ],
602 silly audit   '@babel/helper-validator-option': [ '7.29.7' ],
602 silly audit   '@babel/helpers': [ '7.29.7' ],
602 silly audit   '@babel/parser': [ '7.29.7' ],
602 silly audit   '@babel/plugin-transform-react-jsx-self': [ '7.29.7' ],
602 silly audit   '@babel/plugin-transform-react-jsx-source': [ '7.29.7' ],
602 silly audit   '@babel/runtime': [ '7.29.7' ],
602 silly audit   '@babel/template': [ '7.29.7' ],
602 silly audit   '@babel/traverse': [ '7.29.7' ],
602 silly audit   '@babel/types': [ '7.29.7' ],
602 silly audit   '@capacitor/android': [ '8.4.2' ],
602 silly audit   '@capacitor/app': [ '8.1.1' ],
602 silly audit   '@capacitor/cli': [ '8.4.2' ],
602 silly audit   '@capacitor/core': [ '8.4.2' ],
602 silly audit   '@capacitor/preferences': [ '8.0.1' ],
602 silly audit   '@capawesome/capacitor-background-task': [ '8.0.2' ],
602 silly audit   '@esbuild/linux-x64': [ '0.25.12', '0.28.1', '0.18.20' ],
602 silly audit   idb: [ '8.0.3' ],
602 silly audit   '@google/genai': [ '2.13.0' ],
602 silly audit   '@ionic/cli-framework-output': [ '2.2.8' ],
602 silly audit   '@ionic/utils-array': [ '2.1.6' ],
602 silly audit   '@ionic/utils-fs': [ '3.1.7' ],
602 silly audit   'fs-extra': [ '9.1.0', '11.4.0' ],
602 silly audit   '@ionic/utils-object': [ '2.1.6' ],
602 silly audit   '@ionic/utils-process': [ '2.1.12' ],
602 silly audit   '@ionic/utils-stream': [ '3.1.7' ],
602 silly audit   '@ionic/utils-subprocess': [ '3.0.1' ],
602 silly audit   '@ionic/utils-terminal': [ '2.3.5' ],
602 silly audit   '@isaacs/fs-minipass': [ '4.0.1' ],
602 silly audit   '@jridgewell/gen-mapping': [ '0.3.13' ],
602 silly audit   '@jridgewell/remapping': [ '2.3.5' ],
602 silly audit   '@jridgewell/resolve-uri': [ '3.1.2' ],
602 silly audit   '@jridgewell/sourcemap-codec': [ '1.5.5' ],
602 silly audit   '@jridgewell/trace-mapping': [ '0.3.31' ],
602 silly audit   '@protobufjs/aspromise': [ '1.1.2' ],
602 silly audit   '@protobufjs/base64': [ '1.1.2' ],
602 silly audit   '@protobufjs/codegen': [ '2.0.5' ],
602 silly audit   '@protobufjs/eventemitter': [ '1.1.1' ],
602 silly audit   '@protobufjs/fetch': [ '1.1.1' ],
602 silly audit   '@protobufjs/float': [ '1.0.2' ],
602 silly audit   '@protobufjs/path': [ '1.1.2' ],
602 silly audit   '@protobufjs/pool': [ '1.1.0' ],
602 silly audit   '@protobufjs/utf8': [ '1.1.2' ],
602 silly audit   '@rolldown/pluginutils': [ '1.0.0-rc.3' ],
602 silly audit   '@rollup/rollup-linux-x64-gnu': [ '4.62.2' ],
602 silly audit   '@rollup/rollup-linux-x64-musl': [ '4.62.2' ],
602 silly audit   '@tailwindcss/node': [ '4.3.3' ],
602 silly audit   '@tailwindcss/oxide': [ '4.3.3' ],
602 silly audit   '@tailwindcss/oxide-linux-x64-gnu': [ '4.3.3' ],
602 silly audit   '@tailwindcss/oxide-linux-x64-musl': [ '4.3.3' ],
602 silly audit   '@tailwindcss/vite': [ '4.3.3' ],
602 silly audit   '@types/babel__core': [ '7.20.5' ],
602 silly audit   '@types/babel__generator': [ '7.27.0' ],
602 silly audit   '@types/babel__template': [ '7.4.4' ],
602 silly audit   '@types/babel__traverse': [ '7.28.0' ],
602 silly audit   '@types/body-parser': [ '1.19.6' ],
602 silly audit   '@types/connect': [ '3.4.38' ],
602 silly audit   '@types/estree': [ '1.0.9' ],
602 silly audit   '@types/express': [ '4.17.25' ],
602 silly audit   '@types/express-serve-static-core': [ '4.19.9' ],
602 silly audit   '@types/fs-extra': [ '8.1.5' ],
602 silly audit   '@types/http-errors': [ '2.0.5' ],
602 silly audit   '@types/mime': [ '1.3.5' ],
602 silly audit   '@types/node': [ '22.20.1' ],
602 silly audit   '@types/pako': [ '2.0.4' ],
602 silly audit   '@types/qs': [ '6.15.1' ],
602 silly audit   '@types/raf': [ '3.4.3' ],
602 silly audit   '@types/range-parser': [ '1.2.7' ],
602 silly audit   '@types/react': [ '19.2.17' ],
602 silly audit   '@types/react-dom': [ '19.2.3' ],
602 silly audit   '@types/retry': [ '0.12.0' ],
602 silly audit   '@types/send': [ '1.2.1', '0.17.6' ],
602 silly audit   '@types/serve-static': [ '1.15.10' ],
602 silly audit   '@types/slice-ansi': [ '4.0.0' ],
602 silly audit   '@types/trusted-types': [ '2.0.7' ],
602 silly audit   '@vitejs/plugin-react': [ '5.2.0' ],
602 silly audit   '@xmldom/xmldom': [ '0.9.10' ],
602 silly audit   accepts: [ '1.3.8' ],
602 silly audit   'agent-base': [ '7.1.4' ],
602 silly audit   'ansi-regex': [ '5.0.1' ],
602 silly audit   'ansi-styles': [ '4.3.0' ],
602 silly audit   'array-flatten': [ '1.1.1' ],
602 silly audit   'astral-regex': [ '2.0.0' ],
602 silly audit   'at-least-node': [ '1.0.0' ],
602 silly audit   autoprefixer: [ '10.5.4' ],
602 silly audit   'balanced-match': [ '4.0.4' ],
602 silly audit   'base64-arraybuffer': [ '1.0.2' ],
602 silly audit   'base64-js': [ '1.5.1' ],
602 silly audit   'baseline-browser-mapping': [ '2.11.0' ],
602 silly audit   'big-integer': [ '1.6.52' ],
602 silly audit   'bignumber.js': [ '9.3.1' ],
602 silly audit   'body-parser': [ '1.20.6' ],
602 silly audit   debug: [ '2.6.9', '4.4.3' ],
602 silly audit   ms: [ '2.0.0', '2.1.3' ],
602 silly audit   'bplist-parser': [ '0.3.2' ],
602 silly audit   'brace-expansion': [ '5.0.8' ],
602 silly audit   browserslist: [ '4.28.7' ],
602 silly audit   'buffer-crc32': [ '0.2.13' ],
602 silly audit   'buffer-equal-constant-time': [ '1.0.1' ],
602 silly audit   bytes: [ '3.1.2' ],
602 silly audit   'call-bind-apply-helpers': [ '1.0.2' ],
602 silly audit   'call-bound': [ '1.0.4' ],
602 silly audit   'caniuse-lite': [ '1.0.30001806' ],
602 silly audit   canvg: [ '3.0.11' ],
602 silly audit   chownr: [ '3.0.0' ],
602 silly audit   'color-convert': [ '2.0.1' ],
602 silly audit   'color-name': [ '1.1.4' ],
602 silly audit   commander: [ '12.1.0' ],
602 silly audit   'content-disposition': [ '0.5.4' ],
602 silly audit   'content-type': [ '1.0.5' ],
602 silly audit   'convert-source-map': [ '2.0.0' ],
602 silly audit   cookie: [ '0.7.2' ],
602 silly audit   'cookie-signature': [ '1.0.7' ],
602 silly audit   'core-js': [ '3.49.0' ],
602 silly audit   'cross-spawn': [ '7.0.6' ],
602 silly audit   'css-line-break': [ '2.1.0' ],
602 silly audit   csstype: [ '3.2.3' ],
602 silly audit   'data-uri-to-buffer': [ '4.0.1' ],
602 silly audit   'define-lazy-prop': [ '2.0.0' ],
602 silly audit   depd: [ '2.0.0' ],
602 silly audit   destroy: [ '1.2.0' ],
602 silly audit   'detect-libc': [ '2.1.2' ],
602 silly audit   dompurify: [ '3.4.12' ],
602 silly audit   dotenv: [ '17.4.2' ],
602 silly audit   'dunder-proto': [ '1.0.1' ],
602 silly audit   'ecdsa-sig-formatter': [ '1.0.11' ],
602 silly audit   'ee-first': [ '1.1.1' ],
602 silly audit   'electron-to-chromium': [ '1.5.395' ],
602 silly audit   elementtree: [ '0.1.7' ],
602 silly audit   'emoji-regex': [ '8.0.0' ],
602 silly audit   encodeurl: [ '2.0.0' ],
602 silly audit   'enhanced-resolve': [ '5.24.3' ],
602 silly audit   'env-paths': [ '2.2.1' ],
602 silly audit   'es-define-property': [ '1.0.1' ],
602 silly audit   'es-errors': [ '1.3.0' ],
602 silly audit   'es-object-atoms': [ '1.1.2' ],
602 silly audit   esbuild: [ '0.25.12', '0.28.1', '0.18.20' ],
602 silly audit   escalade: [ '3.2.0' ],
602 silly audit   'escape-html': [ '1.0.3' ],
602 silly audit   etag: [ '1.8.1' ],
602 silly audit   express: [ '4.22.2' ],
602 silly audit   extend: [ '3.0.2' ],
602 silly audit   'fast-png': [ '6.4.0' ],
602 silly audit   'fd-slicer': [ '1.1.0' ],
602 silly audit   fdir: [ '6.5.0' ],
602 silly audit   'fetch-blob': [ '3.2.0' ],
602 silly audit   fflate: [ '0.8.3' ],
602 silly audit   finalhandler: [ '1.3.2' ],
602 silly audit   'formdata-polyfill': [ '4.0.10' ],
602 silly audit   forwarded: [ '0.2.0' ],
602 silly audit   'fraction.js': [ '5.3.4' ],
602 silly audit   'framer-motion': [ '12.42.2' ],
602 silly audit   fresh: [ '0.5.2' ],
602 silly audit   'function-bind': [ '1.1.2' ],
602 silly audit   gaxios: [ '7.2.0' ],
602 silly audit   'gcp-metadata': [ '8.1.2' ],
602 silly audit   gensync: [ '1.0.0-beta.2' ],
602 silly audit   'get-intrinsic': [ '1.3.0' ],
602 silly audit   'get-proto': [ '1.0.1' ],
602 silly audit   glob: [ '13.0.6' ],
602 silly audit   'google-auth-library': [ '10.9.0' ],
602 silly audit   'google-logging-utils': [ '1.1.3' ],
602 silly audit   gopd: [ '1.2.0' ],
602 silly audit   'graceful-fs': [ '4.2.11' ],
602 silly audit   'has-symbols': [ '1.1.0' ],
602 silly audit   hasown: [ '2.0.4' ],
602 silly audit   html2canvas: [ '1.4.1' ],
602 silly audit   'http-errors': [ '2.0.1' ],
602 silly audit   'https-proxy-agent': [ '7.0.6' ],
602 silly audit   'iconv-lite': [ '0.4.24' ],
602 silly audit   inherits: [ '2.0.4' ],
602 silly audit   ini: [ '4.1.3' ],
602 silly audit   iobuffer: [ '5.4.0' ],
602 silly audit   'ipaddr.js': [ '1.9.1' ],
602 silly audit   'is-docker': [ '2.2.1' ],
602 silly audit   'is-fullwidth-code-point': [ '3.0.0' ],
602 silly audit   'is-wsl': [ '2.2.0' ],
602 silly audit   isexe: [ '2.0.0' ],
602 silly audit   jiti: [ '2.7.0' ],
602 silly audit   'js-tokens': [ '4.0.0' ],
602 silly audit   jsesc: [ '3.1.0' ],
602 silly audit   'json-bigint': [ '1.0.0' ],
602 silly audit   json5: [ '2.2.3' ],
602 silly audit   jsonfile: [ '6.2.1' ],
602 silly audit   jspdf: [ '4.2.1' ],
602 silly audit   jwa: [ '2.0.1' ],
602 silly audit   jws: [ '4.0.1' ],
602 silly audit   kleur: [ '4.1.5', '3.0.3' ],
602 silly audit   lightningcss: [ '1.32.0' ],
602 silly audit   'lightningcss-linux-x64-gnu': [ '1.32.0' ],
602 silly audit   'lightningcss-linux-x64-musl': [ '1.32.0' ],
602 silly audit   long: [ '5.3.2' ],
602 silly audit   'lru-cache': [ '5.1.1', '11.5.2' ],
602 silly audit   yallist: [ '3.1.1', '5.0.0' ],
602 silly audit   'lucide-react': [ '0.546.0' ],
602 silly audit   'magic-string': [ '0.30.21' ],
602 silly audit   'math-intrinsics': [ '1.1.0' ],
602 silly audit   'media-typer': [ '0.3.0' ],
602 silly audit   'merge-descriptors': [ '1.0.3' ],
602 silly audit   methods: [ '1.1.2' ],
602 silly audit   mime: [ '1.6.0' ],
602 silly audit   'mime-db': [ '1.52.0' ],
602 silly audit   'mime-types': [ '2.1.35' ],
602 silly audit   minimatch: [ '10.2.5' ],
602 silly audit   minipass: [ '7.1.3' ],
602 silly audit   minizlib: [ '3.1.0' ],
602 silly audit   motion: [ '12.42.2' ],
602 silly audit   'motion-dom': [ '12.42.2' ],
602 silly audit   'motion-utils': [ '12.39.0' ],
602 silly audit   nanoid: [ '3.3.16' ],
602 silly audit   'native-run': [ '2.0.3' ],
602 silly audit   negotiator: [ '0.6.3' ],
602 silly audit   'node-domexception': [ '1.0.0' ],
602 silly audit   'node-fetch': [ '3.3.2' ],
602 silly audit   'node-releases': [ '2.0.51' ],
602 silly audit   'object-inspect': [ '1.13.4' ],
602 silly audit   'on-finished': [ '2.4.1' ],
602 silly audit   open: [ '8.4.2' ],
602 silly audit   'p-retry': [ '4.6.2' ],
602 silly audit   'package-json-from-dist': [ '1.0.1' ],
602 silly audit   pako: [ '2.2.0' ],
602 silly audit   parseurl: [ '1.3.3' ],
602 silly audit   'path-key': [ '3.1.1' ],
602 silly audit   'path-scurry': [ '2.0.2' ],
602 silly audit   'path-to-regexp': [ '0.1.13' ],
602 silly audit   pend: [ '1.2.0' ],
602 silly audit   'performance-now': [ '2.1.0' ],
602 silly audit   picocolors: [ '1.1.1' ],
602 silly audit   picomatch: [ '4.0.5' ],
602 silly audit   plist: [ '3.1.1' ],
602 silly audit   postcss: [ '8.5.22' ],
602 silly audit   'postcss-value-parser': [ '4.2.0' ],
602 silly audit   prompts: [ '2.4.2' ],
602 silly audit   protobufjs: [ '7.6.5' ],
602 silly audit   'proxy-addr': [ '2.0.7' ],
602 silly audit   qs: [ '6.15.3' ],
602 silly audit   raf: [ '3.4.1' ],
602 silly audit   'range-parser': [ '1.2.1' ],
602 silly audit   'raw-body': [ '2.5.3' ],
602 silly audit   react: [ '19.2.8' ],
602 silly audit   'react-dom': [ '19.2.8' ],
602 silly audit   'react-refresh': [ '0.18.0' ],
602 silly audit   'readable-stream': [ '3.6.2' ],
602 silly audit   'regenerator-runtime': [ '0.13.11' ],
602 silly audit   retry: [ '0.13.1' ],
602 silly audit   rgbcolor: [ '1.0.1' ],
602 silly audit   rimraf: [ '6.1.3' ],
602 silly audit   rollup: [ '4.62.2' ],
602 silly audit   'safe-buffer': [ '5.2.1' ],
602 silly audit   'safer-buffer': [ '2.1.2' ],
602 silly audit   sax: [ '1.1.4' ],
602 silly audit   scheduler: [ '0.27.0' ],
602 silly audit   send: [ '0.19.2' ],
602 silly audit   'serve-static': [ '1.16.3' ],
602 silly audit   setprototypeof: [ '1.2.0' ],
602 silly audit   'shebang-command': [ '2.0.0' ],
602 silly audit   'shebang-regex': [ '3.0.0' ],
602 silly audit   'side-channel': [ '1.1.1' ],
602 silly audit   'side-channel-list': [ '1.0.1' ],
602 silly audit   'side-channel-map': [ '1.0.1' ],
602 silly audit   'side-channel-weakmap': [ '1.0.2' ],
602 silly audit   'signal-exit': [ '3.0.7' ],
602 silly audit   sisteransi: [ '1.0.5' ],
602 silly audit   'slice-ansi': [ '4.0.0' ],
602 silly audit   'source-map-js': [ '1.2.1' ],
602 silly audit   split2: [ '4.2.0' ],
602 silly audit   'stackblur-canvas': [ '2.7.0' ],
602 silly audit   statuses: [ '2.0.2' ],
602 silly audit   string_decoder: [ '1.3.0' ],
602 silly audit   'string-width': [ '4.2.3' ],
602 silly audit   'strip-ansi': [ '6.0.1' ],
602 silly audit   'svg-pathdata': [ '6.0.3' ],
602 silly audit   tailwindcss: [ '4.3.3' ],
602 silly audit   tapable: [ '2.3.3' ],
602 silly audit   tar: [ '7.5.22' ],
602 silly audit   'text-segmentation': [ '1.0.3' ],
602 silly audit   through2: [ '4.0.2' ],
602 silly audit   tinyglobby: [ '0.2.17' ],
602 silly audit   toidentifier: [ '1.0.1' ],
602 silly audit   'tree-kill': [ '1.2.2' ],
602 silly audit   tslib: [ '2.8.1' ],
602 silly audit   tsx: [ '4.23.1' ],
602 silly audit   'type-is': [ '1.6.18' ],
602 silly audit   typescript: [ '5.8.3' ],
602 silly audit   'undici-types': [ '6.21.0' ],
602 silly audit   universalify: [ '2.0.1' ],
602 silly audit   unpipe: [ '1.0.0' ],
602 silly audit   untildify: [ '4.0.0' ],
602 silly audit   'update-browserslist-db': [ '1.2.3' ],
602 silly audit   'util-deprecate': [ '1.0.2' ],
602 silly audit   'utils-merge': [ '1.0.1' ],
602 silly audit   utrie: [ '1.0.2' ],
602 silly audit   vary: [ '1.1.2' ],
602 silly audit   vite: [ '6.4.3' ],
602 silly audit   'web-streams-polyfill': [ '3.3.3' ],
602 silly audit   which: [ '2.0.2' ],
602 silly audit   'wrap-ansi': [ '7.0.0' ],
602 silly audit   ws: [ '8.21.1' ],
602 silly audit   xml2js: [ '0.6.2' ],
602 silly audit   xmlbuilder: [ '11.0.1', '15.1.1' ],
602 silly audit   yauzl: [ '2.10.0' ],
602 silly audit   '@capacitor/background-runner': [ '3.0.0' ],
602 silly audit   '@capacitor/network': [ '8.0.1' ],
602 silly audit   '@types/pg': [ '8.23.1' ],
602 silly audit   'drizzle-kit': [ '0.31.10' ],
602 silly audit   'drizzle-orm': [ '0.45.2' ],
602 silly audit   pg: [ '8.23.0' ],
602 silly audit   'pg-protocol': [ '1.16.0' ],
602 silly audit   'pg-types': [ '2.2.0' ],
602 silly audit   '@drizzle-team/brocli': [ '0.10.2' ],
602 silly audit   '@esbuild-kit/esm-loader': [ '2.6.5' ],
602 silly audit   '@esbuild-kit/core-utils': [ '3.3.2' ],
602 silly audit   'get-tsconfig': [ '4.14.3' ],
602 silly audit   'source-map-support': [ '0.5.21' ],
602 silly audit   'resolve-pkg-maps': [ '1.0.0' ],
602 silly audit   'pg-cloudflare': [ '1.4.0' ],
602 silly audit   'pg-connection-string': [ '2.14.0' ],
602 silly audit   'pg-pool': [ '3.14.0' ],
602 silly audit   pgpass: [ '1.0.5' ],
602 silly audit   'pg-int8': [ '1.0.1' ],
602 silly audit   'postgres-array': [ '2.0.0' ],
602 silly audit   'postgres-bytea': [ '1.0.1' ],
602 silly audit   'postgres-date': [ '1.0.7' ],
602 silly audit   'postgres-interval': [ '1.2.0' ],
602 silly audit   xtend: [ '4.0.2' ],
602 silly audit   'buffer-from': [ '1.1.2' ],
602 silly audit   'source-map': [ '0.6.1' ],
602 silly audit   '@esbuild/android-arm': [ '0.18.20', '0.25.12', '0.28.1' ],
602 silly audit   '@esbuild/android-arm64': [ '0.18.20', '0.25.12', '0.28.1' ],
602 silly audit   '@esbuild/android-x64': [ '0.18.20', '0.25.12', '0.28.1' ],
602 silly audit   '@esbuild/darwin-arm64': [ '0.18.20', '0.25.12', '0.28.1' ],
602 silly audit   '@esbuild/darwin-x64': [ '0.18.20', '0.25.12', '0.28.1' ],
602 silly audit   '@esbuild/freebsd-arm64': [ '0.18.20', '0.25.12', '0.28.1' ],
602 silly audit   '@esbuild/freebsd-x64': [ '0.18.20', '0.25.12', '0.28.1' ],
602 silly audit   '@esbuild/linux-arm': [ '0.18.20', '0.25.12', '0.28.1' ],
602 silly audit   '@esbuild/linux-arm64': [ '0.18.20', '0.25.12', '0.28.1' ],
602 silly audit   '@esbuild/linux-ia32': [ '0.18.20', '0.25.12', '0.28.1' ],
602 silly audit   '@esbuild/linux-loong64': [ '0.18.20', '0.25.12', '0.28.1' ],
602 silly audit   '@esbuild/linux-mips64el': [ '0.18.20', '0.25.12', '0.28.1' ],
602 silly audit   '@esbuild/linux-ppc64': [ '0.18.20', '0.25.12', '0.28.1' ],
602 silly audit   '@esbuild/linux-riscv64': [ '0.18.20', '0.25.12', '0.28.1' ],
602 silly audit   '@esbuild/linux-s390x': [ '0.18.20', '0.25.12', '0.28.1' ],
602 silly audit   '@esbuild/netbsd-x64': [ '0.18.20', '0.25.12', '0.28.1' ],
602 silly audit   '@esbuild/openbsd-x64': [ '0.18.20', '0.25.12', '0.28.1' ],
602 silly audit   '@esbuild/sunos-x64': [ '0.18.20', '0.25.12', '0.28.1' ],
602 silly audit   '@esbuild/win32-arm64': [ '0.18.20', '0.25.12', '0.28.1' ],
602 silly audit   '@esbuild/win32-ia32': [ '0.18.20', '0.25.12', '0.28.1' ],
602 silly audit   '@esbuild/win32-x64': [ '0.18.20', '0.25.12', '0.28.1' ],
602 silly audit   '@esbuild/aix-ppc64': [ '0.25.12', '0.28.1' ],
602 silly audit   '@esbuild/netbsd-arm64': [ '0.25.12', '0.28.1' ],
602 silly audit   '@esbuild/openbsd-arm64': [ '0.25.12', '0.28.1' ],
602 silly audit   '@esbuild/openharmony-arm64': [ '0.25.12', '0.28.1' ]
602 silly audit }
603 verbose reify failed optional dependency /var/www/alkarrar-app/node_modules/@esbuild/openharmony-arm64
604 silly reify mark deleted [ '/var/www/alkarrar-app/node_modules/@esbuild/openharmony-arm64' ]
605 verbose reify failed optional dependency /var/www/alkarrar-app/node_modules/@esbuild/openbsd-arm64
606 silly reify mark deleted [ '/var/www/alkarrar-app/node_modules/@esbuild/openbsd-arm64' ]
607 verbose reify failed optional dependency /var/www/alkarrar-app/node_modules/@esbuild/netbsd-arm64
608 silly reify mark deleted [ '/var/www/alkarrar-app/node_modules/@esbuild/netbsd-arm64' ]
609 verbose reify failed optional dependency /var/www/alkarrar-app/node_modules/@esbuild/aix-ppc64
610 silly reify mark deleted [ '/var/www/alkarrar-app/node_modules/@esbuild/aix-ppc64' ]
611 verbose reify failed optional dependency /var/www/alkarrar-app/node_modules/@esbuild/win32-x64
612 silly reify mark deleted [ '/var/www/alkarrar-app/node_modules/@esbuild/win32-x64' ]
613 verbose reify failed optional dependency /var/www/alkarrar-app/node_modules/@esbuild/win32-ia32
614 silly reify mark deleted [ '/var/www/alkarrar-app/node_modules/@esbuild/win32-ia32' ]
615 verbose reify failed optional dependency /var/www/alkarrar-app/node_modules/@esbuild/win32-arm64
616 silly reify mark deleted [ '/var/www/alkarrar-app/node_modules/@esbuild/win32-arm64' ]
617 verbose reify failed optional dependency /var/www/alkarrar-app/node_modules/@esbuild/sunos-x64
618 silly reify mark deleted [ '/var/www/alkarrar-app/node_modules/@esbuild/sunos-x64' ]
619 verbose reify failed optional dependency /var/www/alkarrar-app/node_modules/@esbuild/openbsd-x64
620 silly reify mark deleted [ '/var/www/alkarrar-app/node_modules/@esbuild/openbsd-x64' ]
621 verbose reify failed optional dependency /var/www/alkarrar-app/node_modules/@esbuild/netbsd-x64
622 silly reify mark deleted [ '/var/www/alkarrar-app/node_modules/@esbuild/netbsd-x64' ]
623 verbose reify failed optional dependency /var/www/alkarrar-app/node_modules/@esbuild/linux-s390x
624 silly reify mark deleted [ '/var/www/alkarrar-app/node_modules/@esbuild/linux-s390x' ]
625 verbose reify failed optional dependency /var/www/alkarrar-app/node_modules/@esbuild/linux-riscv64
626 silly reify mark deleted [ '/var/www/alkarrar-app/node_modules/@esbuild/linux-riscv64' ]
627 verbose reify failed optional dependency /var/www/alkarrar-app/node_modules/@esbuild/linux-ppc64
628 silly reify mark deleted [ '/var/www/alkarrar-app/node_modules/@esbuild/linux-ppc64' ]
629 verbose reify failed optional dependency /var/www/alkarrar-app/node_modules/@esbuild/linux-mips64el
630 silly reify mark deleted [ '/var/www/alkarrar-app/node_modules/@esbuild/linux-mips64el' ]
631 verbose reify failed optional dependency /var/www/alkarrar-app/node_modules/@esbuild/linux-loong64
632 silly reify mark deleted [ '/var/www/alkarrar-app/node_modules/@esbuild/linux-loong64' ]
633 verbose reify failed optional dependency /var/www/alkarrar-app/node_modules/@esbuild/linux-ia32
634 silly reify mark deleted [ '/var/www/alkarrar-app/node_modules/@esbuild/linux-ia32' ]
635 verbose reify failed optional dependency /var/www/alkarrar-app/node_modules/@esbuild/linux-arm64
636 silly reify mark deleted [ '/var/www/alkarrar-app/node_modules/@esbuild/linux-arm64' ]
637 verbose reify failed optional dependency /var/www/alkarrar-app/node_modules/@esbuild/linux-arm
638 silly reify mark deleted [ '/var/www/alkarrar-app/node_modules/@esbuild/linux-arm' ]
639 verbose reify failed optional dependency /var/www/alkarrar-app/node_modules/@esbuild/freebsd-x64
640 silly reify mark deleted [ '/var/www/alkarrar-app/node_modules/@esbuild/freebsd-x64' ]
641 verbose reify failed optional dependency /var/www/alkarrar-app/node_modules/@esbuild/freebsd-arm64
642 silly reify mark deleted [ '/var/www/alkarrar-app/node_modules/@esbuild/freebsd-arm64' ]
643 verbose reify failed optional dependency /var/www/alkarrar-app/node_modules/@esbuild/darwin-x64
644 silly reify mark deleted [ '/var/www/alkarrar-app/node_modules/@esbuild/darwin-x64' ]
645 verbose reify failed optional dependency /var/www/alkarrar-app/node_modules/@esbuild/darwin-arm64
646 silly reify mark deleted [ '/var/www/alkarrar-app/node_modules/@esbuild/darwin-arm64' ]
647 verbose reify failed optional dependency /var/www/alkarrar-app/node_modules/@esbuild/android-x64
648 silly reify mark deleted [ '/var/www/alkarrar-app/node_modules/@esbuild/android-x64' ]
649 verbose reify failed optional dependency /var/www/alkarrar-app/node_modules/@esbuild/android-arm64
650 silly reify mark deleted [ '/var/www/alkarrar-app/node_modules/@esbuild/android-arm64' ]
651 verbose reify failed optional dependency /var/www/alkarrar-app/node_modules/@esbuild/android-arm
652 silly reify mark deleted [ '/var/www/alkarrar-app/node_modules/@esbuild/android-arm' ]
653 verbose reify failed optional dependency /var/www/alkarrar-app/node_modules/tsx/node_modules/@esbuild/win32-x64
654 silly reify mark deleted [
654 silly reify   '/var/www/alkarrar-app/node_modules/tsx/node_modules/@esbuild/win32-x64'
654 silly reify ]
655 verbose reify failed optional dependency /var/www/alkarrar-app/node_modules/tsx/node_modules/@esbuild/win32-ia32
656 silly reify mark deleted [
656 silly reify   '/var/www/alkarrar-app/node_modules/tsx/node_modules/@esbuild/win32-ia32'
656 silly reify ]
657 verbose reify failed optional dependency /var/www/alkarrar-app/node_modules/tsx/node_modules/@esbuild/win32-arm64
658 silly reify mark deleted [
658 silly reify   '/var/www/alkarrar-app/node_modules/tsx/node_modules/@esbuild/win32-arm64'
658 silly reify ]
659 verbose reify failed optional dependency /var/www/alkarrar-app/node_modules/tsx/node_modules/@esbuild/sunos-x64
660 silly reify mark deleted [
660 silly reify   '/var/www/alkarrar-app/node_modules/tsx/node_modules/@esbuild/sunos-x64'
660 silly reify ]
661 verbose reify failed optional dependency /var/www/alkarrar-app/node_modules/tsx/node_modules/@esbuild/openharmony-arm64
662 silly reify mark deleted [
662 silly reify   '/var/www/alkarrar-app/node_modules/tsx/node_modules/@esbuild/openharmony-arm64'
662 silly reify ]
663 verbose reify failed optional dependency /var/www/alkarrar-app/node_modules/tsx/node_modules/@esbuild/openbsd-x64
664 silly reify mark deleted [
664 silly reify   '/var/www/alkarrar-app/node_modules/tsx/node_modules/@esbuild/openbsd-x64'
664 silly reify ]
665 verbose reify failed optional dependency /var/www/alkarrar-app/node_modules/tsx/node_modules/@esbuild/openbsd-arm64
666 silly reify mark deleted [
666 silly reify   '/var/www/alkarrar-app/node_modules/tsx/node_modules/@esbuild/openbsd-arm64'
666 silly reify ]
667 verbose reify failed optional dependency /var/www/alkarrar-app/node_modules/tsx/node_modules/@esbuild/netbsd-x64
668 silly reify mark deleted [
668 silly reify   '/var/www/alkarrar-app/node_modules/tsx/node_modules/@esbuild/netbsd-x64'
668 silly reify ]
669 verbose reify failed optional dependency /var/www/alkarrar-app/node_modules/tsx/node_modules/@esbuild/netbsd-arm64
670 silly reify mark deleted [
670 silly reify   '/var/www/alkarrar-app/node_modules/tsx/node_modules/@esbuild/netbsd-arm64'
670 silly reify ]
671 verbose reify failed optional dependency /var/www/alkarrar-app/node_modules/tsx/node_modules/@esbuild/linux-s390x
672 silly reify mark deleted [
672 silly reify   '/var/www/alkarrar-app/node_modules/tsx/node_modules/@esbuild/linux-s390x'
672 silly reify ]
673 verbose reify failed optional dependency /var/www/alkarrar-app/node_modules/tsx/node_modules/@esbuild/linux-riscv64
674 silly reify mark deleted [
674 silly reify   '/var/www/alkarrar-app/node_modules/tsx/node_modules/@esbuild/linux-riscv64'
674 silly reify ]
675 verbose reify failed optional dependency /var/www/alkarrar-app/node_modules/tsx/node_modules/@esbuild/linux-ppc64
676 silly reify mark deleted [
676 silly reify   '/var/www/alkarrar-app/node_modules/tsx/node_modules/@esbuild/linux-ppc64'
676 silly reify ]
677 verbose reify failed optional dependency /var/www/alkarrar-app/node_modules/tsx/node_modules/@esbuild/linux-mips64el
678 silly reify mark deleted [
678 silly reify   '/var/www/alkarrar-app/node_modules/tsx/node_modules/@esbuild/linux-mips64el'
678 silly reify ]
679 verbose reify failed optional dependency /var/www/alkarrar-app/node_modules/tsx/node_modules/@esbuild/linux-loong64
680 silly reify mark deleted [
680 silly reify   '/var/www/alkarrar-app/node_modules/tsx/node_modules/@esbuild/linux-loong64'
680 silly reify ]
681 verbose reify failed optional dependency /var/www/alkarrar-app/node_modules/tsx/node_modules/@esbuild/linux-ia32
682 silly reify mark deleted [
682 silly reify   '/var/www/alkarrar-app/node_modules/tsx/node_modules/@esbuild/linux-ia32'
682 silly reify ]
683 verbose reify failed optional dependency /var/www/alkarrar-app/node_modules/tsx/node_modules/@esbuild/linux-arm64
684 silly reify mark deleted [
684 silly reify   '/var/www/alkarrar-app/node_modules/tsx/node_modules/@esbuild/linux-arm64'
684 silly reify ]
685 verbose reify failed optional dependency /var/www/alkarrar-app/node_modules/tsx/node_modules/@esbuild/linux-arm
686 silly reify mark deleted [
686 silly reify   '/var/www/alkarrar-app/node_modules/tsx/node_modules/@esbuild/linux-arm'
686 silly reify ]
687 verbose reify failed optional dependency /var/www/alkarrar-app/node_modules/tsx/node_modules/@esbuild/freebsd-x64
688 silly reify mark deleted [
688 silly reify   '/var/www/alkarrar-app/node_modules/tsx/node_modules/@esbuild/freebsd-x64'
688 silly reify ]
689 verbose reify failed optional dependency /var/www/alkarrar-app/node_modules/tsx/node_modules/@esbuild/freebsd-arm64
690 silly reify mark deleted [
690 silly reify   '/var/www/alkarrar-app/node_modules/tsx/node_modules/@esbuild/freebsd-arm64'
690 silly reify ]
691 verbose reify failed optional dependency /var/www/alkarrar-app/node_modules/tsx/node_modules/@esbuild/darwin-x64
692 silly reify mark deleted [
692 silly reify   '/var/www/alkarrar-app/node_modules/tsx/node_modules/@esbuild/darwin-x64'
692 silly reify ]
693 verbose reify failed optional dependency /var/www/alkarrar-app/node_modules/tsx/node_modules/@esbuild/darwin-arm64
694 silly reify mark deleted [
694 silly reify   '/var/www/alkarrar-app/node_modules/tsx/node_modules/@esbuild/darwin-arm64'
694 silly reify ]
695 verbose reify failed optional dependency /var/www/alkarrar-app/node_modules/tsx/node_modules/@esbuild/android-x64
696 silly reify mark deleted [
696 silly reify   '/var/www/alkarrar-app/node_modules/tsx/node_modules/@esbuild/android-x64'
696 silly reify ]
697 verbose reify failed optional dependency /var/www/alkarrar-app/node_modules/tsx/node_modules/@esbuild/android-arm64
698 silly reify mark deleted [
698 silly reify   '/var/www/alkarrar-app/node_modules/tsx/node_modules/@esbuild/android-arm64'
698 silly reify ]
699 verbose reify failed optional dependency /var/www/alkarrar-app/node_modules/tsx/node_modules/@esbuild/android-arm
700 silly reify mark deleted [
700 silly reify   '/var/www/alkarrar-app/node_modules/tsx/node_modules/@esbuild/android-arm'
700 silly reify ]
701 verbose reify failed optional dependency /var/www/alkarrar-app/node_modules/tsx/node_modules/@esbuild/aix-ppc64
702 silly reify mark deleted [
702 silly reify   '/var/www/alkarrar-app/node_modules/tsx/node_modules/@esbuild/aix-ppc64'
702 silly reify ]
703 verbose reify failed optional dependency /var/www/alkarrar-app/node_modules/esbuild/node_modules/@esbuild/win32-x64
704 silly reify mark deleted [
704 silly reify   '/var/www/alkarrar-app/node_modules/esbuild/node_modules/@esbuild/win32-x64'
704 silly reify ]
705 verbose reify failed optional dependency /var/www/alkarrar-app/node_modules/esbuild/node_modules/@esbuild/win32-ia32
706 silly reify mark deleted [
706 silly reify   '/var/www/alkarrar-app/node_modules/esbuild/node_modules/@esbuild/win32-ia32'
706 silly reify ]
707 verbose reify failed optional dependency /var/www/alkarrar-app/node_modules/esbuild/node_modules/@esbuild/win32-arm64
708 silly reify mark deleted [
708 silly reify   '/var/www/alkarrar-app/node_modules/esbuild/node_modules/@esbuild/win32-arm64'
708 silly reify ]
709 verbose reify failed optional dependency /var/www/alkarrar-app/node_modules/esbuild/node_modules/@esbuild/sunos-x64
710 silly reify mark deleted [
710 silly reify   '/var/www/alkarrar-app/node_modules/esbuild/node_modules/@esbuild/sunos-x64'
710 silly reify ]
711 verbose reify failed optional dependency /var/www/alkarrar-app/node_modules/esbuild/node_modules/@esbuild/openbsd-x64
712 silly reify mark deleted [
712 silly reify   '/var/www/alkarrar-app/node_modules/esbuild/node_modules/@esbuild/openbsd-x64'
712 silly reify ]
713 verbose reify failed optional dependency /var/www/alkarrar-app/node_modules/esbuild/node_modules/@esbuild/netbsd-x64
714 silly reify mark deleted [
714 silly reify   '/var/www/alkarrar-app/node_modules/esbuild/node_modules/@esbuild/netbsd-x64'
714 silly reify ]
715 verbose reify failed optional dependency /var/www/alkarrar-app/node_modules/esbuild/node_modules/@esbuild/linux-s390x
716 silly reify mark deleted [
716 silly reify   '/var/www/alkarrar-app/node_modules/esbuild/node_modules/@esbuild/linux-s390x'
716 silly reify ]
717 verbose reify failed optional dependency /var/www/alkarrar-app/node_modules/esbuild/node_modules/@esbuild/linux-riscv64
718 silly reify mark deleted [
718 silly reify   '/var/www/alkarrar-app/node_modules/esbuild/node_modules/@esbuild/linux-riscv64'
718 silly reify ]
719 verbose reify failed optional dependency /var/www/alkarrar-app/node_modules/esbuild/node_modules/@esbuild/linux-ppc64
720 silly reify mark deleted [
720 silly reify   '/var/www/alkarrar-app/node_modules/esbuild/node_modules/@esbuild/linux-ppc64'
720 silly reify ]
721 verbose reify failed optional dependency /var/www/alkarrar-app/node_modules/esbuild/node_modules/@esbuild/linux-mips64el
722 silly reify mark deleted [
722 silly reify   '/var/www/alkarrar-app/node_modules/esbuild/node_modules/@esbuild/linux-mips64el'
722 silly reify ]
723 verbose reify failed optional dependency /var/www/alkarrar-app/node_modules/esbuild/node_modules/@esbuild/linux-loong64
724 silly reify mark deleted [
724 silly reify   '/var/www/alkarrar-app/node_modules/esbuild/node_modules/@esbuild/linux-loong64'
724 silly reify ]
725 verbose reify failed optional dependency /var/www/alkarrar-app/node_modules/esbuild/node_modules/@esbuild/linux-ia32
726 silly reify mark deleted [
726 silly reify   '/var/www/alkarrar-app/node_modules/esbuild/node_modules/@esbuild/linux-ia32'
726 silly reify ]
727 verbose reify failed optional dependency /var/www/alkarrar-app/node_modules/esbuild/node_modules/@esbuild/linux-arm64
728 silly reify mark deleted [
728 silly reify   '/var/www/alkarrar-app/node_modules/esbuild/node_modules/@esbuild/linux-arm64'
728 silly reify ]
729 verbose reify failed optional dependency /var/www/alkarrar-app/node_modules/esbuild/node_modules/@esbuild/linux-arm
730 silly reify mark deleted [
730 silly reify   '/var/www/alkarrar-app/node_modules/esbuild/node_modules/@esbuild/linux-arm'
730 silly reify ]
731 verbose reify failed optional dependency /var/www/alkarrar-app/node_modules/esbuild/node_modules/@esbuild/freebsd-x64
732 silly reify mark deleted [
732 silly reify   '/var/www/alkarrar-app/node_modules/esbuild/node_modules/@esbuild/freebsd-x64'
732 silly reify ]
733 verbose reify failed optional dependency /var/www/alkarrar-app/node_modules/esbuild/node_modules/@esbuild/freebsd-arm64
734 silly reify mark deleted [
734 silly reify   '/var/www/alkarrar-app/node_modules/esbuild/node_modules/@esbuild/freebsd-arm64'
734 silly reify ]
735 verbose reify failed optional dependency /var/www/alkarrar-app/node_modules/esbuild/node_modules/@esbuild/darwin-x64
736 silly reify mark deleted [
736 silly reify   '/var/www/alkarrar-app/node_modules/esbuild/node_modules/@esbuild/darwin-x64'
736 silly reify ]
737 verbose reify failed optional dependency /var/www/alkarrar-app/node_modules/esbuild/node_modules/@esbuild/darwin-arm64
738 silly reify mark deleted [
738 silly reify   '/var/www/alkarrar-app/node_modules/esbuild/node_modules/@esbuild/darwin-arm64'
738 silly reify ]
739 verbose reify failed optional dependency /var/www/alkarrar-app/node_modules/esbuild/node_modules/@esbuild/android-x64
740 silly reify mark deleted [
740 silly reify   '/var/www/alkarrar-app/node_modules/esbuild/node_modules/@esbuild/android-x64'
740 silly reify ]
741 verbose reify failed optional dependency /var/www/alkarrar-app/node_modules/esbuild/node_modules/@esbuild/android-arm64
742 silly reify mark deleted [
742 silly reify   '/var/www/alkarrar-app/node_modules/esbuild/node_modules/@esbuild/android-arm64'
742 silly reify ]
743 verbose reify failed optional dependency /var/www/alkarrar-app/node_modules/esbuild/node_modules/@esbuild/android-arm
744 silly reify mark deleted [
744 silly reify   '/var/www/alkarrar-app/node_modules/esbuild/node_modules/@esbuild/android-arm'
744 silly reify ]
745 http fetch POST 200 https://registry.npmjs.org/-/npm/v1/security/advisories/bulk 317ms
746 silly audit report {
746 silly audit report   '@xmldom/xmldom': [
746 silly audit report     {
746 silly audit report       id: 1158517,
746 silly audit report       url: 'https://github.com/advisories/GHSA-6gmq-8vp8-gcm6',
746 silly audit report       title: 'xmldom: XML fragment injection via invalid EntityReference.nodeName during requireWellFormed serialization',
746 silly audit report       severity: 'moderate',
746 silly audit report       vulnerable_versions: '>=0.9.0 <=0.9.11',
746 silly audit report       cwe: [Array],
746 silly audit report       cvss: [Object]
746 silly audit report     },
746 silly audit report     {
746 silly audit report       id: 1193671,
746 silly audit report       url: 'https://github.com/advisories/GHSA-6mj3-qw4j-hgrw',
746 silly audit report       title: 'xmldom: HTML raw-text closing-tag case mismatch causes output amplification',
746 silly audit report       severity: 'high',
746 silly audit report       vulnerable_versions: '>=0.9.0-beta.1 <=0.9.11',
746 silly audit report       cwe: [Array],
746 silly audit report       cvss: [Object]
746 silly audit report     },
746 silly audit report     {
746 silly audit report       id: 1193687,
746 silly audit report       url: 'https://github.com/advisories/GHSA-g53g-w8rj-fmg7',
746 silly audit report       title: 'xmldom PI grammar regex ReDoS: quadratic backtracking on unterminated processing instructions',
746 silly audit report       severity: 'high',
746 silly audit report       vulnerable_versions: '>=0.9.0-beta.9 <=0.9.10',
746 silly audit report       cwe: [Array],
746 silly audit report       cvss: [Object]
746 silly audit report     },
746 silly audit report     {
746 silly audit report       id: 1193690,
746 silly audit report       url: 'https://github.com/advisories/GHSA-w2rr-34g9-rvrj',
746 silly audit report       title: 'xmldom: Element name injection via createElement() bypasses requireWellFormed',
746 silly audit report       severity: 'high',
746 silly audit report       vulnerable_versions: '>=0.9.0 <=0.9.10',
746 silly audit report       cwe: [Array],
746 silly audit report       cvss: [Object]
746 silly audit report     },
746 silly audit report     {
746 silly audit report       id: 1193693,
746 silly audit report       url: 'https://github.com/advisories/GHSA-4w3w-2rp5-g8jm',
746 silly audit report       title: 'xmldom: Attribute name injection via setAttribute() bypasses requireWellFormed',
746 silly audit report       severity: 'high',
746 silly audit report       vulnerable_versions: '>=0.9.0 <=0.9.10',
746 silly audit report       cwe: [Array],
746 silly audit report       cvss: [Object]
746 silly audit report     },
746 silly audit report     {
746 silly audit report       id: 1193695,
746 silly audit report       url: 'https://github.com/advisories/GHSA-c7q8-3ch8-vqpv',
746 silly audit report       title: 'xmldom: Processing Instruction Target Injection Bypasses requireWellFormed',
746 silly audit report       severity: 'high',
746 silly audit report       vulnerable_versions: '>=0.9.0 <=0.9.11',
746 silly audit report       cwe: [Array],
746 silly audit report       cvss: [Object]
746 silly audit report     },
746 silly audit report     {
746 silly audit report       id: 1193699,
746 silly audit report       url: 'https://github.com/advisories/GHSA-27p8-2357-5qqv',
746 silly audit report       title: 'xmldom: DocType `name` Injection Bypasses requireWellFormed',
746 silly audit report       severity: 'high',
746 silly audit report       vulnerable_versions: '>=0.9.0 <=0.9.11',
746 silly audit report       cwe: [Array],
746 silly audit report       cvss: [Object]
746 silly audit report     },
746 silly audit report     {
746 silly audit report       id: 1193701,
746 silly audit report       url: 'https://github.com/advisories/GHSA-3px3-54cx-rmw9',
746 silly audit report       title: 'xmldom: Creation-time XML Name/QName validation is bypassable via an embedded line terminator, allowing injection on the default serialization path',
746 silly audit report       severity: 'high',
746 silly audit report       vulnerable_versions: '>=0.9.0 <=0.9.11',
746 silly audit report       cwe: [Array],
746 silly audit report       cvss: [Object]
746 silly audit report     },
746 silly audit report     {
746 silly audit report       id: 1193702,
746 silly audit report       url: 'https://github.com/advisories/GHSA-vr34-hp96-76pp',
746 silly audit report       title: 'xmldom: requireWellFormed DocType publicId/systemId validation is bypassable via an embedded line terminator',
746 silly audit report       severity: 'high',
746 silly audit report       vulnerable_versions: '>=0.9.10 <=0.9.11',
746 silly audit report       cwe: [Array],
746 silly audit report       cvss: [Object]
746 silly audit report     },
746 silly audit report     {
746 silly audit report       id: 1193704,
746 silly audit report       url: 'https://github.com/advisories/GHSA-6h8r-xr42-gp59',
746 silly audit report       title: 'xmldom: Parser silently accepts a not-well-formed end tag whose name is followed by a line break and trailing content',
746 silly audit report       severity: 'moderate',
746 silly audit report       vulnerable_versions: '>=0.9.0 <=0.9.11',
746 silly audit report       cwe: [Array],
746 silly audit report       cvss: [Object]
746 silly audit report     },
746 silly audit report     {
746 silly audit report       id: 1193707,
746 silly audit report       url: 'https://github.com/advisories/GHSA-8344-3jmq-59r6',
746 silly audit report       title: 'xmldom: Quadratic-time attribute deduplication',
746 silly audit report       severity: 'high',
746 silly audit report       vulnerable_versions: '>=0.9.0 <=0.9.11',
746 silly audit report       cwe: [Array],
746 silly audit report       cvss: [Object]
746 silly audit report     },
746 silly audit report     {
746 silly audit report       id: 1193711,
746 silly audit report       url: 'https://github.com/advisories/GHSA-965w-775f-mr7g',
746 silly audit report       title: 'xmldom: Quadratic-memory consumption',
746 silly audit report       severity: 'high',
746 silly audit report       vulnerable_versions: '>=0.9.0 <=0.9.11',
746 silly audit report       cwe: [Array],
746 silly audit report       cvss: [Object]
746 silly audit report     },
746 silly audit report     {
746 silly audit report       id: 1193714,
746 silly audit report       url: 'https://github.com/advisories/GHSA-93r5-fhx6-vmg9',
746 silly audit report       title: 'xmldom: Quadratic-time parsing via the malformed-input recovery path — `parseElementStartPart` re-scan and `normalize()` adjacent-text merge',
746 silly audit report       severity: 'high',
746 silly audit report       vulnerable_versions: '>=0.9.0 <=0.9.11',
746 silly audit report       cwe: [Array],
746 silly audit report       cvss: [Object]
746 silly audit report     }
746 silly audit report   ],
746 silly audit report   'brace-expansion': [
746 silly audit report     {
746 silly audit report       id: 1130734,
746 silly audit report       url: 'https://github.com/advisories/GHSA-rgw5-rvv9-x895',
746 silly audit report       title: 'brace-expansion: DoS via unbounded intermediate arrays, bypassing the CVE-2026-14257 mitigation',
746 silly audit report       severity: 'high',
746 silly audit report       vulnerable_versions: '>=4.0.0 <5.0.9',
746 silly audit report       cwe: [Array],
746 silly audit report       cvss: [Object]
746 silly audit report     }
746 silly audit report   ],
746 silly audit report   dompurify: [
746 silly audit report     {
746 silly audit report       id: 1138538,
746 silly audit report       url: 'https://github.com/advisories/GHSA-55q2-fjhq-7xh7',
746 silly audit report       title: 'DOMPurify: IN_PLACE hook removal leaves a detached subtree executable, causing XSS',
746 silly audit report       severity: 'moderate',
746 silly audit report       vulnerable_versions: '<=3.4.12',
746 silly audit report       cwe: [Array],
746 silly audit report       cvss: [Object]
746 silly audit report     }
746 silly audit report   ],
746 silly audit report   esbuild: [
746 silly audit report     {
746 silly audit report       id: 1102341,
746 silly audit report       url: 'https://github.com/advisories/GHSA-67mh-4wv8-2f99',
746 silly audit report       title: 'esbuild enables any website to send any requests to the development server and read the response',
746 silly audit report       severity: 'moderate',
746 silly audit report       vulnerable_versions: '<=0.24.2',
746 silly audit report       cwe: [Array],
746 silly audit report       cvss: [Object]
746 silly audit report     }
746 silly audit report   ],
746 silly audit report   nanoid: [
746 silly audit report     {
746 silly audit report       id: 1139427,
746 silly audit report       url: 'https://github.com/advisories/GHSA-2v37-7h3g-55p8',
746 silly audit report       title: 'nanoid: custom generators can loop indefinitely when size is zero',
746 silly audit report       severity: 'high',
746 silly audit report       vulnerable_versions: '<3.3.18',
746 silly audit report       cwe: [Array],
746 silly audit report       cvss: [Object]
746 silly audit report     }
746 silly audit report   ],
746 silly audit report   postcss: [
746 silly audit report     {
746 silly audit report       id: 1130709,
746 silly audit report       url: 'https://github.com/advisories/GHSA-fxqj-rqcc-2cmp',
746 silly audit report       title: 'PostCSS: incomplete fix of GHSA-6g55-p6wh-862q — attacker-controlled sourceMappingURL reads arbitrary .map files when `from` is unset',
746 silly audit report       severity: 'moderate',
746 silly audit report       vulnerable_versions: '<=8.5.22',
746 silly audit report       cwe: [Array],
746 silly audit report       cvss: [Object]
746 silly audit report     }
746 silly audit report   ],
746 silly audit report   qs: [
746 silly audit report     {
746 silly audit report       id: 1158506,
746 silly audit report       url: 'https://github.com/advisories/GHSA-x5fp-wj9c-mxmx',
746 silly audit report       title: 'qs array-limit bypass via bracket-key comma parsing',
746 silly audit report       severity: 'moderate',
746 silly audit report       vulnerable_versions: '>=6.14.2 <=6.15.3',
746 silly audit report       cwe: [Array],
746 silly audit report       cvss: [Object]
746 silly audit report     },
746 silly audit report     {
746 silly audit report       id: 1158507,
746 silly audit report       url: 'https://github.com/advisories/GHSA-4mjr-xmp4-gh2g',
746 silly audit report       title: 'qs: Denial of Service via Attacker Controlled isBuffer',
746 silly audit report       severity: 'moderate',
746 silly audit report       vulnerable_versions: '>=2.2.5 <6.16.0',
746 silly audit report       cwe: [Array],
746 silly audit report       cvss: [Object]
746 silly audit report     }
746 silly audit report   ]
746 silly audit report }
747 silly packumentCache corgi:https://registry.npmjs.org/@xmldom%2fxmldom cache-miss
748 silly packumentCache corgi:https://registry.npmjs.org/brace-expansion cache-miss
749 silly packumentCache corgi:https://registry.npmjs.org/dompurify cache-miss
750 silly packumentCache corgi:https://registry.npmjs.org/esbuild cache-miss
751 silly packumentCache corgi:https://registry.npmjs.org/nanoid cache-miss
752 silly packumentCache corgi:https://registry.npmjs.org/postcss cache-miss
753 silly packumentCache corgi:https://registry.npmjs.org/qs cache-miss
754 http fetch GET 200 https://registry.npmjs.org/@xmldom%2fxmldom 473ms (cache revalidated)
755 silly packumentCache corgi:https://registry.npmjs.org/@xmldom%2fxmldom set size:77588 disposed:false
756 http fetch GET 200 https://registry.npmjs.org/dompurify 476ms (cache revalidated)
757 silly packumentCache corgi:https://registry.npmjs.org/dompurify set size:259707 disposed:false
758 http fetch GET 200 https://registry.npmjs.org/qs 502ms (cache revalidated)
759 silly packumentCache corgi:https://registry.npmjs.org/qs set size:149425 disposed:false
760 http fetch GET 200 https://registry.npmjs.org/nanoid 520ms (cache revalidated)
761 silly packumentCache corgi:https://registry.npmjs.org/nanoid set size:159237 disposed:false
762 http fetch GET 200 https://registry.npmjs.org/postcss 527ms (cache revalidated)
763 silly packumentCache corgi:https://registry.npmjs.org/postcss set size:357674 disposed:false
764 http fetch GET 200 https://registry.npmjs.org/brace-expansion 558ms (cache updated)
765 silly packumentCache corgi:https://registry.npmjs.org/brace-expansion set size:undefined disposed:false
766 http fetch GET 200 https://registry.npmjs.org/esbuild 580ms (cache revalidated)
767 silly packumentCache corgi:https://registry.npmjs.org/esbuild set size:889133 disposed:false
768 silly packumentCache corgi:https://registry.npmjs.org/plist cache-miss
769 http fetch GET 200 https://registry.npmjs.org/plist 22ms (cache revalidated)
770 silly packumentCache corgi:https://registry.npmjs.org/plist set size:22833 disposed:false
771 silly packumentCache corgi:https://registry.npmjs.org/minimatch cache-miss
772 http fetch GET 200 https://registry.npmjs.org/minimatch 27ms (cache revalidated)
773 silly packumentCache corgi:https://registry.npmjs.org/minimatch set size:169442 disposed:false
774 silly packumentCache corgi:https://registry.npmjs.org/jspdf cache-miss
775 http fetch GET 200 https://registry.npmjs.org/jspdf 25ms (cache revalidated)
776 silly packumentCache corgi:https://registry.npmjs.org/jspdf set size:68277 disposed:false
777 silly packumentCache corgi:https://registry.npmjs.org/@esbuild-kit%2fcore-utils cache-miss
778 http fetch GET 200 https://registry.npmjs.org/@esbuild-kit%2fcore-utils 39ms (cache revalidated)
779 silly packumentCache corgi:https://registry.npmjs.org/@esbuild-kit%2fcore-utils set size:50200 disposed:false
780 silly packumentCache corgi:https://registry.npmjs.org/autoprefixer cache-miss
781 silly packumentCache corgi:https://registry.npmjs.org/vite cache-miss
782 http fetch GET 200 https://registry.npmjs.org/autoprefixer 63ms (cache updated)
783 silly packumentCache corgi:https://registry.npmjs.org/autoprefixer set size:undefined disposed:false
784 http fetch GET 200 https://registry.npmjs.org/vite 114ms (cache revalidated)
785 silly packumentCache corgi:https://registry.npmjs.org/vite set size:2307868 disposed:false
786 silly packumentCache corgi:https://registry.npmjs.org/body-parser cache-miss
787 silly packumentCache corgi:https://registry.npmjs.org/express cache-miss
788 http fetch GET 200 https://registry.npmjs.org/body-parser 34ms (cache revalidated)
789 silly packumentCache corgi:https://registry.npmjs.org/body-parser set size:82509 disposed:false
790 http fetch GET 200 https://registry.npmjs.org/express 39ms (cache updated)
791 silly packumentCache corgi:https://registry.npmjs.org/express set size:undefined disposed:false
792 silly packumentCache corgi:https://registry.npmjs.org/@esbuild-kit%2fesm-loader cache-miss
793 http fetch GET 200 https://registry.npmjs.org/@esbuild-kit%2fesm-loader 184ms (cache revalidated)
794 silly packumentCache corgi:https://registry.npmjs.org/@esbuild-kit%2fesm-loader set size:48382 disposed:false
795 silly packumentCache corgi:https://registry.npmjs.org/drizzle-kit cache-miss
796 http fetch GET 200 https://registry.npmjs.org/drizzle-kit 63ms (cache revalidated)
797 silly packumentCache corgi:https://registry.npmjs.org/drizzle-kit set size:1241444 disposed:false
798 silly ADD
799 silly ADD
800 silly ADD
801 silly ADD
802 silly ADD
803 silly ADD
804 silly ADD
805 silly ADD
806 silly ADD
807 silly ADD
808 silly ADD
809 silly ADD
810 silly ADD
811 silly ADD
812 silly ADD
813 silly ADD
814 silly ADD
815 silly ADD
816 silly ADD
817 silly ADD
818 silly ADD
819 silly ADD
820 silly ADD
821 silly ADD
822 silly ADD
823 silly ADD
824 silly ADD
825 silly ADD
826 silly ADD
827 silly ADD
828 silly ADD
829 silly ADD
830 silly ADD
831 silly ADD
832 silly ADD
833 silly ADD
834 silly ADD
835 silly ADD
836 silly ADD
837 silly ADD
838 silly ADD
839 silly ADD
840 silly ADD
841 silly ADD
842 silly ADD
843 silly ADD
844 silly ADD
845 silly ADD
846 silly ADD
847 silly ADD
848 silly REMOVE node_modules/iceberg-js
849 silly ADD
850 silly ADD
851 silly ADD
852 silly ADD
853 silly ADD
854 silly ADD
855 silly ADD
856 silly ADD
857 silly ADD
858 silly ADD
859 silly ADD
860 silly ADD
861 silly ADD
862 silly ADD
863 silly ADD
864 silly ADD
865 silly ADD
866 silly ADD
867 silly ADD
868 silly ADD
869 silly ADD
870 silly REMOVE node_modules/@supabase/supabase-js
871 silly REMOVE node_modules/@supabase/storage-js
872 silly REMOVE node_modules/@supabase/realtime-js
873 silly REMOVE node_modules/@supabase/postgrest-js
874 silly REMOVE node_modules/@supabase/phoenix
875 silly REMOVE node_modules/@supabase/functions-js
876 silly REMOVE node_modules/@supabase/auth-js
877 verbose cwd /var/www/alkarrar-app
878 verbose os Linux 5.15.0-187-generic
879 verbose node v20.20.2
880 verbose npm  v10.8.2
881 verbose exit 0
882 info ok
